vel_media,vel_minima,pct_baixa_vel,pct_full_throttle,pct_freando,zonas_freio,pico_desac,pico_acel,circuito,ano,piloto
213.23772609819122,86.0,16.27906976744186,59.43152454780362,16.27906976744186,9,-38.3680555555553,15.046296296296395,Austin,2018,HAM
213.36855670103094,83.74,17.2680412371134,59.02061855670103,17.2680412371134,10,-37.192003719200805,15.046296296296171,Austin,2018,VET
213.37467700258398,78.86,17.31266149870801,59.17312661498708,18.863049095607234,11,-37.03703703703673,13.888888888888774,Austin,2018,RAI
211.59640102827763,85.0,17.223650385604113,58.61182519280206,15.424164524421593,9,-33.46819585574819,15.046296296296326,Austin,2018,BOT
210.46997389033942,87.0,15.66579634464752,62.40208877284596,14.360313315926893,9,-33.56481481481453,15.046296296296171,Austin,2018,RIC
209.1620253164557,85.94,16.70886075949367,55.44303797468354,18.734177215189874,13,-33.167495854062935,13.819789939192889,Austin,2018,OCO
208.71212121212122,82.95,16.414141414141415,61.61616161616161,17.424242424242426,10,-32.40740740740714,13.9470013946999,Austin,2018,HUL
209.3560606060606,80.0,17.67676767676768,60.60606060606061,17.17171717171717,11,-35.87962962962933,14.01295908879603,Austin,2018,GRO
208.53108808290156,82.55,18.393782383419687,58.2901554404145,16.321243523316063,10,-31.249999999999776,14.074074074074284,Austin,2018,LEC
207.85128205128206,81.89,17.17948717948718,56.92307692307692,16.666666666666664,9,-30.37037037037043,13.888888888888914,Austin,2018,PER
208.3298969072165,84.0,17.010309278350515,58.76288659793815,18.556701030927837,10,-34.72222222222194,13.888888888889186,Austin,2018,SAI
208.39331619537276,83.88,17.994858611825194,58.61182519280206,18.76606683804627,11,-37.03703703703673,13.888888888888877,Austin,2018,MAG
207.82097186700767,82.9,17.647058823529413,59.590792838874684,15.601023017902813,11,-32.40740740740738,12.731481481481755,Austin,2018,GAS
206.90816326530611,80.0,18.112244897959183,54.08163265306123,15.561224489795919,9,-37.037037037037,12.98912185106271,Austin,2018,HAR
207.8137755102041,84.0,16.83673469387755,61.73469387755102,15.561224489795919,9,-32.4074074074081,14.00462962962954,Austin,2018,VER
206.50507614213197,80.0,18.02030456852792,58.37563451776649,19.289340101522843,9,-35.87962962962933,15.04629629629577,Austin,2018,ALO
206.75063613231552,78.92,18.575063613231553,56.99745547073791,19.59287531806616,9,-35.87962962962933,13.978174603174843,Austin,2018,SIR
206.9796954314721,75.0,17.766497461928935,56.598984771573605,19.543147208121827,11,-36.02975360297578,12.731481481481376,Austin,2018,STR
206.15776081424937,83.92,19.338422391857506,54.19847328244275,15.267175572519085,10,-31.25000000000009,12.784751278475278,Austin,2018,ERI
205.853164556962,80.94,17.468354430379744,58.22784810126582,17.21518987341772,10,-33.167495854062935,13.888888888889186,Austin,2018,VAN
213.5,85.85,16.06217616580311,60.362694300518136,16.83937823834197,9,-35.303347280335245,13.947001394699887,Austin,2019,BOT
213.59948320413437,81.86,17.31266149870801,61.49870801033591,17.829457364341085,11,-30.092592592592567,17.36111111111097,Austin,2019,VET
214.01288659793815,85.87,15.463917525773196,62.11340206185567,17.2680412371134,9,-32.543003254300345,17.585619091895158,Austin,2019,VER
213.66149870801033,81.86,16.020671834625322,60.98191214470285,16.27906976744186,11,-38.695411829740095,13.8399031811894,Austin,2019,LEC
213.4559585492228,82.85,15.544041450777202,59.84455958549223,16.580310880829018,9,-43.98148148148242,15.056369130637192,Austin,2019,HAM
212.35658914728683,82.86,16.020671834625322,57.105943152454785,16.795865633074936,9,-33.564814814814895,16.20370370370405,Austin,2019,ALB
211.01295336787564,83.55,16.83937823834197,61.398963730569946,17.098445595854923,9,-35.8796296296296,13.888888888888877,Austin,2019,SAI
210.73027989821884,82.0,16.793893129770993,59.796437659033074,15.776081424936386,13,-34.93055555555562,15.046296296296212,Austin,2019,NOR
212.6755319148936,87.0,15.957446808510639,60.90425531914894,15.691489361702127,10,-33.44955834495551,13.903998140399969,Austin,2019,RIC
210.75710594315245,83.72,16.5374677002584,58.39793281653747,15.245478036175712,8,-34.72222222222232,14.756944444444432,Austin,2019,GAS
209.98969072164948,85.0,17.2680412371134,60.824742268041234,16.237113402061855,9,-32.73809523809521,13.88888888888843,Austin,2019,HUL
210.3496143958869,80.88,17.223650385604113,57.84061696658098,19.02313624678663,10,-34.01620370370363,13.888888888889186,Austin,2019,MAG
209.5706940874036,80.88,17.480719794344473,60.15424164524421,17.223650385604113,10,-34.72222222222219,15.046296296296395,Austin,2019,KVY
209.23393316195373,83.88,17.223650385604113,55.52699228791774,19.53727506426735,13,-30.543981481481552,13.888888888888877,Austin,2019,STR
210.21227621483376,80.9,16.36828644501279,63.42710997442455,19.18158567774936,14,-31.25000000000009,15.046296296296171,Austin,2019,GRO
209.34102564102565,81.89,17.94871794871795,58.20512820512821,17.692307692307693,10,-35.87962962962933,15.14550264550263,Austin,2019,GIO
208.769820971867,77.0,17.647058823529413,58.567774936061376,19.437340153452684,11,-31.249999999999766,13.888888888888873,Austin,2019,RAI
206.1620253164557,80.94,18.227848101265824,58.48101265822785,19.746835443037973,10,-31.24999999999997,15.046296296296617,Austin,2019,RUS
204.9035532994924,81.72,18.781725888324875,55.58375634517766,16.751269035532996,9,-32.49999999999973,15.046296296296171,Austin,2019,PER
205.17929292929293,79.0,18.68686868686869,56.313131313131315,18.434343434343432,10,-33.634259259258975,13.068770729685198,Austin,2019,KUB
210.8372093023256,82.0,15.762273901808785,60.20671834625323,16.27906976744186,9,-30.092592592592375,13.888888888888877,Austin,2021,VER
210.57364341085272,82.0,16.020671834625322,57.36434108527132,17.05426356589147,9,-38.19444444444456,14.062499999999945,Austin,2021,HAM
210.340206185567,79.87,16.49484536082474,60.824742268041234,16.49484536082474,8,-32.40740740740738,15.046296296296283,Austin,2021,PER
209.8611825192802,79.88,16.452442159383033,58.09768637532133,17.480719794344473,12,-34.72222222222232,16.20370370370357,Austin,2021,BOT
209.5655526992288,80.88,16.195372750642672,58.354755784061695,17.737789203084834,15,-32.4074074074081,13.888888888889186,Austin,2021,LEC
209.21994884910487,79.0,15.856777493606138,58.82352941176471,16.11253196930946,10,-38.194444444444414,12.731481481481472,Austin,2021,SAI
209.04358974358973,78.78,17.435897435897434,0.7692307692307693,16.666666666666664,9,-33.84259259259231,15.046296296296617,Austin,2021,RIC
208.8695652173913,78.9,16.879795396419436,55.24296675191815,18.414322250639387,12,-39.35185185185153,14.067923833875863,Austin,2021,NOR
208.48081841432224,80.0,17.135549872122763,56.52173913043478,15.089514066496163,8,-35.87962962962933,14.01620370370397,Austin,2021,GAS
206.34430379746834,79.0,17.21518987341772,57.21518987341773,16.962025316455694,10,-33.56481481481553,15.057179380873743,Austin,2021,TSU
205.9949494949495,79.0,17.17171717171717,48.484848484848484,18.68686868686869,12,-32.47685185185181,15.046296296296617,Austin,2021,OCO
206.03535353535352,81.0,17.424242424242426,54.7979797979798,18.68686868686869,10,-27.777777777778372,14.880952380952321,Austin,2021,VET
204.98992443324937,80.0,17.632241813602015,53.14861460957179,20.151133501259448,11,-37.03703703703673,13.888888888889186,Austin,2021,GIO
205.00250626566415,78.98,17.543859649122805,57.393483709273184,18.295739348370926,11,-31.24999999999974,15.046296296296171,Austin,2021,ALO
204.90931989924434,77.92,17.632241813602015,53.904282115869016,20.65491183879093,12,-38.194444444443,13.888888888889186,Austin,2021,RUS
204.21804511278197,76.98,17.543859649122805,54.63659147869674,19.548872180451127,10,-33.63425925925994,13.92361111111135,Austin,2021,STR
204.315,76.99,17.75,55.00000000000001,20.0,11,-42.82407407407372,13.90873015873013,Austin,2021,LAT
203.8778054862843,76.0,18.703241895261847,54.11471321695761,19.201995012468828,11,-31.27314814814881,17.361111111111484,Austin,2021,RAI
202.985,76.0,18.0,53.0,20.75,12,-32.40740740740738,13.888888888888774,Austin,2021,MSC
202.5099502487562,73.0,18.90547263681592,39.0547263681592,21.641791044776117,12,-35.87962962962933,12.731481481481376,Austin,2021,MAZ
206.21159420289854,80.44,17.391304347826086,56.811594202898554,20.28985507246377,18,-30.416666666666504,13.888888888888761,Austin,2023,LEC
207.45217391304348,79.88,17.391304347826086,51.8840579710145,18.84057971014493,9,-31.14814814814788,15.62499999999987,Austin,2023,NOR
205.90116279069767,80.15,17.441860465116278,56.104651162790695,19.476744186046513,9,-31.565656565656603,14.783950617284065,Austin,2023,HAM
206.49855072463768,83.0,17.971014492753625,56.231884057971016,20.579710144927535,11,-38.113317757009476,15.277777777777562,Austin,2023,SAI
205.86666666666667,80.32,17.681159420289855,58.550724637681164,18.26086956521739,10,-30.469576719576594,13.888888888888843,Austin,2023,RUS
206.38440860215053,82.71,17.741935483870968,59.13978494623656,18.548387096774192,12,-32.855436081242964,13.888888888888895,Austin,2023,VER
205.06764705882352,84.39,18.235294117647058,54.41176470588235,16.76470588235294,9,-27.777777777777843,13.88888888888869,Austin,2023,GAS
205.6831395348837,78.86,18.8953488372093,56.104651162790695,22.674418604651162,14,-32.407407407407504,15.046296296296523,Austin,2023,OCO
205.6268221574344,81.42,18.075801749271136,58.60058309037901,18.367346938775512,9,-30.864197530864246,13.590676087559087,Austin,2023,PER
207.70689655172413,82.47,17.52873563218391,16.091954022988507,17.81609195402299,9,-31.250000000000668,14.880952380952321,Austin,2023,PIA
206.09016393442624,82.0,17.759562841530055,57.103825136612016,17.21311475409836,9,-33.95061728395067,13.88888888888886,Austin,2023,TSU
205.48760330578511,81.24,18.457300275482094,56.74931129476584,17.90633608815427,10,-27.777777777777874,15.624999999999986,Austin,2023,ZHO
202.9010989010989,80.63,19.78021978021978,54.94505494505495,18.40659340659341,11,-35.641055400804134,14.756944444444432,Austin,2023,BOT
204.20708446866485,83.0,18.256130790190735,55.5858310626703,20.708446866485016,11,-33.321903420323515,14.880952380952321,Austin,2023,MAG
203.52328767123288,82.28,19.17808219178082,55.342465753424655,17.80821917808219,9,-30.409946236558966,13.888888888888834,Austin,2023,RIC
206.11267605633802,79.08,19.154929577464788,57.183098591549296,18.591549295774648,11,-34.72222222222219,14.355158730158568,Austin,2023,HUL
192.8567335243553,74.0,20.630372492836678,49.28366762177651,30.08595988538682,26,-17.954861111111132,12.119107744107476,Austin,2023,ALO
202.72099447513813,78.0,19.060773480662984,52.48618784530387,20.994475138121548,9,-36.45833333333331,14.660493827160227,Austin,2023,ALB
202.6809116809117,75.5,19.37321937321937,57.54985754985755,20.7977207977208,12,-27.777777777777832,14.394841269841447,Austin,2023,STR
200.47967479674796,75.68,20.05420054200542,54.74254742547425,19.51219512195122,13,-26.62037037037035,13.888888888888877,Austin,2023,SAR
212.2985507246377,86.44,17.101449275362317,59.130434782608695,15.36231884057971,9,-26.62037037037035,13.888888888889053,Austin,2024,NOR
209.6600566572238,85.52,18.413597733711047,61.47308781869688,18.13031161473088,11,-29.166666666666774,13.888888888888761,Austin,2024,VER
211.73760932944606,83.0,17.20116618075802,59.7667638483965,19.825072886297377,11,-29.513888888888864,13.888888888888937,Austin,2024,SAI
212.54046242774567,85.45,16.184971098265898,58.38150289017341,20.809248554913296,13,-34.212962962962386,13.976240391334827,Austin,2024,LEC
210.27377521613832,86.92,17.29106628242075,57.34870317002881,15.561959654178676,9,-36.111111111110596,15.277777777778105,Austin,2024,PIA
212.1457142857143,83.98,16.857142857142858,60.57142857142858,18.0,9,-35.41666666666679,15.027777777777759,Austin,2024,RUS
210.49717514124293,88.59,16.666666666666664,59.6045197740113,17.231638418079097,10,-29.046296296296607,14.644600207684181,Austin,2024,GAS
210.79444444444445,86.0,16.666666666666664,60.0,16.944444444444446,9,-39.06250000000007,15.277777777777562,Austin,2024,ALO
210.47457627118644,84.53,16.666666666666664,58.19209039548022,18.64406779661017,11,-30.826648224988272,15.443121693121844,Austin,2024,MAG
210.0505617977528,85.1,17.696629213483146,59.8314606741573,18.820224719101123,11,-27.77777777777738,13.888888888888918,Austin,2024,PER
211.05248618784532,84.61,17.67955801104972,58.5635359116022,19.060773480662984,11,-34.72222222222245,15.416666666666385,Austin,2024,TSU
210.30422535211267,82.54,16.056338028169016,59.154929577464785,18.591549295774648,12,-32.73809523809511,13.888888888888806,Austin,2024,HUL
210.67409470752088,86.0,16.991643454038996,57.66016713091921,23.119777158774372,13,-33.23784722222186,15.046296296296617,Austin,2024,OCO
209.90368271954674,82.52,17.56373937677054,61.47308781869688,16.147308781869686,10,-34.626038781163714,13.888888888889184,Austin,2024,STR
208.4188034188034,83.5,17.663817663817664,56.69515669515669,20.22792022792023,11,-30.09259259259145,15.164351851851599,Austin,2024,LAW
207.06896551724137,81.0,16.954022988505745,51.724137931034484,20.977011494252874,10,-32.4074074074081,13.888888888889186,Austin,2024,ALB
207.70994475138122,81.22,16.85082872928177,55.24861878453039,20.441988950276244,11,-38.194444444444585,15.828373015872856,Austin,2024,COL
207.42735042735043,84.5,17.37891737891738,57.83475783475783,17.663817663817664,13,-26.250000000000043,17.86561981757901,Austin,2024,BOT
207.24788732394367,83.54,17.464788732394364,56.901408450704224,19.43661971830986,10,-26.26858264081266,15.067460317460172,Austin,2024,HAM
205.82608695652175,81.0,17.391304347826086,55.65217391304348,18.84057971014493,10,-30.75396825396813,15.624999999999986,Austin,2024,ZHO
211.69827586206895,84.47,14.655172413793101,58.333333333333336,17.81609195402299,9,-30.38194444444442,13.88888888888891,Austin,2025,VER
209.41055718475073,86.6,16.715542521994134,54.54545454545454,18.7683284457478,12,-27.777777777777754,13.888888888888877,Austin,2025,GAS
210.73352435530086,83.96,16.332378223495702,54.72779369627507,18.911174785100286,10,-29.986111111111146,15.768518518518322,Austin,2025,ANT
210.5,80.41,15.804597701149426,58.333333333333336,20.402298850574713,12,-35.70184604667364,13.888888888888815,Austin,2025,ALO
211.2231884057971,83.44,17.101449275362317,56.811594202898554,21.44927536231884,12,-36.111111111110596,15.100308641975326,Austin,2025,LEC
207.1728045325779,81.0,15.58073654390935,55.240793201133144,18.69688385269122,10,-34.08564814814798,15.046296296296617,Austin,2025,STR
211.47838616714697,83.46,14.985590778097983,57.34870317002881,18.155619596541786,11,-31.74603174603162,13.888888888888877,Austin,2025,TSU
207.0635838150289,77.45,18.20809248554913,52.89017341040463,21.965317919075144,12,-31.74603174603162,13.88888888888905,Austin,2025,ALB
212.34375,82.51,16.477272727272727,56.53409090909091,18.75,12,-32.87037037037078,13.888888888888847,Austin,2025,HUL
209.05307262569832,86.0,17.039106145251395,55.865921787709496,18.156424581005588,11,-28.598484848484674,15.624999999999986,Austin,2025,LAW
208.71929824561403,82.0,16.374269005847953,55.55555555555556,22.514619883040936,14,-32.92297979797941,13.507088520055351,Austin,2025,OCO
211.30747126436782,83.0,15.517241379310345,46.839080459770116,17.52873563218391,11,-31.94444444444456,13.888888888889186,Austin,2025,NOR
207.28197674418604,81.43,17.441860465116278,54.06976744186046,20.348837209302324,11,-31.38194444444484,15.87301587301581,Austin,2025,COL
210.8862973760933,85.26,16.3265306122449,55.39358600583091,19.533527696793,11,-35.08771929824571,13.888888888888859,Austin,2025,HAM
209.86297376093293,82.0,16.034985422740526,58.60058309037901,20.699708454810494,12,-31.24999999999974,15.277777777777642,Austin,2025,BOR
212.60281690140846,84.54,16.338028169014084,56.61971830985916,20.845070422535212,11,-34.722222222222086,14.756944444444432,Austin,2025,SAI
210.9882005899705,84.0,16.8141592920354,58.4070796460177,17.99410029498525,10,-30.38194444444442,15.046296296295726,Austin,2025,RUS
213.36857142857144,83.0,14.857142857142858,45.714285714285715,15.714285714285714,9,-33.56481481481453,13.88888888888869,Austin,2025,PIA
211.18475073313783,80.8,16.129032258064516,56.598240469208214,21.994134897360702,14,-29.96464646464619,14.756944444444432,Austin,2025,BEA
211.89361702127658,79.88,19.38534278959811,61.46572104018912,18.67612293144208,12,-34.549474847981,15.09603091585285,Baku,2018,VET
210.70212765957447,80.22,20.094562647754138,59.33806146572104,19.148936170212767,12,-32.40740740740744,13.888888888889186,Baku,2018,HAM
210.38443396226415,81.46000000000001,19.57547169811321,60.141509433962256,17.452830188679243,11,-38.194444444444485,15.046296296296617,Baku,2018,BOT
210.82075471698113,83.0,16.50943396226415,60.84905660377359,19.10377358490566,11,-29.02155887230507,13.947001394700095,Baku,2018,RIC
210.7341176470588,84.24,17.88235294117647,60.47058823529412,19.76470588235294,11,-30.09259259259145,14.793458468928662,Baku,2018,VER
210.08665105386416,79.78,19.437939110070257,59.01639344262295,17.798594847775178,11,-34.72222222222245,13.831258644536469,Baku,2018,RAI
209.5831381733021,79.78,19.906323185011708,59.01639344262295,22.01405152224824,13,-35.73075149838633,15.046296296296395,Baku,2018,OCO
209.43559718969556,79.26,19.906323185011708,60.88992974238876,19.20374707259953,11,-32.543003254300345,15.046296296296617,Baku,2018,PER
208.48717948717947,80.28,20.04662004662005,61.53846153846154,18.88111888111888,12,-31.249999999998817,15.046296296296132,Baku,2018,HUL
207.69605568445476,81.3,19.721577726218097,59.39675174013921,20.649651972157773,11,-32.27293683725218,13.888888888889186,Baku,2018,SAI
207.61805555555554,76.86,21.99074074074074,59.49074074074075,21.52777777777778,13,-30.092592592593235,13.888888888888774,Baku,2018,STR
206.83333333333334,76.24000000000001,21.75925925925926,59.25925925925925,19.90740740740741,10,-32.06018518518537,13.888888888889186,Baku,2018,SIR
206.51157407407408,79.31,21.064814814814813,59.72222222222222,20.833333333333336,13,-28.58796296296304,13.888888888888651,Baku,2018,ALO
207.04408352668213,79.3,20.417633410672853,61.48491879350348,19.953596287703014,12,-31.736111111111107,13.888888888889186,Baku,2018,LEC
207.22969837587007,78.6,21.34570765661253,60.092807424593964,20.417633410672853,11,-34.72222222222194,13.888888888889097,Baku,2018,MAG
205.42528735632183,79.02,21.149425287356323,54.252873563218394,19.770114942528735,12,-33.95833333333337,13.888888888889186,Baku,2018,VAN
205.65437788018434,78.99,20.276497695852534,61.05990783410138,18.89400921658986,11,-31.66666666666702,15.046296296296171,Baku,2018,GAS
203.8883826879271,79.0,22.55125284738041,59.453302961275625,17.995444191343964,10,-31.25000000000003,13.888888888889186,Baku,2018,ERI
183.24081632653062,69.78,30.0,43.06122448979592,19.79591836734694,10,-25.601851851852004,12.731481481481472,Baku,2018,HAR
213.78365384615384,78.3,17.307692307692307,64.42307692307693,17.307692307692307,11,-37.037037037037074,15.109251510924878,Baku,2019,BOT
213.46153846153845,82.75,18.269230769230766,61.057692307692314,17.78846153846154,12,-28.935185185185162,16.041666666666565,Baku,2019,HAM
213.0,80.45,17.78846153846154,62.74038461538461,18.509615384615387,12,-34.56018518518501,16.1574074074077,Baku,2019,VET
212.67541766109784,82.53999999999999,15.990453460620524,63.24582338902148,17.899761336515514,13,-35.879629629629555,14.849537037037301,Baku,2019,VER
211.6579572446556,79.2,19.002375296912113,61.04513064133017,19.95249406175772,11,-31.25000000000003,13.888888888888877,Baku,2019,PER
211.52619047619046,81.76,17.38095238095238,63.095238095238095,17.857142857142858,11,-34.72222222222219,13.888888888889186,Baku,2019,KVY
210.9477434679335,80.4,18.28978622327791,62.23277909738717,17.577197149643705,11,-31.03009259259242,16.739417989418,Baku,2019,NOR
211.01187648456056,77.0,19.95249406175772,58.66983372921615,20.19002375296912,11,-32.407407407407405,15.046296296296086,Baku,2019,GIO
211.5250596658711,76.72,19.331742243436754,60.859188544152744,20.047732696897373,12,-33.56481481481478,16.20370370370405,Baku,2019,LEC
210.7183770883055,80.36,20.286396181384248,60.14319809069213,18.377088305489263,10,-32.21064814814788,15.046296296296283,Baku,2019,SAI
209.5744680851064,81.66,18.67612293144208,60.99290780141844,17.73049645390071,11,-32.16435185185241,13.888888888889143,Baku,2019,RIC
210.19477434679334,77.8,19.47743467933492,60.09501187648456,19.239904988123516,10,-32.18750000000002,13.888888888889127,Baku,2019,ALB
210.083135391924,77.8,19.95249406175772,60.09501187648456,19.71496437054632,11,-34.9999999999997,13.888888888889186,Baku,2019,MAG
209.281990521327,81.0,20.61611374407583,60.426540284360186,18.246445497630333,12,-35.052910052909816,15.046296296295726,Baku,2019,STR
207.84976525821597,78.5,21.830985915492956,59.154929577464785,18.07511737089202,11,-34.722222222222086,17.36111111111097,Baku,2019,GRO
207.91079812206573,79.75,21.12676056338028,61.03286384976526,19.014084507042252,11,-27.77777777777796,13.888888888889186,Baku,2019,HUL
204.28240740740742,78.17,22.22222222222222,60.64814814814815,20.833333333333336,11,-33.56481481481553,13.888888888889186,Baku,2019,RUS
203.7816091954023,76.36,21.379310344827587,60.91954022988506,20.0,12,-29.056252905625197,13.888888888888815,Baku,2019,KUB
210.78333333333333,80.19,20.476190476190474,59.04761904761905,19.28571428571429,11,-31.24007936507938,13.888888888889154,Baku,2019,RAI
211.8133971291866,79.51,17.22488038277512,60.28708133971292,16.028708133971293,10,-34.72222222222245,14.86111111111135,Baku,2019,GAS
211.63571428571427,82.14,16.904761904761905,61.904761904761905,18.095238095238095,14,-34.72222222222091,14.983863531581395,Baku,2021,LEC
210.9245283018868,80.46000000000001,18.632075471698112,61.79245283018868,18.39622641509434,12,-37.17592592592591,15.046296296296617,Baku,2021,HAM
211.09478672985782,81.63,17.298578199052134,62.08530805687204,19.66824644549763,12,-33.56481481481503,13.888888888888959,Baku,2021,VER
210.98345153664303,81.44,17.96690307328605,62.88416075650118,16.78486997635934,11,-34.50865876336593,14.803240740740664,Baku,2021,GAS
210.67298578199052,81.47,17.77251184834123,62.08530805687204,18.009478672985782,12,-31.38075313807568,15.033809743353217,Baku,2021,SAI
210.63593380614657,81.22,17.96690307328605,62.4113475177305,17.02127659574468,12,-33.07870370370377,15.046296296296617,Baku,2021,NOR
210.9078014184397,79.66,17.494089834515368,61.702127659574465,19.62174940898345,11,-32.40740740740744,15.046296296296617,Baku,2021,PER
210.7867298578199,82.63,18.009478672985782,63.03317535545023,16.824644549763033,11,-37.037037037037,13.888888888889124,Baku,2021,TSU
209.96713615023475,80.5,19.953051643192488,63.14553990610329,18.30985915492958,10,-30.092592592593235,13.888888888889186,Baku,2021,ALO
209.92216981132074,79.92,18.867924528301888,61.79245283018868,18.160377358490564,11,-33.564814814814845,15.046296296296568,Baku,2021,BOT
210.06103286384976,82.5,19.483568075117372,60.093896713615024,19.483568075117372,11,-33.05555555555557,15.046296296296537,Baku,2021,VET
209.06338028169014,84.0,18.544600938967136,59.624413145539904,19.248826291079812,13,-30.092592592592567,15.046296296296065,Baku,2021,OCO
209.95539906103286,79.0,18.779342723004692,59.859154929577464,18.07511737089202,10,-29.814814814815247,13.888888888889186,Baku,2021,RIC
209.32159624413146,81.5,19.014084507042252,60.093896713615024,17.84037558685446,12,-32.74790919952237,13.888888888889186,Baku,2021,RAI
208.7775175644028,79.03999999999999,19.437939110070257,59.95316159250586,18.735362997658083,10,-38.19444444444413,15.030688105117477,Baku,2021,RUS
0.0,0.0,100.0,0.0,0.0,0,0.0,0.0,Baku,2021,LAT
206.18055555555554,78.62,21.296296296296298,57.17592592592593,20.833333333333336,11,-34.83796296296319,15.046296296296171,Baku,2021,MSC
206.2309468822171,80.64,21.709006928406467,58.429561200923786,21.016166281755197,11,-26.6203703703704,13.888888888889186,Baku,2021,MAZ
210.98469387755102,89.37,18.367346938775512,63.01020408163265,19.897959183673468,14,-33.85416666666589,14.032898105478932,Baku,2023,LEC
213.05641025641026,89.67,17.435897435897434,62.30769230769231,21.53846153846154,12,-32.54300325430071,13.888888888888749,Baku,2023,VER
215.06598984771574,85.86,16.49746192893401,64.72081218274111,18.274111675126903,11,-31.3055555555549,14.93428912783733,Baku,2023,PER
214.23979591836735,85.64,18.112244897959183,62.5,20.66326530612245,12,-38.8888888888889,14.880952380952415,Baku,2023,SAI
212.55329949238578,87.72,17.512690355329948,61.16751269035533,17.766497461928935,12,-27.777777777777754,13.981481481481762,Baku,2023,HAM
212.06361323155215,82.6,18.06615776081425,62.34096692111959,20.35623409669211,12,-34.72222222222219,14.066771269177234,Baku,2023,ALO
208.8042328042328,83.77,18.51851851851852,60.317460317460316,18.51851851851852,10,-31.203703703703734,13.888888888888998,Baku,2023,NOR
211.4920634920635,82.77,17.724867724867725,62.43386243386243,19.576719576719576,10,-34.72222222222245,14.714678118229592,Baku,2023,TSU
209.54285714285714,80.36,17.92207792207792,62.5974025974026,20.51948051948052,14,-30.132936507936428,15.625000000000334,Baku,2023,STR
210.4421593830334,85.4,18.50899742930591,58.09768637532133,19.28020565552699,11,-34.72222222222173,13.88888888888894,Baku,2023,PIA
209.0131926121372,82.56,19.261213720316622,62.26912928759894,18.46965699208443,11,-30.75396825396813,13.888888888888834,Baku,2023,RUS
210.13730569948186,82.25,17.357512953367877,61.398963730569946,20.984455958549223,13,-31.166666666666675,13.888888888888937,Baku,2023,OCO
208.31865284974094,81.55,19.170984455958546,58.80829015544041,20.984455958549223,12,-30.555555555555532,14.880952380952321,Baku,2023,ALB
210.4296875,88.98,19.791666666666664,62.760416666666664,18.75,11,-35.138888888888914,15.277777777778105,Baku,2023,BOT
208.61197916666666,83.32,20.572916666666664,60.15625,18.75,12,-37.87808641975313,14.0850083752095,Baku,2023,SAR
206.12144702842377,83.58,21.705426356589147,59.9483204134367,18.863049095607234,12,-29.166666666666565,15.461033950617297,Baku,2023,ZHO
205.6135770234987,81.28,22.45430809399478,59.530026109660575,19.321148825065272,12,-30.55555555555621,14.733796296296312,Baku,2023,HUL
209.18798955613576,91.0,18.27676240208877,62.40208877284596,19.5822454308094,11,-30.092592592592567,15.277777777777562,Baku,2023,MAG
206.46564885496184,78.92,21.62849872773537,59.03307888040712,21.374045801526716,11,-27.77777777777738,13.186728395061737,Baku,2023,GAS
187.38262910798122,72.0,29.107981220657276,47.652582159624416,22.065727699530516,10,-23.358585858585982,12.499999999999822,Baku,2023,DEV
209.7719298245614,79.98,17.543859649122805,60.40100250626567,20.80200501253133,14,-33.33333333333331,13.888888888888937,Baku,2024,LEC
212.16582914572865,75.97,18.090452261306535,60.30150753768844,18.84422110552764,10,-35.59027777777775,13.888888888889184,Baku,2024,PIA
208.1453634085213,77.96,18.796992481203006,59.3984962406015,22.05513784461153,12,-31.30208333333398,16.203703703703702,Baku,2024,SAI
209.3873417721519,76.88,18.9873417721519,62.53164556962025,18.734177215189874,11,-34.72222222222235,15.062500000000282,Baku,2024,PER
210.89141414141415,80.6,18.68686868686869,60.1010101010101,19.696969696969695,12,-38.1944444444447,16.231481481481794,Baku,2024,RUS
209.1105527638191,81.94,18.592964824120603,61.30653266331658,20.85427135678392,12,-38.5995370370371,15.277777777777573,Baku,2024,VER
210.5,76.99,21.75,60.75000000000001,21.25,11,-30.28935185185183,14.756944444444432,Baku,2024,HAM
206.78227848101267,75.7,22.278481012658226,58.734177215189874,23.037974683544306,11,-33.64583333333337,13.942901234568174,Baku,2024,ALO
209.21761658031087,75.4,18.134715025906736,57.2538860103627,22.279792746113987,11,-31.74603174603162,14.944444444444347,Baku,2024,COL
207.87146529562983,76.76,20.308483290488432,58.86889460154242,20.822622107969153,12,-30.55555555555621,14.643518518518604,Baku,2024,ALB
207.88431876606683,79.76,20.308483290488432,58.86889460154242,20.822622107969153,11,-39.502314814814824,15.277777777777597,Baku,2024,BEA
206.306905370844,81.5,19.437340153452684,60.10230179028133,19.437340153452684,10,-30.92901234567911,15.739583333333464,Baku,2024,TSU
210.44329896907217,74.87,22.164948453608247,59.5360824742268,20.36082474226804,12,-34.35515873015861,15.277777777777834,Baku,2024,HUL
207.4570707070707,76.8,21.21212121212121,61.61616161616161,20.454545454545457,13,-37.75793650793636,15.62499999999964,Baku,2024,STR
207.36292428198433,75.64,20.10443864229765,60.835509138381205,20.626631853785902,10,-31.302083333332405,12.896825396825426,Baku,2024,RIC
209.19597989949747,75.91,19.849246231155778,61.30653266331658,18.592964824120603,11,-34.72222222222228,13.888888888889678,Baku,2024,GAS
207.39583333333334,77.66,21.09375,57.8125,21.354166666666664,12,-40.27777777777792,14.583333333333321,Baku,2024,NOR
206.20906801007555,76.84,22.670025188916874,59.44584382871536,21.158690176322416,12,-34.72222222222235,15.277777777778105,Baku,2024,BOT
205.83830845771143,79.03999999999999,22.388059701492537,57.711442786069654,21.890547263681594,12,-34.50655624568639,14.880952380952321,Baku,2024,ZHO
206.27390180878552,79.44,21.188630490956072,57.36434108527132,23.25581395348837,13,-32.11805555555553,13.88888888888869,Baku,2024,OCO
211.40625,84.32,17.96875,61.458333333333336,20.833333333333336,12,-33.33333333333286,13.888888888888781,Baku,2025,VER
207.67357512953367,83.95,19.4300518134715,60.880829015544045,18.134715025906736,11,-31.78003488252791,15.277777777778105,Baku,2025,GAS
209.58126721763085,80.86,19.834710743801654,59.22865013774105,19.55922865013774,11,-30.99537037037042,13.88888888888885,Baku,2025,ANT
208.48128342245988,80.19,19.518716577540108,60.962566844919785,20.855614973262032,13,-32.25506933836529,15.486111111111217,Baku,2025,ALO
210.3189189189189,83.69,20.54054054054054,60.54054054054055,19.72972972972973,14,-29.058641975308642,14.259259259259174,Baku,2025,LEC
209.9946949602122,80.32000000000001,18.30238726790451,61.53846153846154,20.424403183023873,14,-30.864197530864597,15.624999999999813,Baku,2025,STR
211.52574525745257,80.04,18.157181571815716,60.97560975609756,20.05420054200542,12,-28.409090909090914,14.61988304093579,Baku,2025,TSU
206.4857142857143,84.2,21.038961038961038,55.58441558441558,27.79220779220779,11,-32.78025793650795,14.880952380952415,Baku,2025,ALB
208.5345744680851,77.75,20.212765957446805,59.04255319148937,20.74468085106383,13,-32.75132275132332,13.888888888889186,Baku,2025,HUL
210.37190082644628,80.62,19.00826446280992,61.15702479338842,19.834710743801654,12,-32.63310185185187,14.340277777777917,Baku,2025,LAW
207.89920424403184,74.04,20.424403183023873,58.620689655172406,20.954907161803714,12,-28.819444444444454,15.769675925926002,Baku,2025,OCO
213.76533333333333,77.48,16.8,59.199999999999996,20.8,11,-35.257936507936506,15.15151515151523,Baku,2025,NOR
209.44416243654823,79.79,18.781725888324875,59.13705583756346,20.304568527918782,12,-34.72222222222142,16.20370370370358,Baku,2025,COL
207.74102564102563,78.78,20.256410256410255,56.666666666666664,22.30769230769231,13,-34.72222222222179,14.791666666666696,Baku,2025,HAM
211.42896174863387,80.95,19.94535519125683,62.02185792349727,19.94535519125683,11,-32.40740740740714,14.739858906525477,Baku,2025,BOR
210.911051212938,85.1,17.78975741239892,60.1078167115903,21.83288409703504,12,-33.56481481481478,13.888888888889031,Baku,2025,SAI
210.92411924119241,85.12,18.428184281842817,60.97560975609756,19.241192411924118,11,-34.46527777777784,13.901655834107178,Baku,2025,HAD
210.8423913043478,83.01,18.75,60.597826086956516,20.108695652173914,12,-30.44097222222206,15.277777777778105,Baku,2025,RUS
207.92265193370164,83.05,16.85082872928177,56.07734806629834,20.441988950276244,11,-33.950617283950635,15.108485351022571,Baku,2025,PIA
208.2340425531915,73.0,18.351063829787233,60.1063829787234,20.212765957446805,13,-30.753968253968324,14.14680207244853,Baku,2025,BEA
218.08253968253968,86.42,9.206349206349207,59.682539682539684,17.142857142857142,8,-33.66915422885562,12.331820673480951,Barcelona,2018,HAM
217.98726114649682,87.39,9.554140127388536,62.101910828025474,14.968152866242038,8,-27.638888888888754,15.925925925925412,Barcelona,2018,BOT
218.83227848101265,87.15,9.49367088607595,62.9746835443038,16.77215189873418,9,-37.03703703703673,14.742063492063437,Barcelona,2018,VET
217.03492063492064,84.28,9.206349206349207,62.857142857142854,15.555555555555555,8,-34.1203703703702,13.88888888888872,Barcelona,2018,RAI
216.6139240506329,89.45,8.860759493670885,62.0253164556962,14.240506329113925,8,-34.5601851851849,15.046296296296617,Barcelona,2018,VER
216.61949685534591,88.51,8.80503144654088,63.20754716981132,16.037735849056602,8,-31.24999999999997,15.046296296296171,Barcelona,2018,RIC
215.021875,86.19,9.375,60.62499999999999,19.0625,8,-37.03703703703763,13.680555555555435,Barcelona,2018,MAG
213.4125,85.0,8.75,63.74999999999999,18.75,8,-32.40740740740738,13.888888888889111,Barcelona,2018,ALO
213.78816199376948,87.4,9.657320872274143,61.059190031152646,19.314641744548286,9,-33.34490740740798,12.731481481481755,Barcelona,2018,SAI
213.846875,82.38,9.375,60.62499999999999,16.5625,8,-35.02777777777735,12.731481481481376,Barcelona,2018,GRO
212.41975308641975,83.92,9.876543209876543,58.0246913580247,17.59259259259259,8,-34.723578180691476,13.634259259259114,Barcelona,2018,VAN
212.51076923076923,87.0,9.230769230769232,61.23076923076923,16.307692307692307,8,-31.60879629629604,11.57407407407432,Barcelona,2018,GAS
211.31384615384616,85.0,10.76923076923077,56.00000000000001,23.384615384615383,10,-29.560185185185627,12.731481481481755,Barcelona,2018,OCO
211.3723076923077,81.48,10.76923076923077,57.84615384615385,17.846153846153847,10,-32.40740740740714,12.663937258153393,Barcelona,2018,LEC
211.80733944954127,82.52,10.397553516819572,58.103975535168196,19.26605504587156,8,-32.40740740740738,12.482081977375039,Barcelona,2018,PER
210.87730061349694,89.25,9.509202453987731,60.122699386503065,17.484662576687114,8,-29.835544499723397,12.731481481481376,Barcelona,2018,HUL
209.03353658536585,85.81,10.670731707317072,57.92682926829268,16.158536585365855,8,-31.346757322175996,12.731481481481376,Barcelona,2018,ERI
208.95440729483283,80.28,11.246200607902736,55.01519756838906,19.756838905775076,9,-31.188788160545265,13.888888888888363,Barcelona,2018,SIR
208.3534743202417,79.6,10.574018126888216,53.47432024169184,21.75226586102719,12,-34.72222222222194,12.8488756613757,Barcelona,2018,STR
220.43848580441642,91.0,7.886435331230284,65.61514195583597,14.511041009463725,8,-33.56481481481478,13.888888888889063,Barcelona,2019,BOT
218.86581469648561,89.24,8.945686900958465,63.25878594249201,15.335463258785943,8,-25.462962962962752,11.57407407407432,Barcelona,2019,HAM
218.490625,84.38,10.3125,63.74999999999999,17.5,8,-35.931453841901515,13.690144119014676,Barcelona,2019,VET
217.3730407523511,88.0,8.77742946708464,63.94984326018809,15.987460815047022,8,-39.95404919845224,13.888888888889186,Barcelona,2019,VER
216.7391304347826,83.63,10.248447204968944,59.93788819875776,18.012422360248447,11,-32.73809523809511,13.8197899391924,Barcelona,2019,LEC
217.43125,90.0,8.75,63.125,15.312500000000002,8,-26.257600884466488,12.731481481481376,Barcelona,2019,GAS
216.85714285714286,83.21,9.937888198757763,66.14906832298136,15.838509316770185,8,-36.34259259259229,13.668061366805759,Barcelona,2019,GRO
217.43788819875778,87.42,9.316770186335404,64.59627329192547,17.391304347826086,8,-36.11070634738855,12.731481481481755,Barcelona,2019,MAG
215.6823899371069,84.34,10.062893081761008,62.893081761006286,16.352201257861633,8,-33.611111111110866,13.888888888888363,Barcelona,2019,KVY
215.35015772870662,87.16,9.779179810725552,60.252365930599375,15.141955835962145,8,-27.60416666666647,12.731481481481755,Barcelona,2019,RIC
214.9780564263323,83.54,9.717868338557993,61.75548589341693,17.55485893416928,8,-30.659722222222005,13.692129629629434,Barcelona,2019,NOR
214.92476489028212,82.54,10.344827586206897,62.06896551724138,17.86833855799373,9,-38.54032196096485,11.574074074073978,Barcelona,2019,ALB
213.740625,80.19,10.9375,61.5625,17.5,8,-32.73148148148125,13.888888888888774,Barcelona,2019,SAI
214.53894080996884,83.4,9.968847352024921,59.50155763239875,18.38006230529595,8,-26.62037037037015,13.935960018596113,Barcelona,2019,RAI
213.1931464174455,84.6,9.968847352024921,58.87850467289719,18.38006230529595,9,-27.894002789400606,13.668981481481444,Barcelona,2019,PER
212.05246913580248,85.46,10.802469135802468,61.111111111111114,16.049382716049383,8,-33.4490740740742,13.888888888888774,Barcelona,2019,HUL
212.23765432098764,79.69,10.802469135802468,58.333333333333336,15.123456790123457,10,-34.72222222222245,13.888888888889005,Barcelona,2019,STR
212.78395061728395,77.92,10.802469135802468,59.5679012345679,16.97530864197531,8,-33.56481481481503,12.731481481481376,Barcelona,2019,GIO
210.46625766871165,85.25,10.429447852760736,57.36196319018405,16.87116564417178,8,-33.56481481481478,13.623895862389434,Barcelona,2019,RUS
207.38972809667675,78.3,12.084592145015106,55.2870090634441,19.335347432024168,10,-31.24999999999997,11.57407407407432,Barcelona,2019,KUB
220.26923076923077,86.33,8.974358974358974,62.82051282051282,15.705128205128204,8,-25.23148148148129,13.94119014411919,Barcelona,2020,HAM
219.80128205128204,88.11,9.294871794871796,64.1025641025641,16.346153846153847,8,-27.324500232450585,15.046296296296171,Barcelona,2020,BOT
217.96178343949043,85.26,8.9171974522293,64.3312101910828,17.8343949044586,8,-28.518518518518327,12.784751278474898,Barcelona,2020,VER
216.5968253968254,84.42,9.523809523809524,59.36507936507937,18.412698412698415,8,-27.326388888888935,15.038649153118588,Barcelona,2020,PER
216.84493670886076,86.0,9.49367088607595,58.54430379746836,17.72151898734177,8,-35.39351851851859,13.87921503593142,Barcelona,2020,STR
215.8328075709779,85.16,9.779179810725552,61.198738170347,16.7192429022082,8,-29.056252905625197,13.888888888888825,Barcelona,2020,ALB
216.07911392405063,83.3,10.759493670886076,61.07594936708861,18.354430379746837,8,-24.305555555555358,12.731481481481701,Barcelona,2020,SAI
216.05362776025237,88.16,9.779179810725552,60.56782334384858,17.665615141955836,9,-32.40740740740714,12.731481481481376,Barcelona,2020,NOR
217.11111111111111,88.14,8.88888888888889,65.39682539682539,17.46031746031746,9,-35.12731481481452,11.574074074073978,Barcelona,2020,LEC
216.29430379746836,86.3,9.49367088607595,62.65822784810127,16.139240506329113,8,-33.56481481481453,13.888888888888774,Barcelona,2020,GAS
216.01892744479494,82.32,9.46372239747634,63.09148264984227,16.40378548895899,8,-30.092592592592567,12.731481481481376,Barcelona,2020,VET
215.98422712933754,84.32,9.779179810725552,62.46056782334385,15.772870662460567,8,-27.639579878385778,13.764803204458676,Barcelona,2020,KVY
215.80757097791798,87.48,10.094637223974763,58.359621451104104,15.141955835962145,8,-31.018518518519105,12.731481481481376,Barcelona,2020,RIC
215.51097178683386,86.18,10.031347962382444,61.12852664576802,18.808777429467085,8,-31.24999999999974,13.740363009453409,Barcelona,2020,RAI
214.88364779874215,85.51,9.748427672955975,59.11949685534591,18.553459119496853,9,-33.37962962962943,13.000992063492044,Barcelona,2020,OCO
213.825,85.19,9.375,61.875,18.75,9,-35.57870370370349,12.52314814814779,Barcelona,2020,MAG
213.3956386292835,79.0,10.2803738317757,61.059190031152646,17.133956386292834,8,-26.62037037037035,12.731481481481,Barcelona,2020,GRO
211.7608695652174,84.0,10.559006211180124,59.62732919254658,16.149068322981368,9,-37.03703703703673,13.602128247651065,Barcelona,2020,RUS
211.62229102167183,84.44,10.8359133126935,60.06191950464397,21.36222910216718,9,-25.648148148148074,13.645833333333323,Barcelona,2020,LAT
212.35076923076923,84.24,10.76923076923077,59.692307692307686,19.384615384615383,11,-35.347222222222335,12.731481481481376,Barcelona,2020,GIO
219.06896551724137,97.36,6.583072100313479,62.695924764890286,16.30094043887147,8,-32.40740740740714,12.290975677169708,Barcelona,2021,HAM
219.64375,96.19,5.625,63.125,16.25,8,-23.68055555555542,13.480939098093426,Barcelona,2021,VER
218.99686520376176,96.18,6.269592476489027,63.63636363636363,17.24137931034483,9,-26.62037037037015,11.57407407407432,Barcelona,2021,BOT
216.82298136645963,93.0,7.142857142857142,63.35403726708074,16.459627329192546,10,-25.79365079365085,13.657407407407712,Barcelona,2021,LEC
217.1733746130031,93.88,6.811145510835913,56.656346749226,16.718266253869967,9,-31.24999999999997,12.731481481481755,Barcelona,2021,OCO
217.09006211180125,92.21,6.832298136645963,63.975155279503106,15.527950310559005,8,-26.62037037037015,11.342592592592846,Barcelona,2021,SAI
217.12383900928793,87.66,7.120743034055728,60.371517027863774,15.479876160990713,8,-26.620370370370306,14.80324074074108,Barcelona,2021,RIC
217.34876543209876,98.23,7.098765432098765,63.888888888888886,15.74074074074074,8,-31.74603174603182,12.731481481481367,Barcelona,2021,PER
216.38317757009347,91.0,7.476635514018691,58.56697819314641,16.1993769470405,8,-21.99074074074056,12.731481481481683,Barcelona,2021,NOR
215.64197530864197,96.0,7.098765432098765,60.802469135802475,15.432098765432098,8,-34.549474847982225,13.37962962962953,Barcelona,2021,ALO
215.64596273291926,94.0,7.763975155279502,61.18012422360248,18.012422360248447,10,-26.177746784441783,12.731481481481755,Barcelona,2021,STR
216.3312693498452,91.44,7.430340557275541,60.681114551083596,14.241486068111456,9,-33.96990740740715,12.731481481481755,Barcelona,2021,GAS
215.54489164086687,94.66,7.120743034055728,59.44272445820433,17.3374613003096,8,-25.462962962963054,13.888888888888687,Barcelona,2021,VET
215.28440366972478,94.26,7.64525993883792,55.04587155963303,18.654434250764528,9,-28.645833333333464,13.31018518518516,Barcelona,2021,GIO
214.7361963190184,91.0,7.668711656441718,58.58895705521472,17.484662576687114,8,-24.305555555555536,12.731481481481755,Barcelona,2021,RUS
214.3753846153846,91.72,8.0,58.46153846153847,14.461538461538462,8,-27.777777777778184,12.73148148148158,Barcelona,2021,TSU
213.25076452599387,90.26,8.256880733944955,56.574923547400616,19.26605504587156,10,-28.645833333333417,12.731481481481755,Barcelona,2021,RAI
212.89329268292684,85.27,7.01219512195122,55.1829268292683,15.853658536585366,10,-34.72222222222219,12.731481481481755,Barcelona,2021,MSC
212.6890243902439,90.54,7.926829268292683,57.92682926829268,18.597560975609756,10,-28.032407407407273,12.731481481481376,Barcelona,2021,LAT
211.4090909090909,90.16,7.878787878787878,50.60606060606061,20.0,10,-28.935185185185375,12.40740740740764,Barcelona,2021,MAZ
231.09057971014494,114.75,3.260869565217391,66.66666666666666,14.492753623188406,6,-29.166666666666256,11.969246031745921,Barcelona,2023,VER
229.27240143369175,110.68,3.584229390681003,62.00716845878136,18.996415770609318,9,-27.20601851851841,11.351273148148124,Barcelona,2023,SAI
229.35114503816794,114.44,3.0534351145038165,65.64885496183206,13.358778625954198,6,-24.097222222222246,12.500000000000266,Barcelona,2023,NOR
227.9889298892989,111.8,4.059040590405904,65.68265682656826,15.498154981549817,6,-31.24999999999997,12.500000000000044,Barcelona,2023,GAS
229.15671641791045,111.34,3.3582089552238807,67.53731343283582,15.671641791044777,7,-28.30555555555531,10.711805555555763,Barcelona,2023,HAM
230.275,111.95,2.857142857142857,68.57142857142857,13.928571428571429,6,-23.148148148147957,11.175925925925949,Barcelona,2023,STR
231.66792452830188,109.28,3.018867924528302,64.90566037735849,15.849056603773585,8,-19.88888888888894,11.934027777777702,Barcelona,2023,OCO
228.8375451263538,108.52,2.888086642599278,62.8158844765343,14.801444043321299,7,-25.90388007054667,12.847222222222495,Barcelona,2023,HUL
225.42205323193917,111.1,3.4220532319391634,66.92015209125475,12.167300380228136,6,-27.993551587301514,11.487847222222225,Barcelona,2023,ALO
228.42424242424244,113.26,3.787878787878788,64.77272727272727,14.772727272727273,6,-34.636243386243294,10.41666666666661,Barcelona,2023,PIA
226.94202898550725,106.75,4.3478260869565215,64.85507246376811,16.666666666666664,6,-22.892857142857174,13.020833333333323,Barcelona,2023,PER
225.69372693726936,105.4,5.166051660516605,62.73062730627307,16.605166051660518,6,-31.517541746948762,10.912698412698646,Barcelona,2023,RUS
227.17045454545453,110.89,3.787878787878788,62.121212121212125,15.151515151515152,7,-23.86363636363631,11.111111111111349,Barcelona,2023,ZHO
228.8014705882353,108.84,4.044117647058823,65.07352941176471,15.441176470588236,8,-26.023738715936933,10.912698412698646,Barcelona,2023,DEV
225.68817204301075,105.78,5.017921146953405,64.87455197132617,13.620071684587815,6,-31.848958333333126,12.46882793017446,Barcelona,2023,TSU
225.52592592592592,103.38,4.814814814814815,62.22222222222222,18.88888888888889,10,-26.914682539682488,11.333333333333236,Barcelona,2023,BOT
224.46953405017922,107.9,4.301075268817205,57.70609318996416,19.35483870967742,8,-24.999999999999645,11.111111111110954,Barcelona,2023,MAG
225.70250896057348,109.78,3.225806451612903,59.13978494623656,17.20430107526882,7,-28.00595238095243,9.881944444444402,Barcelona,2023,ALB
225.7107142857143,108.79,3.9285714285714284,55.35714285714286,17.857142857142858,10,-29.64120370370419,11.574074074074003,Barcelona,2023,LEC
225.78571428571428,107.58,5.357142857142857,61.07142857142858,15.0,9,-30.092592592592567,11.284722222222213,Barcelona,2023,SAR
233.65925925925927,117.38,1.4814814814814816,68.88888888888889,14.814814814814813,6,-25.648148148148,10.696649029982497,Barcelona,2024,NOR
232.98507462686567,112.35,2.6119402985074625,73.13432835820896,13.805970149253731,7,-28.826388888888726,12.152777777777768,Barcelona,2024,VER
233.21167883211677,109.73,2.9197080291970803,68.97810218978103,14.233576642335766,6,-30.993055555555628,11.018518518518484,Barcelona,2024,HAM
233.956678700361,111.76,2.888086642599278,71.48014440433214,14.079422382671481,6,-23.623511904761905,12.239583333333282,Barcelona,2024,RUS
234.14126394052045,110.68,3.717472118959108,68.77323420074349,15.613382899628252,7,-31.654761904761582,11.910511363636312,Barcelona,2024,LEC
233.42696629213484,113.66,2.6217228464419478,67.04119850187266,14.981273408239701,7,-29.644097222222197,10.972444879863843,Barcelona,2024,SAI
232.9375,120.71,0.7352941176470588,72.05882352941177,13.23529411764706,6,-31.875000000000178,11.111111111110954,Barcelona,2024,GAS
232.06227106227107,115.16,2.564102564102564,70.6959706959707,14.285714285714285,6,-30.01736111111129,11.464533730158722,Barcelona,2024,PER
232.25179856115108,115.77,1.7985611510791366,67.98561151079137,15.107913669064748,6,-28.95264926848565,11.111111111111349,Barcelona,2024,OCO
230.3939393939394,116.89,1.893939393939394,66.66666666666666,10.606060606060606,6,-20.13888888888887,12.499999999999822,Barcelona,2024,PIA
232.47426470588235,115.71,1.8382352941176472,69.85294117647058,11.397058823529411,6,-25.38194444444473,11.574074074074094,Barcelona,2024,ALO
231.11702127659575,109.81,2.8368794326241136,68.79432624113475,15.602836879432624,8,-29.783950617283942,11.57407407407432,Barcelona,2024,BOT
230.9927536231884,112.5,3.260869565217391,69.20289855072464,15.217391304347828,7,-30.61011904761856,11.381944444444317,Barcelona,2024,HUL
231.49624060150376,113.9,2.631578947368421,69.54887218045113,13.909774436090224,6,-32.64660493827162,12.62626262626269,Barcelona,2024,STR
230.72280701754386,112.52,3.1578947368421053,66.66666666666666,15.43859649122807,6,-30.509259259259103,12.628787878787755,Barcelona,2024,ZHO
228.2158273381295,111.31,2.877697841726619,62.23021582733813,17.985611510791365,8,-30.092592592592567,11.361111111110935,Barcelona,2024,MAG
227.96727272727273,108.22,4.0,64.36363636363637,12.727272727272727,6,-27.13888888888861,12.499999999999822,Barcelona,2024,TSU
228.3090909090909,107.48,4.7272727272727275,66.18181818181819,14.545454545454545,6,-26.23456790123448,11.730324074074042,Barcelona,2024,RIC
228.94565217391303,107.75,3.6231884057971016,60.86956521739131,15.217391304347828,6,-26.909722222222197,12.896825396825344,Barcelona,2024,ALB
225.1719298245614,107.52,3.1578947368421053,64.56140350877193,16.140350877192983,6,-20.833333333333314,11.320987654321208,Barcelona,2024,SAR
233.0959409594096,114.8,2.214022140221402,63.46863468634686,14.760147601476014,6,-26.40873015873027,12.731481481481376,Barcelona,2025,PIA
232.75735294117646,115.55,2.2058823529411766,61.029411764705884,13.23529411764706,6,-31.11111111111118,12.685185185185384,Barcelona,2025,NOR
231.5814814814815,112.07,4.074074074074074,68.88888888888889,15.555555555555555,6,-29.444444444444184,12.499999999999822,Barcelona,2025,VER
229.72932330827066,112.65,3.3834586466165413,67.66917293233082,15.037593984962406,6,-30.277777777777754,10.41666666666658,Barcelona,2025,RUS
232.6988847583643,111.04,3.717472118959108,64.68401486988847,15.241635687732341,6,-29.35912698412694,11.111111111111349,Barcelona,2025,HAM
231.96715328467153,113.73,3.2846715328467155,64.96350364963503,15.328467153284672,6,-31.111111111111274,10.555555555555523,Barcelona,2025,ANT
234.2699619771863,112.62,3.4220532319391634,66.92015209125475,14.44866920152091,6,-27.222740464344902,11.284722222222213,Barcelona,2025,LEC
230.1268115942029,116.75,2.1739130434782608,70.28985507246377,14.492753623188406,6,-22.037037037037106,12.60416666666652,Barcelona,2025,GAS
231.41516245487364,112.0,3.9711191335740073,67.14801444043322,14.440433212996389,6,-28.64583333333331,12.152777777777768,Barcelona,2025,HAD
228.5318352059925,110.32,3.3707865168539324,67.41573033707866,14.232209737827715,6,-25.441919191919077,11.111111111110954,Barcelona,2025,ALO
232.94052044609666,109.0,1.858736059479554,64.68401486988847,13.011152416356877,6,-23.583333333333393,12.499999999999822,Barcelona,2025,ALB
229.50187265917603,105.0,5.2434456928838955,67.79026217228464,14.606741573033707,6,-31.111111111111082,13.88888888888869,Barcelona,2025,BOR
231.20075757575756,112.0,4.166666666666666,69.31818181818183,14.393939393939394,6,-26.041666666666647,11.90476190476216,Barcelona,2025,LAW
227.32490974729242,111.0,4.693140794223827,67.87003610108303,12.63537906137184,6,-32.118055555555465,13.888888888888774,Barcelona,2025,STR
229.40510948905109,113.19,3.2846715328467155,65.32846715328468,16.423357664233578,7,-30.092592592592343,11.500000000000208,Barcelona,2025,BEA
229.68634686346863,109.4,4.797047970479705,65.31365313653137,12.546125461254611,6,-24.729685646500855,13.19444444444449,Barcelona,2025,HUL
227.76556776556777,106.72,4.761904761904762,64.83516483516483,17.216117216117215,8,-24.999999999999645,10.912698412698646,Barcelona,2025,OCO
228.78545454545454,108.48,4.0,65.45454545454545,15.272727272727273,8,-33.60945767195785,12.500000000000266,Barcelona,2025,SAI
226.54744525547446,106.92,4.744525547445255,61.31386861313869,14.233576642335766,6,-27.120498614958617,11.12690016929382,Barcelona,2025,COL
225.82014388489208,106.54,5.0359712230215825,62.94964028776978,12.589928057553957,6,-26.145833333333247,12.152777777777768,Barcelona,2025,TSU
202.41640378548897,92.16,9.779179810725552,49.52681388012618,22.082018927444793,11,-30.092592592593235,13.8888888888888,Budapest,2018,HAM
202.74920634920636,95.42,8.253968253968253,50.476190476190474,20.634920634920633,12,-32.16666666666643,13.759920634920622,Budapest,2018,BOT
202.04088050314465,92.51,9.433962264150944,50.314465408805034,23.270440251572328,12,-30.09259259259253,12.599206349206233,Budapest,2018,RAI
204.0984126984127,94.28,8.88888888888889,49.523809523809526,25.71428571428571,13,-30.949074074074073,13.819789939192889,Budapest,2018,VET
201.684375,95.57,8.125,51.24999999999999,22.5,12,-26.412037037037116,13.47222222222182,Budapest,2018,SAI
199.70278637770897,94.66,8.04953560371517,52.012383900928796,19.814241486068113,11,-27.291666666666682,12.731481481481472,Budapest,2018,GAS
203.83544303797467,95.15,7.59493670886076,53.16455696202531,20.569620253164558,12,-28.773148148148213,12.731481481481376,Budapest,2018,VER
200.00310559006212,93.21,9.937888198757763,51.5527950310559,18.944099378881987,12,-27.77777777777796,11.904761904761857,Budapest,2018,HAR
201.30745341614906,97.21,9.316770186335404,49.378881987577635,27.018633540372672,11,-26.994078718216425,13.888888888888877,Budapest,2018,MAG
201.50778816199377,95.2,9.034267912772584,49.84423676012461,19.937694704049843,11,-28.76984126984115,11.574074074073978,Budapest,2018,GRO
199.92546583850933,88.84,9.627329192546584,52.17391304347826,22.049689440993788,10,-30.324074074074066,13.425925925925991,Budapest,2018,ALO
199.63664596273293,95.0,8.695652173913043,47.51552795031056,22.67080745341615,11,-22.916666666666526,12.509685417635172,Budapest,2018,RIC
201.9498432601881,97.36,7.836990595611286,50.15673981191222,21.316614420062695,11,-31.785516860143787,12.590939153439177,Budapest,2018,HUL
199.8167701863354,93.84,9.627329192546584,48.13664596273292,19.565217391304348,11,-24.702380952380885,13.635197030719457,Budapest,2018,ERI
199.8173374613003,86.0,12.38390092879257,47.6780185758514,26.006191950464398,12,-27.534722222222076,13.88888888888912,Budapest,2018,STR
199.2685185185185,95.46,8.950617283950617,52.160493827160494,22.22222222222222,13,-26.620370370370306,12.896825396825344,Budapest,2018,VAN
199.08333333333334,95.23,10.185185185185185,48.45679012345679,23.14814814814815,11,-27.777777777778372,13.819789939192889,Budapest,2018,LEC
198.2,93.48,9.230769230769232,42.15384615384615,27.692307692307693,13,-23.148148148147957,13.888888888888877,Budapest,2018,OCO
197.95092024539878,94.0,11.042944785276074,50.920245398773,23.92638036809816,12,-24.305555555555948,12.731481481481472,Budapest,2018,PER
197.66564417177915,89.25,11.65644171779141,47.85276073619632,23.006134969325153,12,-31.24999999999974,12.731481481481755,Budapest,2018,SIR
210.8925081433225,106.0,5.537459283387622,60.26058631921825,19.54397394136808,11,-33.3912037037037,13.888888888888872,Budapest,2019,VER
210.7694805194805,108.07,4.870129870129871,54.87012987012987,17.857142857142858,10,-28.9351851851858,12.731481481481566,Budapest,2019,BOT
210.5728155339806,106.08,6.148867313915858,54.69255663430421,17.79935275080906,10,-31.250000000000668,11.574074074074144,Budapest,2019,HAM
209.7290322580645,101.27,7.419354838709677,54.19354838709678,18.064516129032256,11,-37.037037037037,12.73148148148156,Budapest,2019,LEC
209.40453074433657,97.32,7.119741100323624,52.42718446601942,21.035598705501616,11,-30.092592592592567,12.731481481481566,Budapest,2019,VET
208.05787781350483,106.0,5.787781350482315,57.556270096463024,18.971061093247588,12,-28.935185185184945,12.731481481481755,Budapest,2019,GAS
206.74679487179486,100.0,7.6923076923076925,53.205128205128204,18.58974358974359,11,-34.72222222222194,13.888888888888877,Budapest,2019,NOR
206.82747603833866,105.12,6.7092651757188495,54.632587859424916,19.488817891373802,11,-34.34027777777783,12.731481481481755,Budapest,2019,SAI
206.38141025641025,102.0,7.6923076923076925,56.08974358974359,18.269230769230766,11,-32.4074074074081,13.881978993919184,Budapest,2019,GRO
206.50479233226838,100.36,8.30670926517572,54.9520766773163,19.488817891373802,10,-32.40740740740714,13.888888888889186,Budapest,2019,RAI
206.02848101265823,99.3,7.59493670886076,53.16455696202531,19.936708860759495,12,-30.925925925925668,12.731481481481728,Budapest,2019,HUL
204.88291139240508,98.3,7.2784810126582276,54.43037974683544,20.88607594936709,11,-32.40740740740738,12.731481481481728,Budapest,2019,ALB
205.02208201892745,99.16,7.886435331230284,56.15141955835961,19.242902208201894,10,-31.78551686014477,14.872685185185103,Budapest,2019,KVY
204.61829652996846,99.48,8.201892744479496,53.94321766561514,18.61198738170347,11,-30.092592592592535,11.57407407407432,Budapest,2019,GIO
206.68789808917197,100.13,7.643312101910828,55.4140127388535,21.019108280254777,11,-30.83333333333328,16.20370370370369,Budapest,2019,MAG
204.01572327044025,98.17,8.176100628930817,55.0314465408805,22.32704402515723,11,-35.74074074074051,12.731481481481472,Budapest,2019,RUS
203.5691823899371,99.51,8.80503144654088,54.40251572327044,20.754716981132077,11,-30.403537866224358,12.599206349206392,Budapest,2019,PER
203.67924528301887,96.51,8.176100628930817,51.57232704402516,19.81132075471698,11,-31.666666666666643,13.888888888888363,Budapest,2019,RIC
202.615625,97.19,8.125,52.81249999999999,21.5625,12,-39.35185185185196,12.731481481481755,Budapest,2019,STR
200.59259259259258,96.23,9.876543209876543,51.54320987654321,19.1358024691358,11,-31.38888888888891,12.4378109452736,Budapest,2019,KUB
213.10967741935485,105.09,5.806451612903226,57.74193548387097,16.451612903225808,10,-33.287037037037,13.809523809523716,Budapest,2020,HAM
213.16720257234726,104.2,4.823151125401929,54.340836012861736,17.041800643086816,10,-26.257600884466488,12.627314814814834,Budapest,2020,BOT
211.04140127388536,99.39,7.006369426751593,55.4140127388535,21.019108280254777,12,-32.54300325430071,13.888888888888834,Budapest,2020,STR
210.28662420382165,99.13,7.006369426751593,57.961783439490446,18.152866242038215,9,-32.968908956617405,13.819789939192889,Budapest,2020,PER
210.40189873417722,101.15,6.329113924050633,59.49367088607595,17.405063291139243,10,-32.73528192371483,12.731481481481755,Budapest,2020,VET
209.5968253968254,101.14,7.301587301587302,58.41269841269842,17.46031746031746,12,-35.14368317061822,11.622501162250252,Budapest,2020,LEC
209.67936507936508,98.42,6.666666666666667,58.0952380952381,17.77777777777778,10,-33.26388888888895,12.4378109452736,Budapest,2020,VER
209.6888888888889,103.0,6.031746031746032,54.285714285714285,16.19047619047619,10,-25.924603174603142,13.819789939193011,Budapest,2020,NOR
209.25714285714287,98.56,6.349206349206349,57.460317460317455,18.73015873015873,10,-35.879629629630394,13.72123187614651,Budapest,2020,SAI
208.22115384615384,101.0,6.730769230769231,57.37179487179487,15.705128205128204,10,-26.62037037037086,13.888888888888877,Budapest,2020,GAS
207.77170418006432,103.2,5.787781350482315,52.73311897106109,17.363344051446948,11,-31.041666666667272,12.731481481481376,Budapest,2020,RIC
207.40192926045017,104.1,6.109324758842444,55.948553054662376,18.006430868167204,10,-32.73809523809532,13.888888888888774,Budapest,2020,RUS
207.59163987138263,101.0,5.787781350482315,52.73311897106109,21.221864951768488,12,-31.99074074074072,15.046296296296283,Budapest,2020,ALB
208.0223642172524,104.12,6.070287539936102,49.84025559105431,20.766773162939298,11,-31.24999999999974,12.731481481481545,Budapest,2020,OCO
206.33546325878595,99.24,7.348242811501597,55.91054313099042,21.405750798722046,11,-31.249999999999947,13.888888888888774,Budapest,2020,LAT
206.46178343949043,100.0,7.643312101910828,55.4140127388535,19.745222929936308,12,-28.935185185185162,12.731481481481566,Budapest,2020,MAG
206.84493670886076,99.6,6.645569620253164,56.32911392405063,18.9873417721519,11,-27.45370370370376,13.888888888889186,Budapest,2020,KVY
205.53968253968253,96.7,7.936507936507936,56.82539682539682,18.095238095238095,10,-30.092592592592343,13.738425925925931,Budapest,2020,GRO
205.1772151898734,95.3,6.962025316455696,56.0126582278481,19.936708860759495,11,-32.407407407407625,12.731481481481728,Budapest,2020,GIO
205.33333333333334,98.56,6.666666666666667,52.6984126984127,23.174603174603174,13,-28.33994708994762,12.731481481481472,Budapest,2020,RAI
207.20382165605096,103.26,7.32484076433121,55.4140127388535,16.560509554140125,11,-32.4074074074081,11.902628434886532,Budapest,2021,HAM
206.18789808917197,103.13,7.32484076433121,53.82165605095541,18.789808917197455,12,-33.410622966062284,12.731481481481472,Budapest,2021,BOT
206.59105431309905,103.12,7.348242811501597,56.54952076677316,20.447284345047922,11,-33.56481481481491,13.761574074073955,Budapest,2021,VER
205.32915360501568,104.18,6.896551724137931,55.4858934169279,18.181818181818183,10,-33.56481481481453,12.731481481481472,Budapest,2021,PER
204.83227848101265,102.15,7.59493670886076,55.69620253164557,15.822784810126583,10,-33.56481481481453,12.731481481481755,Budapest,2021,GAS
204.92088607594937,100.15,7.9113924050632916,52.84810126582279,18.9873417721519,15,-30.76388888888886,16.203703703703606,Budapest,2021,NOR
204.49685534591194,99.34,6.60377358490566,54.40251572327044,18.553459119496853,12,-30.092592592592343,12.731481481481552,Budapest,2021,LEC
204.80564263322884,103.18,6.583072100313479,51.09717868338558,20.06269592476489,13,-25.46296296296351,13.692129629629648,Budapest,2021,OCO
204.99685534591194,101.51,7.547169811320755,54.71698113207547,16.666666666666664,10,-34.72222222222194,11.622501162250252,Budapest,2021,ALO
204.00940438871473,99.36,8.150470219435736,54.54545454545454,21.003134796238246,11,-30.462962962963037,12.731481481481755,Budapest,2021,VET
203.56289308176102,97.0,9.119496855345911,53.144654088050316,17.92452830188679,10,-28.564814814814824,12.738095238095243,Budapest,2021,RIC
203.60815047021944,98.18,7.836990595611286,53.29153605015674,21.9435736677116,11,-37.210648148148245,12.731481481481755,Budapest,2021,STR
201.95652173913044,98.21,9.316770186335404,52.17391304347826,22.36024844720497,11,-28.472222222222143,13.657407407407549,Budapest,2021,RAI
202.00934579439252,101.0,9.034267912772584,52.95950155763239,20.87227414330218,11,-30.092592592592343,11.57407407407432,Budapest,2021,GIO
204.22397476340694,98.48,6.940063091482649,52.05047318611987,22.082018927444793,13,-38.19444444444527,12.731481481481755,Budapest,2021,SAI
201.06172839506172,95.92,9.25925925925926,54.93827160493827,17.901234567901234,10,-31.24999999999974,13.634259259259359,Budapest,2021,TSU
201.4123076923077,98.0,9.538461538461538,54.769230769230774,24.0,11,-30.092592592593235,12.731481481481472,Budapest,2021,RUS
201.16666666666666,100.0,8.333333333333332,54.629629629629626,20.98765432098765,12,-32.291666666666714,11.574074074074245,Budapest,2021,LAT
198.5382262996942,95.78,10.703363914373089,48.01223241590214,22.32415902140673,11,-26.6203703703703,13.599537037037019,Budapest,2021,MAZ
205.9055944055944,101.85,7.6923076923076925,56.993006993006986,18.53146853146853,10,-32.250000000000554,12.500000000000044,Budapest,2023,HAM
203.47098976109214,96.68,9.215017064846416,55.2901023890785,21.160409556313994,11,-31.65164576802508,11.958333333333274,Budapest,2023,VER
204.981884057971,100.75,8.333333333333332,53.62318840579711,19.92753623188406,12,-28.551587301587755,12.499999999999822,Budapest,2023,NOR
203.89285714285714,93.58,10.357142857142858,51.07142857142857,18.928571428571427,11,-32.534722222222356,12.731481481481566,Budapest,2023,PIA
204.0036231884058,101.75,8.333333333333332,56.88405797101449,21.3768115942029,11,-30.857624981456787,13.035955347871223,Budapest,2023,ZHO
202.57608695652175,100.5,9.057971014492754,52.17391304347826,21.73913043478261,11,-26.720679012345673,13.255578181565,Budapest,2023,LEC
202.27142857142857,98.79,7.857142857142857,52.85714285714286,20.0,11,-31.13888888888934,12.663578308207784,Budapest,2023,BOT
201.82078853046596,96.78,7.885304659498208,54.121863799283155,21.50537634408602,11,-29.416427374970304,12.731481481481376,Budapest,2023,ALO
200.53113553113553,95.72,9.157509157509157,56.043956043956044,20.146520146520146,10,-24.595679012345453,12.500000000000044,Budapest,2023,PER
202.82671480144404,102.76,8.303249097472925,54.51263537906137,20.216606498194945,11,-32.89930555555557,12.55787037037021,Budapest,2023,HUL
203.84429065743944,99.64,8.304498269896193,50.86505190311419,24.567474048442904,11,-27.90674603174602,12.58024691358047,Budapest,2023,SAI
200.7214765100671,95.94,10.06711409395973,52.348993288590606,27.516778523489933,11,-29.555555555555557,13.888888888889184,Budapest,2023,OCO
203.14878892733563,99.52,8.304498269896193,55.36332179930796,18.685121107266436,11,-28.003472222222197,12.076388888888868,Budapest,2023,RIC
198.45138888888889,96.61,10.069444444444445,52.43055555555556,21.875,12,-30.218776106933998,11.703703703703901,Budapest,2023,STR
200.12891986062718,98.72,9.059233449477352,51.21951219512195,18.466898954703833,12,-26.041666666666647,12.499999999999856,Budapest,2023,GAS
199.22525597269623,98.84,10.580204778156997,48.80546075085324,21.501706484641637,11,-29.354166666667297,12.835648148148028,Budapest,2023,ALB
195.43771043771045,98.96,10.774410774410773,52.861952861952865,17.50841750841751,12,-25.039682539683042,12.5694444444445,Budapest,2023,TSU
196.6689189189189,93.0,11.486486486486488,52.02702702702703,20.945945945945947,11,-29.530318780318396,12.731481481481566,Budapest,2023,RUS
198.75,101.75,8.445945945945946,51.01351351351351,25.0,11,-28.027777777777175,12.583333333333274,Budapest,2023,MAG
196.00687285223367,95.8,10.309278350515463,49.48453608247423,21.993127147766323,11,-28.756404901141753,12.343750000000261,Budapest,2023,SAR
210.2112676056338,102.66,6.338028169014084,52.112676056338024,16.901408450704224,8,-30.848484848484507,12.783564814814808,Budapest,2024,NOR
209.19366197183098,103.0,7.746478873239436,52.816901408450704,17.253521126760564,10,-26.18055555555509,12.152777777777768,Budapest,2024,PIA
208.6317689530686,99.52,7.2202166064981945,60.28880866425993,18.4115523465704,9,-26.041666666666067,12.152777777777835,Budapest,2024,VER
206.41218637992833,102.78,7.526881720430108,57.70609318996416,25.448028673835125,12,-32.81150793650794,13.88888888888869,Budapest,2024,SAI
206.39361702127658,99.43,8.51063829787234,55.673758865248224,19.148936170212767,11,-29.563492063492085,11.574074074074149,Budapest,2024,HAM
207.36491228070176,99.84,7.719298245614035,52.63157894736842,22.807017543859647,13,-25.835813492063537,12.500000000000044,Budapest,2024,LEC
206.27304964539007,98.62,8.156028368794328,56.02836879432624,17.73049645390071,10,-20.833333333333776,12.480709876543216,Budapest,2024,ALO
205.64664310954063,97.0,8.12720848056537,57.243816254416956,20.49469964664311,11,-26.83035714285705,12.45039682539683,Budapest,2024,STR
204.91197183098592,101.83,6.690140845070422,57.04225352112676,17.95774647887324,9,-27.38510101010076,12.896825396825426,Budapest,2024,RIC
206.44444444444446,100.87,8.680555555555555,55.55555555555556,17.36111111111111,11,-30.14619883040935,11.574074074074094,Budapest,2024,TSU
203.3848797250859,98.5,9.621993127147768,53.95189003436426,19.243986254295535,12,-28.732638888888317,13.888888888888877,Budapest,2024,HUL
206.49310344827586,98.89,7.586206896551724,54.82758620689655,22.413793103448278,11,-31.333333333333254,11.712962962963019,Budapest,2024,BOT
201.19354838709677,99.12,7.885304659498208,48.74551971326165,22.22222222222222,13,-30.555555555555124,12.38117283950615,Budapest,2024,ALB
204.41901408450704,99.32,8.098591549295776,54.929577464788736,21.830985915492956,11,-29.997519841269817,12.731481481481566,Budapest,2024,SAR
206.4,98.78,6.206896551724138,55.51724137931034,23.79310344827586,11,-27.365079365079342,12.820512820512832,Budapest,2024,MAG
198.5,93.0,11.0,53.0,22.666666666666664,11,-25.80555555555545,13.020833333333323,Budapest,2024,PER
201.88118811881188,97.02,8.25082508250825,55.775577557755774,19.801980198019802,11,-31.24999999999928,12.146990740741003,Budapest,2024,RUS
200.27118644067798,98.76,8.813559322033898,53.559322033898304,20.33898305084746,11,-25.25252525252538,12.453703703703708,Budapest,2024,ZHO
199.89144736842104,92.03,9.210526315789473,50.6578947368421,29.276315789473685,13,-26.61574074074072,13.301917989417985,Budapest,2024,OCO
199.80065359477123,92.05,8.169934640522875,51.307189542483655,21.241830065359476,11,-32.15277777777773,11.904761904761857,Budapest,2024,GAS
210.25182481751824,99.92,6.204379562043796,56.56934306569343,22.26277372262774,13,-32.98611111111108,12.152777777777768,Budapest,2025,LEC
211.5719557195572,105.5,5.535055350553505,53.50553505535055,16.974169741697416,10,-23.80952380952374,12.623015873015888,Budapest,2025,PIA
209.65972222222223,103.74,6.25,53.81944444444444,18.40277777777778,10,-35.30555555555575,13.888888888888774,Budapest,2025,NOR
210.30337078651687,99.98,6.741573033707865,58.052434456928836,18.352059925093634,11,-30.96473029045638,12.480709876543228,Budapest,2025,RUS
206.54804270462634,101.0,7.829181494661921,55.871886120996436,20.99644128113879,10,-26.31249999999998,13.888888888888815,Budapest,2025,ALO
207.78853046594983,100.0,7.526881720430108,58.78136200716846,16.48745519713262,11,-35.59027777777775,12.152777777778038,Budapest,2025,STR
207.5409252669039,98.4,8.185053380782918,56.93950177935944,20.640569395017792,11,-23.91975308641979,12.152777777777768,Budapest,2025,BOR
207.35338345864662,97.95,7.894736842105263,56.766917293233085,18.421052631578945,10,-28.16666666666676,12.277777777777793,Budapest,2025,VER
208.82269503546098,100.62,7.092198581560284,60.99290780141844,17.02127659574468,10,-40.27777777777774,12.604166666666694,Budapest,2025,LAW
208.6934306569343,100.0,7.2992700729927,57.299270072992705,18.613138686131386,9,-28.33333333333326,13.020833333333323,Budapest,2025,HAD
208.06451612903226,95.0,6.451612903225806,54.121863799283155,18.63799283154122,12,-32.4508101851851,13.020833333333323,Budapest,2025,BEA
206.6294964028777,102.31,6.474820143884892,55.39568345323741,23.741007194244602,11,-28.54938271604943,12.77116402116393,Budapest,2025,HAM
207.29681978798587,102.1,6.713780918727916,58.303886925795055,19.78798586572438,12,-23.43749999999998,12.688691025049941,Budapest,2025,SAI
207.95876288659792,101.0,6.185567010309279,52.92096219931272,19.93127147766323,11,-32.40740740740738,13.117283950617304,Budapest,2025,COL
207.99298245614034,101.0,6.666666666666667,55.43859649122807,18.947368421052634,11,-30.864197530864168,15.277777777777697,Budapest,2025,ANT
206.30141843971631,99.0,8.156028368794328,57.801418439716315,16.666666666666664,10,-29.633776185500228,13.888888888888877,Budapest,2025,TSU
204.3793103448276,101.56,8.275862068965518,54.137931034482754,18.96551724137931,11,-36.45833333333331,12.361111111111072,Budapest,2025,GAS
207.875,97.8,7.4324324324324325,55.4054054054054,24.66216216216216,12,-29.86857825567504,12.173611111111091,Budapest,2025,OCO
205.64788732394365,98.83,7.394366197183098,55.633802816901415,20.422535211267608,11,-26.150793650793695,13.819789939192889,Budapest,2025,HUL
205.2027027027027,99.0,6.756756756756757,52.36486486486487,21.283783783783782,11,-28.33333333333273,11.608796296296529,Budapest,2025,ALB
239.22333333333333,114.0,2.666666666666667,72.66666666666667,15.666666666666668,9,-31.92129629629619,15.069444444444299,Imola,2020,BOT
239.2019867549669,114.02,2.3178807947019866,69.5364238410596,14.56953642384106,9,-30.092592592592343,12.731481481481376,Imola,2020,HAM
237.45214521452147,113.04,2.6402640264026402,72.60726072607261,13.861386138613863,10,-31.235119047618788,11.574074074073978,Imola,2020,VER
236.80327868852459,109.12,3.606557377049181,70.81967213114754,13.442622950819672,8,-27.77777777777796,11.574074074073978,Imola,2020,GAS
236.97704918032787,114.04,2.622950819672131,71.47540983606558,12.131147540983607,7,-33.56481481481453,12.857142857142774,Imola,2020,RIC
236.71803278688526,109.08,3.278688524590164,70.49180327868852,15.40983606557377,8,-30.092592592593235,12.731481481481744,Imola,2020,ALB
237.27868852459017,112.08,2.2950819672131146,75.08196721311475,14.754098360655737,9,-28.9351851851858,12.731481481481376,Imola,2020,LEC
235.82950819672132,110.0,2.9508196721311477,74.09836065573771,13.114754098360656,8,-27.77777777777796,13.859126984127041,Imola,2020,KVY
235.71475409836066,112.0,3.606557377049181,72.1311475409836,13.442622950819672,10,-30.753968253968324,12.783153184565275,Imola,2020,NOR
235.27124183006535,111.05,2.941176470588235,72.54901960784314,13.071895424836603,10,-28.9351851851858,12.731481481481755,Imola,2020,SAI
234.70454545454547,111.21000000000001,3.571428571428571,71.42857142857143,13.636363636363635,8,-33.56481481481453,12.731481481481376,Imola,2020,PER
234.50809061488673,112.0,3.559870550161812,67.31391585760518,14.563106796116504,9,-31.250000000000668,11.574074074073978,Imola,2020,OCO
234.61290322580646,114.0,3.225806451612903,69.03225806451613,14.838709677419354,10,-28.9351851851858,14.758064516128918,Imola,2020,RUS
234.33116883116884,114.14,3.571428571428571,71.42857142857143,17.857142857142858,8,-27.777777777777548,11.574074074074149,Imola,2020,VET
233.96129032258065,110.0,4.193548387096775,70.96774193548387,18.064516129032256,11,-30.218503021849756,12.88359788359786,Imola,2020,STR
231.9090909090909,106.0,4.545454545454546,69.15584415584416,13.636363636363635,8,-28.935185185184945,12.886904761904706,Imola,2020,GRO
232.4757281553398,106.0,4.207119741100324,71.52103559870551,16.828478964401295,8,-30.218503021851554,11.574074074074149,Imola,2020,MAG
233.18064516129033,109.0,4.193548387096775,71.61290322580646,16.451612903225808,9,-25.46296296296351,11.904761904761857,Imola,2020,RAI
231.625,103.22,4.807692307692308,67.62820512820514,19.871794871794872,8,-26.62037037037015,13.773148148148046,Imola,2020,LAT
231.95833333333334,105.0,4.166666666666666,70.1923076923077,13.141025641025642,9,-28.935185185184945,12.731481481481376,Imola,2020,GIO
237.66883116883116,113.21000000000001,1.948051948051948,72.07792207792207,13.96103896103896,9,-27.430555555555365,11.574074074074138,Imola,2021,HAM
237.50485436893203,115.08,2.5889967637540456,70.87378640776699,13.915857605177994,8,-30.09259259259279,11.57407407407432,Imola,2021,PER
237.2,113.0,2.5806451612903225,70.3225806451613,15.161290322580644,9,-27.777777777777548,14.861111111111056,Imola,2021,VER
236.87459807073955,111.3,2.572347266881029,75.2411575562701,14.14790996784566,11,-30.092592592592343,12.627314814815053,Imola,2021,LEC
236.8653846153846,112.22,2.564102564102564,72.43589743589743,12.179487179487179,8,-33.56481481481453,11.622501162250252,Imola,2021,GAS
236.32797427652733,111.0,3.536977491961415,72.02572347266882,10.932475884244374,8,-29.05625290562563,13.888888888888774,Imola,2021,RIC
237.07692307692307,112.11,3.5256410256410255,70.1923076923077,11.538461538461538,8,-25.462962962962752,12.731481481481376,Imola,2021,NOR
236.64308681672026,115.0,2.8938906752411575,72.34726688102894,14.14790996784566,9,-27.67361111111017,13.784722222222154,Imola,2021,BOT
235.56730769230768,114.0,2.8846153846153846,69.55128205128204,15.384615384615385,10,-33.56481481481553,12.731481481481376,Imola,2021,OCO
235.33653846153845,113.11,2.8846153846153846,71.47435897435898,16.666666666666664,9,-30.092592592593235,13.773148148148026,Imola,2021,STR
235.70833333333334,112.22,2.564102564102564,73.07692307692307,15.384615384615385,9,-28.769841269841336,11.574074074074131,Imola,2021,SAI
234.64743589743588,109.11,3.5256410256410255,69.55128205128204,15.705128205128204,9,-30.092592592593146,12.88029100529124,Imola,2021,RUS
234.3343949044586,110.26,3.5031847133757963,70.38216560509554,15.605095541401273,10,-31.11111111111167,13.749999999999904,Imola,2021,VET
234.2324840764331,111.13,4.140127388535031,68.78980891719745,17.8343949044586,10,-30.09259259259145,12.731481481481566,Imola,2021,LAT
234.156050955414,113.13,3.5031847133757963,71.656050955414,15.605095541401273,9,-34.72222222222219,13.611111111110988,Imola,2021,ALO
232.83174603174604,107.0,4.444444444444445,70.7936507936508,16.19047619047619,8,-31.24999999999997,12.731481481481566,Imola,2021,RAI
233.0063492063492,114.0,2.857142857142857,69.2063492063492,13.968253968253968,8,-30.092592592593235,10.416666666666888,Imola,2021,GIO
231.75632911392404,112.15,3.1645569620253164,66.77215189873418,17.72151898734177,9,-26.62037037037015,12.731481481481728,Imola,2021,MSC
230.78301886792454,102.0,4.716981132075472,66.0377358490566,18.867924528301888,8,-31.851851851851794,12.684494195688195,Imola,2021,MAZ
235.5663082437276,108.78,3.942652329749104,69.17562724014337,18.27956989247312,9,-32.98611111111108,11.57407407407432,Imola,2024,VER
233.8181818181818,114.0,3.272727272727273,66.18181818181819,14.909090909090908,9,-31.991319444444937,11.57407407407432,Imola,2024,PIA
237.27402135231316,112.4,2.8469750889679712,69.03914590747331,15.302491103202847,10,-28.28240740740727,12.500000000000044,Imola,2024,NOR
234.84228187919464,112.97,3.3557046979865772,70.46979865771812,15.771812080536913,10,-29.629629629629004,12.515873015873064,Imola,2024,LEC
232.13468013468014,109.88,3.7037037037037033,69.02356902356902,17.50841750841751,10,-31.365740740740712,11.994949494949557,Imola,2024,SAI
235.25172413793103,107.0,3.793103448275862,70.0,15.172413793103448,9,-29.513888888888864,13.888888888888937,Imola,2024,RUS
233.8595890410959,109.73,3.0821917808219177,68.83561643835617,15.41095890410959,8,-30.555555555555124,12.752638391079145,Imola,2024,TSU
232.6089965397924,105.76,3.8062283737024223,66.78200692041523,17.647058823529413,9,-32.30555555555615,12.500000000000044,Imola,2024,HAM
230.7925170068027,107.93,4.421768707482993,67.68707482993197,14.625850340136054,8,-26.898148148148312,13.090277777777754,Imola,2024,RIC
233.13120567375887,107.43,3.900709219858156,68.08510638297872,17.375886524822697,9,-34.02777777777733,12.152777777777498,Imola,2024,HUL
230.69750889679716,101.4,5.338078291814947,68.68327402135232,17.437722419928825,9,-35.37540397045284,13.020833333333323,Imola,2024,PER
231.38983050847457,106.0,4.067796610169491,67.79661016949152,20.0,10,-35.95018744516242,13.88888888888857,Imola,2024,OCO
232.20494699646642,104.0,3.8869257950530036,71.37809187279152,15.901060070671377,9,-31.94444444444456,15.277777777777562,Imola,2024,STR
231.52901023890786,106.0,4.09556313993174,63.48122866894198,17.747440273037544,10,-30.76010101010062,13.888888888888834,Imola,2024,ALB
233.1571906354515,107.98,4.682274247491638,69.56521739130434,14.381270903010032,8,-30.555555555555124,11.815972222222253,Imola,2024,GAS
230.76288659793815,108.0,4.4673539518900345,68.04123711340206,17.869415807560138,10,-26.62037037037035,11.574074074073978,Imola,2024,BOT
231.0,102.96,5.05050505050505,68.35016835016835,15.824915824915825,9,-29.513888888889518,13.020833333333323,Imola,2024,ZHO
225.4555160142349,100.8,6.049822064056939,68.32740213523132,18.505338078291814,9,-27.28571428571425,12.731481481481755,Imola,2024,MAG
229.38698630136986,104.91,5.821917808219178,68.15068493150685,16.78082191780822,8,-29.282407407407167,12.552083333333185,Imola,2024,ALO
228.54982817869416,101.0,5.841924398625429,66.66666666666666,18.556701030927837,9,-32.662037037037194,12.343750000000261,Imola,2024,SAR
233.37269372693726,107.4,4.428044280442804,64.94464944649447,12.915129151291513,8,-26.38888888888945,12.500000000000044,Imola,2025,PIA
233.97163120567376,107.0,4.25531914893617,70.92198581560284,15.602836879432624,9,-29.10052910052957,10.763888888889044,Imola,2025,VER
234.00359712230215,104.77,6.115107913669065,69.7841726618705,14.388489208633093,8,-31.444444444445114,13.888888888888877,Imola,2025,RUS
233.8659420289855,109.0,3.985507246376811,67.3913043478261,14.130434782608695,10,-31.337962962962827,12.499999999999822,Imola,2025,NOR
234.32155477031802,102.28,4.593639575971731,70.31802120141343,15.547703180212014,9,-29.166666666666643,12.895833333333195,Imola,2025,ALO
235.84429065743944,105.52,4.498269896193772,70.93425605536332,17.647058823529413,9,-30.20370370370376,11.904761904761857,Imola,2025,SAI
232.38768115942028,104.0,4.710144927536232,68.47826086956522,17.391304347826086,8,-25.69444444444454,13.888888888888818,Imola,2025,ALB
234.98936170212767,106.81,3.900709219858156,70.92198581560284,17.73049645390071,10,-32.98611111111035,12.480709876543273,Imola,2025,STR
235.23214285714286,109.79,2.857142857142857,67.85714285714286,16.428571428571427,9,-33.28790238836973,11.263888888889063,Imola,2025,HAD
233.87544483985766,109.6,3.9145907473309607,67.61565836298932,17.437722419928825,8,-29.056712962963076,10.832559579077634,Imola,2025,GAS
233.33214285714286,107.79,3.214285714285714,69.64285714285714,18.21428571428571,9,-31.94444444444399,11.90476190476216,Imola,2025,LEC
230.3943661971831,108.0,3.873239436619718,65.14084507042254,20.774647887323944,11,-27.77777777777763,15.31606794764686,Imola,2025,HAM
231.33101045296166,104.72,4.529616724738676,67.59581881533101,16.02787456445993,8,-25.772569444444365,13.045634920634985,Imola,2025,ANT
232.1392857142857,100.79,5.357142857142857,71.42857142857143,16.785714285714285,8,-28.5416666666663,12.152777777777557,Imola,2025,BOR
229.1118881118881,104.85,6.293706293706294,60.83916083916085,17.482517482517483,9,-31.653439153439177,12.916666666666929,Imola,2025,COL
229.29496402877697,105.08,4.676258992805756,65.82733812949641,21.942446043165468,8,-29.44444444444424,12.929292929292835,Imola,2025,LAW
231.26408450704224,107.83,4.929577464788732,70.07042253521126,16.19718309859155,10,-26.455026455026733,15.046296296296617,Imola,2025,HUL
227.16549295774647,102.0,6.690140845070422,65.49295774647888,20.422535211267608,11,-29.063131313131265,13.88888888888869,Imola,2025,OCO
233.0,102.0,4.964539007092199,69.8581560283688,17.73049645390071,12,-37.46693121693127,12.784751278475278,Imola,2025,BEA
251.50824175824175,101.26,4.945054945054945,67.58241758241759,10.43956043956044,7,-40.509259259260126,12.731481481481472,Jeddah,2021,HAM
251.42465753424656,106.28,4.657534246575342,75.61643835616438,12.32876712328767,9,-28.9351851851858,12.002314814814971,Jeddah,2021,BOT
250.95054945054946,99.63,5.4945054945054945,77.1978021978022,12.912087912087914,8,-31.250000000000668,13.171296296296456,Jeddah,2021,VER
250.22343324250681,98.0,5.177111716621254,75.20435967302453,12.26158038147139,9,-33.56481481481478,11.574074074074064,Jeddah,2021,LEC
249.6584699453552,94.95,4.644808743169399,75.68306010928961,12.021857923497267,7,-28.194444444444855,12.73148148148117,Jeddah,2021,PER
249.44808743169398,97.65,5.46448087431694,75.40983606557377,9.836065573770492,6,-31.666666666667087,11.574074074074156,Jeddah,2021,GAS
249.26502732240436,99.25,4.918032786885246,74.04371584699454,11.748633879781421,8,-35.87962962962827,12.73148148148117,Jeddah,2021,NOR
249.0570652173913,98.01,4.891304347826087,76.63043478260869,9.510869565217392,7,-24.722222222222086,12.731481481481472,Jeddah,2021,TSU
247.9349593495935,98.04,5.149051490514905,69.91869918699187,10.02710027100271,10,-28.9351851851858,12.370409112040731,Jeddah,2021,OCO
248.88075880758808,94.4,5.420054200542006,74.52574525745257,12.466124661246612,8,-28.9351851851858,11.57407407407432,Jeddah,2021,GIO
248.3095890410959,101.0,5.7534246575342465,72.87671232876713,10.684931506849315,6,-31.74603174603172,12.731481481481472,Jeddah,2021,RIC
247.78319783197833,97.04,5.691056910569105,73.17073170731707,12.737127371273713,10,-35.8796296296296,13.888888888888877,Jeddah,2021,RAI
247.4177897574124,100.4,5.3908355795148255,75.2021563342318,10.242587601078167,7,-27.777777777777754,11.57407407407432,Jeddah,2021,ALO
246.93224932249322,93.04,5.691056910569105,75.33875338753387,12.195121951219512,8,-27.002314814815186,13.888888888888921,Jeddah,2021,RUS
249.425068119891,96.32,4.904632152588556,73.02452316076294,12.534059945504087,8,-34.72222222222297,12.731481481481472,Jeddah,2021,SAI
246.63513513513513,101.69,5.405405405405405,75.67567567567568,11.081081081081082,7,-37.037037037037,15.046296296296617,Jeddah,2021,LAT
246.277628032345,102.1,5.3908355795148255,71.96765498652292,11.859838274932615,7,-38.19444444444456,12.731481481481,Jeddah,2021,VET
245.8736559139785,99.42,5.913978494623656,74.73118279569893,13.978494623655912,9,-34.72222222222219,12.731481481481557,Jeddah,2021,STR
246.51075268817203,101.84,5.913978494623656,72.58064516129032,11.559139784946236,8,-33.333333333332966,12.731481481481472,Jeddah,2021,MSC
243.6968085106383,94.0,6.117021276595745,69.68085106382979,13.829787234042554,9,-37.03703703703564,11.904761904761932,Jeddah,2021,MAZ
253.1820895522388,98.0,3.880597014925373,76.11940298507463,14.029850746268657,7,-30.67708333333191,12.499999999999822,Jeddah,2023,PER
246.76615384615386,93.96000000000001,5.846153846153846,73.84615384615385,12.0,8,-29.513888888889518,13.888888888888815,Jeddah,2023,LEC
246.8343023255814,101.43,4.651162790697675,77.03488372093024,9.593023255813954,8,-34.72222222222173,11.111111111111052,Jeddah,2023,ALO
247.838905775076,96.84,4.86322188449848,75.07598784194529,13.677811550151976,9,-35.714285714285566,13.888888888889186,Jeddah,2023,RUS
250.04294478527606,92.5,4.9079754601226995,73.31288343558282,12.883435582822086,9,-30.94444444444424,14.310515873015834,Jeddah,2023,SAI
246.3684210526316,92.88,6.191950464396285,77.39938080495357,12.38390092879257,9,-31.435185185185084,11.284722222222213,Jeddah,2023,STR
245.4320241691843,97.0,6.042296072507553,70.99697885196375,13.293051359516618,8,-27.777777777777754,13.325866188769323,Jeddah,2023,OCO
246.15264797507788,98.2,5.919003115264798,70.40498442367601,10.903426791277258,8,-30.003858024691283,12.152777777777768,Jeddah,2023,HAM
244.26426426426426,98.32,4.504504504504505,71.17117117117117,12.312312312312311,7,-22.22222222222191,12.147727272727305,Jeddah,2023,PIA
246.20245398773005,95.75,5.214723926380368,71.16564417177914,9.815950920245399,7,-35.71428571428568,13.412698412698425,Jeddah,2023,GAS
245.80357142857142,93.05,6.547619047619048,68.75,13.095238095238097,8,-34.13194444444477,12.283214709371386,Jeddah,2023,HUL
246.8029411764706,94.78,6.176470588235294,72.05882352941177,11.470588235294118,8,-33.730158730158806,12.152777777777768,Jeddah,2023,ZHO
245.10914454277287,92.9,5.604719764011799,72.27138643067846,12.979351032448378,8,-31.250000000000668,12.499999999999822,Jeddah,2023,MAG
246.9378698224852,102.0,5.029585798816568,71.89349112426035,13.905325443786982,11,-32.98148148148211,12.50000000000047,Jeddah,2023,BOT
246.6583850931677,87.63,6.832298136645963,70.1863354037267,13.664596273291925,8,-31.226947902259052,12.839650398061618,Jeddah,2023,VER
242.77846153846153,93.72,5.846153846153846,71.07692307692308,9.538461538461538,6,-27.511574074073213,12.500000000000044,Jeddah,2023,TSU
244.33231707317074,92.27,6.402439024390244,68.29268292682927,15.24390243902439,9,-32.00503037205772,12.152777777777768,Jeddah,2023,ALB
0.0,0.0,100.0,0.0,0.0,0,0.0,0.0,Jeddah,2023,DEV
244.46355685131195,95.42,5.247813411078718,72.59475218658892,10.495626822157435,7,-24.715277777777782,12.29475308641965,Jeddah,2023,NOR
169.87759336099586,78.81,29.87551867219917,28.21576763485477,15.975103734439832,9,-29.513888888888207,10.555555555555696,Jeddah,2023,SAR
254.0701754385965,94.82,4.970760233918129,78.3625730994152,11.695906432748536,8,-30.787037037037695,11.597222222222124,Jeddah,2024,VER
251.43843843843842,94.28,4.804804804804805,73.57357357357357,11.711711711711711,9,-32.80671296296307,14.644421392346809,Jeddah,2024,LEC
248.72321428571428,92.1,6.547619047619048,75.89285714285714,12.797619047619047,8,-35.87962962962933,13.888888888888813,Jeddah,2024,PER
248.20606060606062,97.0,5.454545454545454,74.84848484848486,10.909090909090908,7,-35.892857142857025,10.416666666666735,Jeddah,2024,ALO
250.4969512195122,95.54,5.182926829268292,74.6951219512195,10.365853658536585,7,-32.8282828282828,13.601813110181347,Jeddah,2024,PIA
251.55963302752295,95.78,4.281345565749235,77.37003058103976,9.174311926605505,7,-32.98611111111111,12.731481481481472,Jeddah,2024,NOR
247.41017964071855,91.32,5.389221556886228,69.76047904191617,13.77245508982036,8,-31.74603174603172,12.896825396825344,Jeddah,2024,RUS
247.3212121212121,100.16,5.151515151515151,66.66666666666666,12.424242424242424,8,-29.513888888888207,12.944444444444423,Jeddah,2024,HAM
247.1341463414634,95.08,4.878048780487805,69.20731707317073,12.5,7,-36.111111111110596,11.94743130226956,Jeddah,2024,TSU
251.6371951219512,90.0,4.573170731707317,79.57317073170732,13.414634146341465,9,-28.136574074073224,12.853835978836011,Jeddah,2024,STR
248.86646884272997,92.72,5.637982195845697,75.96439169139467,12.759643916913946,9,-28.9351851851858,11.967180962342919,Jeddah,2024,BEA
249.26865671641792,97.7,5.074626865671641,70.44776119402985,13.134328358208954,8,-32.73809523809511,13.888888888888856,Jeddah,2024,ALB
246.7748538011696,99.05,4.970760233918129,70.76023391812866,14.035087719298245,8,-34.72222222222231,11.574074074074064,Jeddah,2024,MAG
247.22551928783383,97.0,5.637982195845697,71.2166172106825,12.166172106824925,7,-31.635802469135776,12.442129629629772,Jeddah,2024,RIC
246.19076923076923,90.48,6.153846153846154,72.0,12.615384615384615,9,-33.95061728395067,10.41666666666658,Jeddah,2024,HUL
247.6737804878049,101.0,4.878048780487805,72.86585365853658,14.329268292682926,9,-35.712962962962926,11.284722222222213,Jeddah,2024,BOT
244.0845921450151,92.2,5.740181268882175,70.69486404833837,16.91842900302115,12,-21.819444444444777,12.62626262626269,Jeddah,2024,OCO
245.96706586826346,95.66,5.9880239520958085,71.25748502994011,11.077844311377245,6,-29.761904761906155,12.499999999999934,Jeddah,2024,GAS
244.6519174041298,93.38,5.604719764011799,74.63126843657817,12.979351032448378,8,-27.777777777777754,13.888888888888854,Jeddah,2024,SAR
251.22641509433961,99.17,5.031446540880504,76.41509433962264,10.69182389937107,7,-30.092592592592567,12.499999999999822,Jeddah,2025,VER
252.91768292682926,92.81,4.573170731707317,57.3170731707317,10.365853658536585,7,-32.27293683725224,13.88888888888886,Jeddah,2025,PIA
252.19939577039275,99.3,5.13595166163142,75.22658610271903,12.688821752265861,8,-27.777777777777754,12.499999999999822,Jeddah,2025,RUS
249.6848484848485,88.58,4.848484848484849,71.81818181818181,12.727272727272727,10,-28.9351851851858,13.105806811836867,Jeddah,2025,LEC
248.4942196531792,97.45,6.6473988439306355,69.07514450867052,10.982658959537572,7,-32.44047619047612,13.902777777777931,Jeddah,2025,ANT
250.17857142857142,101.4,4.464285714285714,73.51190476190477,13.392857142857142,8,-32.26466049382756,12.731481481481472,Jeddah,2025,SAI
248.03405572755418,88.44,5.572755417956656,52.012383900928796,14.860681114551083,8,-30.092592592592677,12.731481481481472,Jeddah,2025,HAM
250.44954128440367,93.52,6.422018348623854,72.78287461773701,11.314984709480122,7,-38.88888888888834,12.413194444444375,Jeddah,2025,TSU
250.74153846153845,90.72,5.230769230769231,72.3076923076923,11.076923076923077,7,-25.641319928715063,12.598379629629672,Jeddah,2025,GAS
250.3573667711599,92.18,4.38871473354232,52.97805642633229,11.285266457680251,8,-30.75396825396813,12.731481481481472,Jeddah,2025,NOR
249.57014925373133,98.34,5.074626865671641,75.22388059701493,12.835820895522387,8,-27.7777777777778,9.722222222222172,Jeddah,2025,ALB
249.70516717325228,94.28,6.079027355623101,75.37993920972644,10.638297872340425,6,-26.455026455026307,13.604016029892144,Jeddah,2025,LAW
250.01552795031057,99.21,4.968944099378882,73.6024844720497,10.869565217391305,8,-27.777777777778372,11.065796157753894,Jeddah,2025,ALO
245.50746268656715,96.68,6.26865671641791,71.34328358208955,12.238805970149254,8,-27.777777777777548,14.336970899470534,Jeddah,2025,HAD
249.7667638483965,92.42,5.539358600583091,71.7201166180758,15.743440233236154,12,-30.128472222222467,13.888888888889186,Jeddah,2025,BEA
247.64411764705883,98.78,5.88235294117647,75.58823529411765,13.529411764705882,9,-33.851055356431715,12.731481481481755,Jeddah,2025,STR
247.01501501501502,95.28,5.405405405405405,66.66666666666666,16.516516516516518,8,-32.44791666666714,13.888888888888834,Jeddah,2025,DOO
248.3443113772455,90.66,6.287425149700598,71.55688622754491,13.17365269461078,8,-36.11111111111108,12.087066905614739,Jeddah,2025,HUL
246.29239766081872,78.64,5.847953216374268,69.2982456140351,16.95906432748538,10,-31.94444444444399,13.333333333333359,Jeddah,2025,OCO
248.04360465116278,91.43,6.104651162790697,68.6046511627907,14.825581395348838,11,-29.97222222222267,12.499999999999966,Jeddah,2025,BOR
237.72881355932202,94.0,14.40677966101695,68.64406779661016,17.231638418079097,10,-33.854166666666636,13.888888888887951,Las Vegas,2023,LEC
236.6317280453258,98.0,13.881019830028329,68.27195467422096,14.730878186968837,8,-34.72222222222196,13.88888888888869,Las Vegas,2023,SAI
237.85422740524783,96.0,14.577259475218659,67.93002915451895,16.034985422740526,7,-37.499999999999964,12.82903439153436,Las Vegas,2023,VER
238.03116147308782,94.0,14.164305949008499,67.98866855524079,16.147308781869686,6,-38.95721663874956,13.888888888889186,Las Vegas,2023,RUS
234.909604519774,97.53,14.689265536723164,65.81920903954803,13.27683615819209,6,-27.77777777777767,12.56281407035188,Las Vegas,2023,GAS
235.79661016949152,92.53,14.689265536723164,63.2768361581921,18.361581920903955,8,-34.72222222222194,13.602693602693472,Las Vegas,2023,ALB
234.36723163841808,91.53,16.38418079096045,64.40677966101694,16.666666666666664,7,-33.38372385991415,14.36507936507951,Las Vegas,2023,SAR
236.41242937853107,91.53,16.38418079096045,66.10169491525424,16.38418079096045,7,-29.513888888888903,13.020833333333323,Las Vegas,2023,BOT
236.59428571428572,91.98,15.142857142857144,66.28571428571428,16.57142857142857,7,-32.549325025960194,13.888888888888898,Las Vegas,2023,MAG
237.21902017291066,92.46,13.544668587896252,69.164265129683,14.985590778097983,8,-33.85416666666589,12.534547738693655,Las Vegas,2023,ALO
236.91714285714286,93.49,16.28571428571429,64.85714285714286,14.857142857142858,8,-30.75396825396813,12.896825396825344,Las Vegas,2023,HAM
237.5794117647059,92.39,14.411764705882351,67.05882352941175,16.470588235294116,6,-29.166666666666256,13.63541666666661,Las Vegas,2023,PER
236.80523255813952,94.43,15.11627906976744,67.15116279069767,15.406976744186046,8,-32.98611111111113,13.819789939192889,Las Vegas,2023,HUL
235.14754098360655,91.0,15.300546448087433,67.21311475409836,16.120218579234972,9,-35.931453841901515,13.06165099268566,Las Vegas,2023,STR
232.0110497237569,94.0,16.022099447513813,62.98342541436463,17.403314917127073,6,-39.20634920634901,13.888888888888877,Las Vegas,2023,RIC
232.9364640883978,95.0,16.574585635359114,61.60220994475139,13.535911602209943,6,-30.595238095237796,13.888888888888877,Las Vegas,2023,NOR
230.74787535410766,89.52,16.997167138810198,62.3229461756374,19.263456090651555,9,-27.77777777777738,12.731481481481566,Las Vegas,2023,OCO
234.42776203966005,92.52,16.147308781869686,64.58923512747874,16.71388101983003,7,-30.09259259259264,13.888888888888774,Las Vegas,2023,ZHO
232.91061452513966,91.57,17.039106145251395,64.24581005586593,13.966480446927374,6,-32.72069061542738,13.020833333333323,Las Vegas,2023,PIA
228.82535211267606,90.54,17.464788732394364,62.53521126760564,17.74647887323944,6,-30.881944444444166,13.066165123456791,Las Vegas,2023,TSU
239.95467422096317,91.56,15.01416430594901,68.55524079320114,14.44759206798867,7,-36.564814814814916,13.605902777777768,Las Vegas,2024,RUS
239.34097421203438,91.0,17.191977077363894,67.3352435530086,17.765042979942695,10,-39.66189674523021,12.731481481481755,Las Vegas,2024,SAI
238.67528735632183,93.0,15.229885057471265,67.81609195402298,13.218390804597702,6,-38.19444444444526,13.88888888888931,Las Vegas,2024,GAS
241.33522727272728,92.0,13.920454545454545,68.18181818181817,15.909090909090908,12,-31.25000000000011,13.454861111111152,Las Vegas,2024,LEC
239.9661971830986,96.0,14.647887323943662,67.32394366197182,14.647887323943662,7,-37.80864197530866,14.880952380952321,Las Vegas,2024,VER
239.17378917378917,96.0,14.245014245014245,64.1025641025641,15.669515669515668,8,-38.69047619047603,12.960069444444413,Las Vegas,2024,NOR
238.05113636363637,91.51,15.625,67.04545454545455,14.204545454545455,6,-37.44339951236472,13.888888888888937,Las Vegas,2024,TSU
238.69747899159663,93.0,15.686274509803921,65.54621848739495,14.565826330532214,6,-38.8888888888889,13.88888888888869,Las Vegas,2024,PIA
237.41761363636363,92.51,15.909090909090908,67.04545454545455,15.625,8,-32.63099747474746,15.376984126983933,Las Vegas,2024,HUL
238.16571428571427,91.49,15.428571428571427,70.0,14.000000000000002,8,-31.35558561676127,13.020833333333323,Las Vegas,2024,HAM
237.46045197740114,90.0,15.819209039548024,65.2542372881356,19.491525423728813,13,-30.000000000000078,15.563492063491932,Las Vegas,2024,OCO
238.6373937677054,92.52,15.29745042492918,66.0056657223796,16.147308781869686,7,-37.73437499999996,13.888888888888937,Las Vegas,2024,MAG
238.39044943820224,89.0,15.44943820224719,66.01123595505618,17.97752808988764,7,-31.210317460317615,13.888888888889184,Las Vegas,2024,ZHO
235.24166666666667,92.59,16.38888888888889,62.22222222222222,17.22222222222222,8,-29.42129629629556,13.88888888888869,Las Vegas,2024,COL
234.60335195530726,90.0,16.201117318435752,65.92178770949721,14.804469273743019,6,-38.690476190477014,13.888888888888834,Las Vegas,2024,LAW
238.0911680911681,92.5,14.529914529914532,66.66666666666666,16.80911680911681,7,-35.04050925925959,13.888888888888774,Las Vegas,2024,PER
236.32577903682719,90.52,16.43059490084986,54.95750708215298,14.44759206798867,6,-32.738095238095525,14.374999999999952,Las Vegas,2024,ALO
232.6112676056338,86.54,16.056338028169016,61.408450704225345,17.183098591549296,7,-31.94444444444456,13.888888888888859,Las Vegas,2024,ALB
233.64265129682997,84.0,18.155619596541786,64.26512968299711,17.29106628242075,7,-33.73015873015859,13.888888888889074,Las Vegas,2024,BOT
230.5,89.51,16.193181818181817,63.92045454545454,18.46590909090909,10,-34.72222222222245,13.454861111111008,Las Vegas,2024,STR
205.94206549118388,71.0,27.204030226700255,48.86649874055416,18.639798488664987,10,-23.159722222222086,12.162422839506167,Las Vegas,2025,NOR
206.2280701754386,73.98,27.819548872180448,49.122807017543856,21.052631578947366,8,-26.23919753086424,11.608796296296283,Las Vegas,2025,VER
203.3325,67.0,28.249999999999996,44.0,25.25,11,-23.611111111112454,12.152777777777768,Las Vegas,2025,SAI
204.03703703703704,69.04,27.160493827160494,47.654320987654316,21.48148148148148,8,-26.581060701931026,13.888888888888687,Las Vegas,2025,RUS
201.52392344497608,70.17,28.22966507177033,42.822966507177036,17.22488038277512,9,-27.777777777778272,11.468253968253576,Las Vegas,2025,PIA
202.57142857142858,73.0,28.32512315270936,47.29064039408867,20.935960591133004,6,-27.777777777778372,12.326347700013185,Las Vegas,2025,LAW
202.85503685503684,70.0,28.746928746928745,47.665847665847664,21.13022113022113,9,-26.93405732198814,11.994949494949557,Las Vegas,2025,ALO
200.03658536585365,68.0,28.536585365853657,45.85365853658537,23.414634146341466,8,-25.000000000000032,11.111111111111152,Las Vegas,2025,HAD
201.0625,70.0,28.60576923076923,42.06730769230769,21.634615384615387,13,-24.99999999999998,12.104522233832489,Las Vegas,2025,LEC
198.36320754716982,71.0,28.537735849056606,43.63207547169811,20.047169811320757,8,-21.99074074074072,11.284722222221962,Las Vegas,2025,GAS
198.1270983213429,68.16,28.297362110311752,39.08872901678657,20.863309352517987,8,-23.061342592592673,10.416666666666558,Las Vegas,2025,HUL
196.47990543735224,65.22,29.078014184397162,44.44444444444444,22.69503546099291,10,-21.825396825396737,11.111111111111152,Las Vegas,2025,STR
197.03381642512076,68.13,29.951690821256037,37.92270531400966,27.294685990338163,11,-24.30555555555556,10.442773600668314,Las Vegas,2025,OCO
196.8127962085308,67.0,29.620853080568722,40.28436018957346,24.407582938388625,10,-23.518518518518587,10.27777777777758,Las Vegas,2025,BEA
194.31042654028437,66.0,29.620853080568722,38.15165876777251,21.563981042654028,7,-22.569444444444926,9.956192751891553,Las Vegas,2025,COL
189.64827586206897,64.34,29.88505747126437,30.804597701149426,28.965517241379313,14,-18.518518518518537,12.152777777778038,Las Vegas,2025,ALB
188.2528735632184,63.34,31.95402298850575,29.88505747126437,21.379310344827587,12,-20.50595238095234,11.743551587301766,Las Vegas,2025,ANT
191.1685393258427,63.88,29.662921348314608,32.58426966292135,24.719101123595504,8,-19.444444444444514,11.805555555555388,Las Vegas,2025,BOR
188.76201372997713,60.36,30.663615560640732,34.32494279176201,22.65446224256293,7,-20.202020202020204,11.111111111110954,Las Vegas,2025,TSU
190.6726457399103,64.0,29.596412556053814,27.802690582959645,27.3542600896861,11,-22.727272727272844,12.043650793650617,Las Vegas,2025,HAM
231.81989247311827,88.71,7.795698924731183,58.87096774193549,13.978494623655912,10,-24.76851851851848,12.345679012345698,Le Castellet,2018,HAM
231.09408602150538,89.71,7.795698924731183,60.215053763440864,13.709677419354838,13,-26.62037037037035,12.731481481481376,Le Castellet,2018,BOT
230.44919786096256,85.73,7.219251336898395,60.16042780748663,18.449197860962567,15,-25.462962962962944,13.37962962962958,Le Castellet,2018,VET
230.35106382978722,88.75,7.180851063829788,59.308510638297875,18.085106382978726,11,-28.935185185185162,12.303240740740799,Le Castellet,2018,VER
229.45478723404256,91.0,5.851063829787234,61.702127659574465,15.159574468085108,10,-28.935185185185215,11.018518518518732,Le Castellet,2018,RIC
229.5877659574468,85.0,7.446808510638298,59.308510638297875,17.02127659574468,11,-34.549474847982225,13.032407407407677,Le Castellet,2018,RAI
227.32198952879583,90.81,7.591623036649215,60.47120418848168,18.06282722513089,11,-28.70370370370363,12.962962962963063,Le Castellet,2018,SAI
226.16535433070865,89.0,7.874015748031496,59.580052493438316,15.485564304461944,15,-23.148148148148127,11.57407407407432,Le Castellet,2018,LEC
227.87335092348286,84.56,7.387862796833773,59.10290237467019,17.41424802110818,9,-30.092592592592567,12.731481481481755,Le Castellet,2018,MAG
227.70184696569922,85.34,6.068601583113456,61.477572559366756,15.03957783641161,9,-24.837962962962965,13.03870292887011,Le Castellet,2018,GRO
226.3517060367454,83.8,7.874015748031496,57.74278215223097,20.73490813648294,15,-29.479166666666583,13.888888888888774,Le Castellet,2018,OCO
226.16272965879264,87.8,6.824146981627297,59.31758530183727,15.485564304461944,13,-27.16435185185185,13.88888888888886,Le Castellet,2018,HUL
224.91361256544502,84.43,9.68586387434555,58.37696335078534,15.968586387434556,12,-31.24999999999974,16.20370370370405,Le Castellet,2018,PER
225.42819843342036,86.46000000000001,7.310704960835509,59.530026109660575,14.621409921671018,10,-29.814814814814742,12.731481481481,Le Castellet,2018,GAS
224.50523560209425,83.62,8.638743455497382,59.68586387434554,14.397905759162304,11,-25.000000000000533,12.962962962962761,Le Castellet,2018,ERI
223.68668407310705,85.46000000000001,8.355091383812011,61.096605744125334,16.187989556135772,13,-32.855436081242544,12.731481481481,Le Castellet,2018,ALO
224.34635416666666,87.49,7.552083333333333,59.114583333333336,13.802083333333334,10,-28.935185185185162,12.731481481481755,Le Castellet,2018,HAR
223.4378238341969,83.85,8.290155440414509,60.362694300518136,16.580310880829018,16,-19.99999999999998,12.731481481481,Le Castellet,2018,VAN
222.50129198966408,77.86,10.852713178294573,57.88113695090439,17.31266149870801,13,-24.016203703702953,13.947001394700717,Le Castellet,2018,SIR
222.328165374677,85.58,8.527131782945736,57.88113695090439,19.638242894056848,14,-32.40740740740714,12.90509259259272,Le Castellet,2018,STR
235.62362637362637,88.89,6.868131868131869,62.08791208791209,14.560439560439562,11,-27.777777777777754,13.888888888888834,Le Castellet,2019,HAM
235.16621253405995,91.0,7.084468664850137,63.48773841961853,15.258855585831062,12,-33.969907407407284,13.819789939193377,Le Castellet,2019,BOT
234.74246575342465,85.28,6.8493150684931505,62.19178082191781,15.616438356164384,14,-22.974537037037237,13.910390516039145,Le Castellet,2019,LEC
233.2445652173913,86.01,7.336956521739131,64.94565217391305,15.489130434782608,11,-26.62037037037015,12.731481481481755,Le Castellet,2019,VER
232.7391304347826,89.01,7.880434782608696,62.77173913043478,13.043478260869565,10,-23.148148148148127,13.888888888889186,Le Castellet,2019,NOR
232.6576086956522,82.68,7.880434782608696,64.13043478260869,15.217391304347828,11,-23.1481481481483,14.282407407407149,Le Castellet,2019,SAI
232.84324324324325,86.07,7.837837837837839,61.62162162162163,15.945945945945947,10,-25.462962962962944,13.888888888888834,Le Castellet,2019,VET
231.59349593495935,92.08,7.046070460704606,60.43360433604336,13.821138211382115,10,-26.312830687830633,15.046296296296617,Le Castellet,2019,RIC
231.0,84.4,7.547169811320755,63.61185983827493,14.824797843665769,11,-23.865740740740662,12.731481481481755,Le Castellet,2019,GAS
231.4798927613941,90.16,7.774798927613941,61.3941018766756,15.549597855227882,12,-37.708333333333215,13.888888888889186,Le Castellet,2019,GIO
230.44919786096256,87.92,8.288770053475936,61.49732620320856,17.11229946524064,10,-34.54947484798345,12.731481481481,Le Castellet,2019,ALB
230.81550802139037,86.92,8.288770053475936,60.962566844919785,17.914438502673796,11,-25.231481481481385,11.57407407407432,Le Castellet,2019,RAI
230.62299465240642,92.46,7.754010695187167,60.6951871657754,15.508021390374333,10,-29.321448313985663,11.898148148148124,Le Castellet,2019,HUL
229.36898395721926,85.73,8.823529411764707,60.42780748663101,16.0427807486631,10,-24.074074074074034,14.212962962962518,Le Castellet,2019,PER
228.92572944297083,85.76,7.957559681697612,60.742705570291776,19.363395225464192,11,-24.884259259259238,11.86342592592599,Le Castellet,2019,MAG
227.72222222222223,89.0,7.671957671957672,61.64021164021164,17.46031746031746,10,-26.26984126984126,12.731481481481755,Le Castellet,2019,KVY
228.23544973544975,85.77,7.936507936507936,62.698412698412696,16.402116402116402,10,-23.65740740740733,11.57407407407432,Le Castellet,2019,GRO
227.43157894736842,87.79,8.157894736842106,58.94736842105262,17.894736842105264,16,-28.935185185185187,12.731481481481124,Le Castellet,2019,STR
224.55874673629242,86.82,8.355091383812011,59.7911227154047,18.01566579634465,12,-34.72222222222194,13.888888888888774,Le Castellet,2019,RUS
223.43927648578813,85.0,9.30232558139535,58.91472868217055,17.571059431524546,15,-32.92824074074132,12.731481481481755,Le Castellet,2019,KUB
229.0395778364116,87.56,6.860158311345646,61.21372031662269,15.567282321899736,11,-23.148148148147957,13.26388888888901,Le Castellet,2021,GAS
229.77718832891247,86.76,7.161803713527852,60.742705570291776,16.710875331564985,9,-27.77777777777795,12.731481481481376,Le Castellet,2021,PER
227.8421052631579,85.37,7.894736842105263,60.78947368421053,15.526315789473685,12,-23.148148148148127,11.828703703703756,Le Castellet,2021,ALO
228.70448548812664,85.34,6.596306068601583,62.532981530343015,16.886543535620053,14,-24.87599206349244,13.263888888889214,Le Castellet,2021,LEC
156.7404718693285,56.0,44.827586206896555,26.860254083484573,17.96733212341198,17,-21.42361111111109,12.16435185185155,Le Castellet,2021,STR
227.501312335958,88.4,7.349081364829396,61.15485564304461,17.322834645669293,10,-20.833333333333314,13.888888888889186,Le Castellet,2021,RIC
226.90526315789472,88.79,7.631578947368421,51.578947368421055,16.57894736842105,10,-34.72222222222219,11.622501162249906,Le Castellet,2021,OCO
230.94385026737967,87.73,6.951871657754011,60.6951871657754,16.844919786096256,10,-24.120370370370544,13.055555555555804,Le Castellet,2021,VER
227.80263157894737,84.79,7.368421052631578,60.78947368421053,18.684210526315788,11,-23.148148148148127,13.888888888889186,Le Castellet,2021,NOR
230.22933333333333,89.48,6.933333333333333,59.73333333333334,15.2,10,-21.458333333333325,13.888888888888886,Le Castellet,2021,HAM
223.85714285714286,83.84,7.532467532467532,56.1038961038961,17.142857142857142,10,-31.38075313807533,12.731481481481755,Le Castellet,2021,MSC
226.4461942257218,89.4,8.136482939632545,58.26771653543307,18.635170603674542,11,-21.99074074074072,12.731481481481,Le Castellet,2021,VET
228.79310344827587,87.04,6.631299734748011,62.3342175066313,15.119363395225463,13,-26.257600884466488,12.731481481481755,Le Castellet,2021,SAI
222.5,82.85,8.031088082901555,57.2538860103627,17.875647668393782,11,-32.40740740740738,12.43781094527404,Le Castellet,2021,LAT
226.31151832460733,88.62,9.162303664921465,60.47120418848168,17.801047120418847,10,-32.40740740740738,12.76455026455047,Le Castellet,2021,RUS
222.77634961439588,82.88,8.226221079691516,57.326478149100254,18.251928020565554,12,-30.092592592592567,12.881944444444661,Le Castellet,2021,RAI
230.01861702127658,90.75,6.914893617021277,60.90425531914894,14.893617021276595,11,-23.796296296296216,13.032407407407462,Le Castellet,2021,BOT
222.47300771208225,80.64,7.969151670951156,54.75578406169666,18.50899742930591,11,-33.56481481481491,12.881944444444333,Le Castellet,2021,MAZ
226.59736842105264,86.79,7.368421052631578,59.73684210526316,15.789473684210526,11,-29.761904761904738,11.574074074074149,Le Castellet,2021,GIO
240.43026706231453,111.8,1.7804154302670623,70.32640949554896,12.166172106824925,7,-24.305555555554637,10.416666666666735,Lusail,2021,HAM
238.94378698224853,107.74,2.0710059171597637,70.41420118343196,12.721893491124261,7,-25.462962962962944,12.4378109452736,Lusail,2021,VER
237.96153846153845,111.11,2.0710059171597637,65.97633136094674,12.42603550295858,10,-23.148148148148067,10.416666666666735,Lusail,2021,BOT
237.6449704142012,109.74,2.0710059171597637,68.63905325443787,10.946745562130179,7,-23.412698412698486,12.00396825396821,Lusail,2021,GAS
237.6705882352941,111.17,2.0588235294117645,70.0,11.76470588235294,7,-21.550925925925966,11.574074074074149,Lusail,2021,ALO
237.53529411764706,107.17,2.3529411764705883,66.76470588235294,12.647058823529411,8,-21.990740740740883,11.134259259259279,Lusail,2021,NOR
237.27565982404693,108.0,2.0527859237536656,68.62170087976538,13.78299120234604,9,-28.935185185185162,11.122685185185274,Lusail,2021,SAI
237.28445747800586,106.4,2.346041055718475,70.38123167155426,10.263929618768328,7,-24.305555555555717,11.574074074073978,Lusail,2021,TSU
236.73607038123168,106.6,2.346041055718475,63.929618768328446,10.263929618768328,8,-19.675925925926347,12.022156084656029,Lusail,2021,OCO
0.0935672514619883,0.0,100.0,0.0,72.80701754385966,1,-1.157407407407407,0.0,Lusail,2021,VET
235.72222222222223,107.41,2.046783625730994,69.00584795321637,13.742690058479532,8,-21.097745234774898,10.416666666666735,Lusail,2021,PER
235.35568513119534,107.0,2.623906705539359,67.63848396501457,20.11661807580175,12,-24.305555555555625,12.731481481481488,Lusail,2021,STR
235.46491228070175,107.64,2.3391812865497075,67.54385964912281,14.619883040935672,12,-25.939745715865065,11.574074074073978,Lusail,2021,LEC
235.45639534883722,102.86,2.616279069767442,67.15116279069767,10.174418604651162,7,-22.66203703703695,11.574074074073978,Lusail,2021,RIC
234.49562682215745,107.42,2.3323615160349855,65.3061224489796,12.82798833819242,7,-22.11166390270872,10.416666666666671,Lusail,2021,RUS
233.59420289855072,106.76,2.318840579710145,64.05797101449275,14.492753623188406,9,-21.530538121803307,11.574074074073978,Lusail,2021,RAI
233.29275362318842,107.44,2.608695652173913,66.95652173913044,15.36231884057971,7,-28.935185185185162,11.076388888888921,Lusail,2021,LAT
233.58260869565217,104.88,2.608695652173913,64.34782608695652,15.36231884057971,11,-26.62037037037035,11.076388888888921,Lusail,2021,GIO
233.01156069364163,106.8,2.312138728323699,64.73988439306359,14.16184971098266,8,-27.777777777777857,10.99285319434582,Lusail,2021,MSC
226.76190476190476,105.56,2.5210084033613445,57.98319327731093,20.168067226890756,11,-23.148148148147957,11.574074074074131,Lusail,2021,MAZ
231.45425867507888,100.32,2.8391167192429023,61.198738170347,15.457413249211358,8,-25.462962962962944,12.317708333333208,Lusail,2023,VER
230.4794952681388,99.48,3.1545741324921135,64.35331230283911,12.933753943217665,8,-20.891364902506965,12.499999999999822,Lusail,2023,RUS
229.64240506329114,97.45,3.1645569620253164,64.24050632911393,12.974683544303797,7,-22.569444444444926,10.732323232323289,Lusail,2023,HAM
230.429012345679,96.0,3.0864197530864197,63.27160493827161,16.049382716049383,9,-24.196428571428534,12.981481481481442,Lusail,2023,ALO
228.70807453416148,100.63,3.4161490683229814,59.006211180124225,13.975155279503104,10,-25.042087542087604,11.944444444444711,Lusail,2023,LEC
231.38364779874215,103.68,2.515723270440252,55.9748427672956,12.89308176100629,8,-22.31481481481473,10.373443983402504,Lusail,2023,PIA
230.20062695924764,101.54,2.8213166144200628,59.24764890282132,14.106583072100312,7,-26.79398148148146,12.381944444444294,Lusail,2023,GAS
227.36990595611286,103.18,3.1347962382445136,59.87460815047022,20.689655172413794,14,-25.00000000000009,11.769841269841224,Lusail,2023,OCO
228.7530487804878,99.81,3.048780487804878,60.97560975609756,13.414634146341465,10,-23.14814814814864,11.111111111111152,Lusail,2023,BOT
231.20807453416148,102.21,2.7950310559006213,46.58385093167702,13.354037267080745,7,-24.305555555555625,11.904761904761902,Lusail,2023,NOR
227.55555555555554,93.15,3.3950617283950617,63.888888888888886,13.88888888888889,8,-18.61111111111121,10.41666666666689,Lusail,2023,TSU
227.48765432098764,96.46,3.7037037037037033,59.876543209876544,22.22222222222222,15,-34.108024691358004,11.574074074073978,Lusail,2023,SAI
225.79807692307693,97.11,2.8846153846153846,62.82051282051282,16.666666666666664,7,-23.350694444444894,12.692901234567799,Lusail,2023,PER
225.81012658227849,97.3,3.1645569620253164,55.06329113924051,16.139240506329113,8,-19.841269841269884,11.574074074073978,Lusail,2023,ALB
226.8153846153846,102.72,2.4615384615384617,61.53846153846154,15.692307692307692,11,-24.72619047619059,11.752314814814822,Lusail,2023,HUL
225.10479041916167,101.33,2.9940119760479043,58.08383233532935,14.67065868263473,10,-24.305555555556076,11.111111111111152,Lusail,2023,SAR
223.3483870967742,91.27,3.5483870967741935,62.25806451612903,15.806451612903224,9,-28.64583333333331,12.500000000000044,Lusail,2023,STR
224.18530351437698,90.24,2.8753993610223643,60.063897763578275,18.210862619808307,9,-20.833333333333417,10.912698412698369,Lusail,2023,LAW
222.44267515923568,96.52,3.821656050955414,57.64331210191082,18.471337579617835,11,-24.305555555555358,11.57407407407432,Lusail,2023,MAG
222.17220543806647,93.6,3.927492447129909,57.09969788519638,14.19939577039275,8,-23.90252976190499,13.217592592592535,Lusail,2023,ZHO
240.60927152317882,104.02,2.6490066225165565,71.8543046357616,12.91390728476821,7,-23.493642896628742,10.003077870113765,Lusail,2024,VER
241.41042345276873,105.06,2.2801302931596092,69.38110749185668,13.355048859934854,7,-21.717923280423218,13.113425925925947,Lusail,2024,RUS
243.21694915254238,107.82,2.3728813559322033,72.20338983050848,10.508474576271185,7,-20.202380952380874,10.138888888888895,Lusail,2024,NOR
239.751677852349,100.0,3.3557046979865772,69.46308724832215,10.738255033557047,7,-18.099647266313863,11.38888888888893,Lusail,2024,PIA
240.0608108108108,108.9,2.7027027027027026,72.2972972972973,11.486486486486488,7,-20.83333333333341,12.173611111111345,Lusail,2024,LEC
239.9198717948718,105.11,2.564102564102564,69.87179487179486,13.782051282051283,8,-21.874999999999883,13.715277777777715,Lusail,2024,HAM
240.05369127516778,100.94,3.3557046979865772,71.47651006711409,15.771812080536913,8,-22.592592592593054,11.904761904761857,Lusail,2024,SAI
238.12131147540984,105.04,2.622950819672131,68.85245901639344,13.114754098360656,7,-21.976851851851833,11.539351851851837,Lusail,2024,ALO
235.40584415584416,102.0,2.5974025974025974,70.45454545454545,14.285714285714285,7,-25.462962962962,12.916666666666668,Lusail,2024,PER
238.4915824915825,103.96,2.356902356902357,70.03367003367003,13.468013468013467,7,-24.950396825396727,10.101010101010154,Lusail,2024,MAG
237.47770700636943,102.26,3.1847133757961785,67.83439490445859,13.694267515923567,7,-23.809523809523714,12.500000000000266,Lusail,2024,GAS
237.90878378378378,104.7,2.364864864864865,71.62162162162163,12.162162162162163,8,-19.548611111111107,11.59391534391527,Lusail,2024,ZHO
237.4078947368421,103.09,2.631578947368421,70.39473684210526,12.171052631578947,8,-23.129629629629612,11.904761904761857,Lusail,2024,BOT
237.8695652173913,100.96,2.6755852842809364,69.89966555183946,13.043478260869565,7,-25.462962962962752,11.111111111111349,Lusail,2024,TSU
236.8936877076412,106.0,2.6578073089700998,67.109634551495,14.950166112956811,10,-24.366319444444603,12.513888888888697,Lusail,2024,STR
235.54716981132074,103.34,2.8301886792452833,64.77987421383648,13.836477987421384,7,-24.305555555555536,11.994949494949557,Lusail,2024,ALB
235.64951768488746,104.0,2.8938906752411575,69.45337620578779,13.183279742765272,7,-25.158483171968264,9.92063492063488,Lusail,2024,LAW
236.70805369127515,102.97,2.348993288590604,69.46308724832215,13.087248322147651,7,-22.569444444444926,11.296296296296294,Lusail,2024,HUL
234.5047619047619,105.28,2.857142857142857,63.17460317460317,15.555555555555555,7,-23.148148148148298,11.574074074073978,Lusail,2024,COL
235.1867088607595,103.15,2.848101265822785,65.50632911392405,17.088607594936708,12,-19.504419191919197,12.152777777778038,Lusail,2024,OCO
243.78947368421052,103.12,2.631578947368421,68.42105263157895,11.842105263157894,7,-28.9120370370368,11.56481481481506,Lusail,2025,PIA
244.4983164983165,108.88,2.6936026936026933,69.36026936026936,11.447811447811448,7,-22.569444444444425,10.741341991342045,Lusail,2025,NOR
242.63036303630363,106.08,2.6402640264026402,70.95709570957096,12.541254125412541,7,-24.305555555555536,9.722222222222431,Lusail,2025,VER
244.1443298969072,112.6,2.0618556701030926,70.44673539518901,14.0893470790378,8,-24.993055555554108,11.316550925925924,Lusail,2025,RUS
244.7076411960133,112.0,1.6611295681063125,69.10299003322258,12.956810631229235,7,-26.462487019729988,11.577380952380855,Lusail,2025,ANT
242.15436241610738,103.88,2.348993288590604,68.79194630872483,12.080536912751679,7,-19.952056148675933,10.416666666666888,Lusail,2025,HAD
240.03300330033002,107.0,2.9702970297029703,68.64686468646865,12.541254125412541,7,-18.5185185185185,10.027777777777795,Lusail,2025,SAI
242.32038834951456,105.08,2.26537216828479,70.55016181229773,12.944983818770226,7,-22.569444444443924,10.10101010100999,Lusail,2025,ALO
241.57467532467533,110.14,2.272727272727273,70.45454545454545,13.636363636363635,8,-16.203703703704022,12.077294685990237,Lusail,2025,GAS
240.07792207792207,101.14,2.922077922077922,66.23376623376623,15.584415584415584,8,-25.942071577847422,12.69675925925953,Lusail,2025,LEC
243.67763157894737,103.06,2.302631578947368,72.69736842105263,9.868421052631579,7,-22.194444444444525,11.574074074073978,Lusail,2025,HUL
241.15409836065575,110.08,2.622950819672131,71.47540983606558,10.819672131147541,7,-21.99074074074072,10.416666666666657,Lusail,2025,LAW
242.3973063973064,108.76,2.0202020202020203,73.4006734006734,16.161616161616163,11,-23.181216931216746,10.437461312287079,Lusail,2025,BEA
240.72277227722773,102.0,2.6402640264026402,69.63696369636963,12.211221122112212,7,-24.28977272727271,10.416666666666885,Lusail,2025,BOR
238.37209302325581,101.0,2.6578073089700998,67.77408637873754,12.956810631229235,8,-21.892636684303536,11.597222222222104,Lusail,2025,ALB
239.63245033112582,102.0,3.3112582781456954,66.22516556291392,12.91390728476821,8,-20.13888888888896,10.265700483091768,Lusail,2025,TSU
239.0704697986577,104.91,2.348993288590604,69.46308724832215,16.778523489932887,12,-22.81746031746031,12.152777777777498,Lusail,2025,OCO
240.2937293729373,106.02,2.6402640264026402,69.96699669966998,16.831683168316832,9,-25.458333333333126,11.111111111111152,Lusail,2025,HAM
240.32013201320132,106.04,2.6402640264026402,70.95709570957096,10.561056105610561,8,-18.5185185185185,10.912698412698369,Lusail,2025,STR
239.6953642384106,105.01,2.3178807947019866,66.22516556291392,14.56953642384106,8,-24.305555555555536,12.152777777778038,Lusail,2025,COL
234.26315789473685,98.0,5.263157894736842,67.2514619883041,12.280701754385964,8,-33.167495854062935,11.57407407407432,Melbourne,2018,HAM
232.4376811594203,92.2,6.956521739130435,68.11594202898551,14.202898550724639,8,-37.03703703703673,12.731481481481591,Melbourne,2018,RAI
232.88439306358381,95.45,5.780346820809249,69.07514450867052,15.606936416184972,11,-34.21296296296279,13.403068340307005,Melbourne,2018,VET
232.48695652173913,98.88,5.507246376811594,70.43478260869566,11.884057971014492,6,-33.14717960638427,11.622501162250597,Melbourne,2018,VER
231.46666666666667,99.0,5.797101449275362,69.85507246376812,13.043478260869565,7,-34.549474847982225,12.254619944212052,Melbourne,2018,RIC
228.48,93.49,6.857142857142858,65.42857142857143,14.857142857142858,8,-37.037037037037,12.76509132626013,Melbourne,2018,MAG
228.64957264957266,92.0,7.6923076923076925,62.10826210826211,12.250712250712251,7,-27.350941422594214,11.574074074073636,Melbourne,2018,GRO
227.63247863247864,96.0,5.982905982905983,69.51566951566952,13.96011396011396,9,-33.56481481481553,11.055831951354607,Melbourne,2018,HUL
228.30747126436782,94.41,7.471264367816093,67.24137931034483,15.229885057471265,9,-33.564814814814845,12.731481481481755,Melbourne,2018,SAI
231.47976878612718,96.9,5.491329479768786,67.05202312138728,13.294797687861271,8,-30.092592592591952,13.34735669279243,Melbourne,2018,BOT
227.54647887323944,93.54,6.760563380281689,68.73239436619718,14.647887323943662,9,-31.790543158221034,11.980030403537775,Melbourne,2018,ALO
226.6373937677054,91.56,6.79886685552408,54.39093484419264,14.730878186968837,12,-38.19444444444413,12.607811708542426,Melbourne,2018,VAN
226.28248587570621,89.0,7.344632768361582,65.5367231638418,14.689265536723164,9,-35.02487562189064,12.731481481481362,Melbourne,2018,PER
226.05898876404495,92.55,7.303370786516854,67.69662921348315,16.01123595505618,10,-31.785516860143648,11.596350534635167,Melbourne,2018,STR
224.8314606741573,92.55,7.02247191011236,61.79775280898876,21.34831460674157,12,-31.782407407406648,11.971393034825585,Melbourne,2018,OCO
224.66666666666666,91.0,6.722689075630252,65.26610644257703,12.605042016806722,8,-35.931453841901515,12.731481481481,Melbourne,2018,HAR
224.92717086834733,92.56,8.403361344537815,64.70588235294117,13.725490196078432,8,-31.51260504201681,13.819789939192889,Melbourne,2018,ERI
224.52793296089385,90.57,7.5418994413407825,63.687150837988824,13.687150837988826,9,-29.05625290562563,12.11045250271193,Melbourne,2018,LEC
223.85595567867037,92.6,8.033240997229916,66.20498614958449,14.958448753462603,10,-35.87962962962966,11.622501162250252,Melbourne,2018,SIR
222.8153409090909,90.51,7.386363636363637,67.89772727272727,13.068181818181818,7,-29.513888888889518,12.731481481481376,Melbourne,2018,GAS
236.39820359281438,99.66,4.790419161676647,69.76047904191617,11.077844311377245,7,-38.19444444444413,12.731481481481376,Melbourne,2019,HAM
235.81570996978851,100.3,5.438066465256798,70.09063444108762,10.876132930513595,6,-31.250000000000668,12.731481481481376,Melbourne,2019,BOT
234.90828402366864,96.37,5.325443786982249,71.59763313609467,11.834319526627219,8,-34.30555555555536,12.731481481481376,Melbourne,2019,VET
234.2759643916914,98.36,5.044510385756676,69.43620178041543,12.462908011869436,6,-32.40740740740714,12.731481481481755,Melbourne,2019,VER
233.83333333333334,90.0,5.059523809523809,69.64285714285714,14.285714285714285,10,-35.8796296296296,11.574074074073978,Melbourne,2019,LEC
232.78885630498533,92.8,5.278592375366569,72.72727272727273,12.023460410557185,7,-31.166666666666366,12.731481481481755,Melbourne,2019,GRO
232.21470588235294,94.56,5.0,70.58823529411765,13.823529411764707,7,-37.03703703703673,11.57407407407432,Melbourne,2019,MAG
230.67251461988303,92.0,6.140350877192982,69.88304093567251,13.450292397660817,8,-34.72222222222219,12.73148148148168,Melbourne,2019,NOR
231.3421052631579,91.64,6.432748538011696,69.2982456140351,13.742690058479532,7,-33.56481481481478,12.268518518518807,Melbourne,2019,RAI
230.2316715542522,91.8,6.744868035190615,67.74193548387096,14.369501466275661,9,-35.8796296296296,11.57407407407432,Melbourne,2019,PER
230.60117302052785,95.4,5.865102639296188,69.20821114369502,15.249266862170089,8,-32.662037037037095,11.574074074074149,Melbourne,2019,HUL
230.81231671554252,96.8,5.571847507331378,68.91495601173021,13.196480938416421,8,-33.56481481481453,11.57407407407432,Melbourne,2019,RIC
229.80645161290323,93.0,5.865102639296188,66.86217008797654,14.076246334310852,9,-38.19444444444527,12.98611111111142,Melbourne,2019,ALB
231.27859237536657,91.4,6.158357771260997,68.03519061583577,14.66275659824047,8,-37.037037037037,12.731481481481607,Melbourne,2019,GIO
230.33724340175954,94.0,5.865102639296188,68.32844574780059,12.903225806451612,8,-32.40740740740738,12.28009259259287,Melbourne,2019,KVY
228.81049562682216,89.42,6.997084548104956,66.47230320699708,16.3265306122449,10,-33.70525337052473,12.256944444444677,Melbourne,2019,STR
228.79591836734693,95.42,5.247813411078718,67.63848396501457,13.119533527696792,7,-33.0902777777775,12.731481481481566,Melbourne,2019,GAS
228.57142857142858,90.0,6.705539358600583,67.05539358600583,16.034985422740526,9,-35.879629629630394,12.731481481481566,Melbourne,2019,SAI
225.4269340974212,90.44,6.59025787965616,67.0487106017192,12.607449856733524,7,-30.844907407407668,11.030092592592796,Melbourne,2019,RUS
220.87640449438203,88.0,6.460674157303371,62.92134831460674,17.696629213483146,9,-33.56481481481453,10.949074074074204,Melbourne,2019,KUB
244.87290969899666,103.96,4.682274247491638,70.5685618729097,12.709030100334449,6,-27.88194444444448,11.601851851851853,Melbourne,2023,VER
248.60068259385665,104.76,3.4129692832764507,72.6962457337884,11.604095563139932,6,-31.718750000000043,12.500000000000064,Melbourne,2023,RUS
242.6426116838488,101.9,5.154639175257731,69.7594501718213,12.027491408934708,6,-29.49537037037055,10.520833333333549,Melbourne,2023,HAM
243.53,95.99,6.666666666666667,74.0,10.0,6,-38.194444444444414,11.111111111111152,Melbourne,2023,ALO
244.76845637583892,104.0,5.033557046979865,71.47651006711409,14.093959731543624,10,-28.009259259259235,11.111111111110954,Melbourne,2023,SAI
242.87290969899666,99.94,5.351170568561873,72.24080267558529,12.040133779264215,7,-25.740740740740538,12.16319444444442,Melbourne,2023,STR
244.07094594594594,103.9,4.72972972972973,69.5945945945946,14.864864864864865,9,-34.86111111111116,10.952380952380917,Melbourne,2023,LEC
242.3905723905724,100.84,6.397306397306397,68.35016835016835,13.131313131313133,7,-35.92834090759406,12.152777777777768,Melbourne,2023,ALB
239.85,101.37,6.428571428571428,68.21428571428572,11.785714285714285,6,-25.000000000000032,11.606313834726265,Melbourne,2023,GAS
243.4548736462094,102.52,5.054151624548736,68.95306859205776,13.718411552346572,7,-28.935185185185162,12.338789682539662,Melbourne,2023,HUL
244.8566552901024,102.76,5.1194539249146755,70.30716723549489,15.699658703071673,10,-28.64583333333331,10.912698412698369,Melbourne,2023,OCO
243.79054054054055,102.95,4.391891891891892,74.32432432432432,10.472972972972974,6,-37.03703703703673,10.45833333333356,Melbourne,2023,TSU
241.6541095890411,105.82,5.136986301369863,68.4931506849315,12.67123287671233,7,-27.77777777777714,11.111111111110954,Melbourne,2023,NOR
240.97153024911032,103.6,4.6263345195729535,69.7508896797153,14.94661921708185,8,-29.671717171717205,11.208333333333492,Melbourne,2023,MAG
240.43708609271522,97.04,6.291390728476822,71.8543046357616,14.90066225165563,12,-30.75396825396813,11.574074074074094,Melbourne,2023,DEV
238.53310104529618,102.86,5.574912891986063,46.34146341463415,11.149825783972126,7,-35.84229390680999,10.416666666666318,Melbourne,2023,PIA
239.57049180327868,101.04,6.557377049180328,67.8688524590164,12.131147540983607,6,-35.96527777777757,11.565393518518418,Melbourne,2023,ZHO
237.88448844884488,101.02,6.6006600660066,66.33663366336634,13.2013201320132,8,-34.72222222222219,12.896825396825344,Melbourne,2023,SAR
240.0103448275862,94.78,6.551724137931035,70.6896551724138,13.448275862068964,7,-34.72222222222142,11.574074074073978,Melbourne,2023,BOT
247.64788732394365,101.66,5.28169014084507,74.29577464788733,12.323943661971832,7,-30.868055555555948,12.256944444444564,Melbourne,2024,VER
246.9106529209622,106.7,4.810996563573884,69.7594501718213,14.776632302405499,9,-32.25000000000061,10.41666666666689,Melbourne,2024,SAI
247.87762237762237,97.55,5.594405594405594,74.82517482517483,11.188811188811188,5,-31.74603174603172,11.2962962962964,Melbourne,2024,PER
246.02372881355933,101.0,6.101694915254238,68.47457627118644,10.16949152542373,7,-29.677670761213307,13.02703373015869,Melbourne,2024,NOR
247.2822299651568,105.44,5.2264808362369335,68.6411149825784,13.240418118466899,8,-35.49063631300475,11.362847222222209,Melbourne,2024,LEC
247.31399317406144,101.84,5.1194539249146755,68.60068259385666,9.897610921501707,6,-29.53461857379757,12.152777777777768,Melbourne,2024,PIA
246.1778523489933,101.88,5.033557046979865,73.48993288590604,11.073825503355705,6,-27.91666666666673,11.111111111111152,Melbourne,2024,RUS
247.5582191780822,101.82,5.47945205479452,70.8904109589041,9.58904109589041,6,-24.02777777777775,13.888888888888834,Melbourne,2024,TSU
246.01374570446737,98.7,5.841924398625429,72.85223367697594,11.34020618556701,8,-32.412918871252096,10.459104938271647,Melbourne,2024,STR
245.6689189189189,98.95,6.418918918918918,71.28378378378379,12.162162162162163,7,-33.666666666666835,10.912698412698369,Melbourne,2024,ALO
245.16216216216216,101.85,5.0675675675675675,70.6081081081081,13.175675675675674,8,-31.94444444444513,11.277777777777617,Melbourne,2024,HAM
244.95501730103805,102.88,4.844290657439446,68.85813148788927,12.45674740484429,7,-34.72222222222235,11.320097526993987,Melbourne,2024,ALB
244.20875420875421,104.0,4.377104377104377,71.38047138047138,12.121212121212121,8,-28.194444444444457,10.419007895343487,Melbourne,2024,BOT
242.3141891891892,102.85,5.743243243243244,68.58108108108108,12.837837837837837,7,-37.03703703703728,10.912698412698369,Melbourne,2024,MAG
242.79109589041096,102.91,5.821917808219178,68.4931506849315,16.43835616438356,10,-33.56481481481478,11.388888888888957,Melbourne,2024,OCO
242.09931506849315,97.0,5.821917808219178,68.83561643835617,12.67123287671233,7,-30.555555555555532,12.321446223804154,Melbourne,2024,HUL
239.6778523489933,100.97,6.375838926174497,70.13422818791946,10.738255033557047,6,-37.52777777777858,11.57407407407432,Melbourne,2024,GAS
241.27814569536423,98.01,5.629139072847682,70.19867549668875,12.251655629139073,6,-27.77777777777767,10.416666666666613,Melbourne,2024,RIC
241.40268456375838,100.94,5.033557046979865,69.46308724832215,13.422818791946309,6,-39.04629629629575,11.296296296296294,Melbourne,2024,ZHO
250.11870503597123,102.31,4.676258992805756,57.194244604316545,10.79136690647482,7,-32.40740740740738,10.97222222222212,Melbourne,2025,NOR
252.31294964028777,99.77,4.676258992805756,58.63309352517986,10.431654676258994,6,-28.991803731043646,10.880737196526479,Melbourne,2025,PIA
248.92418772563178,100.52,5.054151624548736,71.48014440433214,12.63537906137184,8,-28.703864902506798,12.774721642878756,Melbourne,2025,VER
249.86524822695034,99.05,5.319148936170213,71.27659574468085,11.702127659574469,6,-34.92063492063515,12.949143173023568,Melbourne,2025,RUS
246.96842105263158,101.84,4.912280701754386,70.17543859649122,12.280701754385964,6,-31.076388888888676,10.724799091544346,Melbourne,2025,TSU
248.6315789473684,101.84,5.614035087719298,66.3157894736842,12.982456140350877,8,-33.29736718545792,11.63029100529107,Melbourne,2025,ALB
248.15331010452962,101.58,6.968641114982578,66.89895470383276,13.588850174216027,9,-39.645274986041294,12.59259259259262,Melbourne,2025,LEC
248.1443661971831,102.83,4.577464788732395,71.47887323943662,14.43661971830986,8,-33.14236111111108,10.912698412698369,Melbourne,2025,HAM
248.48387096774192,102.56,5.376344086021505,73.11827956989248,12.186379928315413,6,-30.37205770690964,12.997685185185485,Melbourne,2025,GAS
247.22299651567945,98.0,5.574912891986063,70.03484320557492,15.6794425087108,9,-42.083333333333265,13.117283950617304,Melbourne,2025,SAI
249.1161971830986,98.83,4.577464788732395,70.77464788732394,11.267605633802818,6,-34.62500000000009,12.749999999999869,Melbourne,2025,HAD
247.04347826086956,95.98,6.354515050167224,70.23411371237458,10.702341137123746,7,-40.31944444444457,12.731481481481023,Melbourne,2025,ALO
245.2,95.67,6.551724137931035,70.34482758620689,12.758620689655173,8,-30.753968253968324,12.562499999999845,Melbourne,2025,STR
246.0842105263158,95.68,6.666666666666667,68.0701754385965,12.982456140350877,6,-31.74693362193363,11.025132275132174,Melbourne,2025,DOO
247.07849829351537,94.92,7.167235494880546,69.96587030716724,11.945392491467576,6,-32.98611111111181,11.152777777777985,Melbourne,2025,BOR
248.36170212765958,99.43,5.673758865248227,70.56737588652481,12.76595744680851,6,-37.00396825396826,12.731481481481755,Melbourne,2025,ANT
245.63513513513513,97.85,6.756756756756757,71.62162162162163,14.18918918918919,7,-30.642361111111082,12.500000000000044,Melbourne,2025,HUL
248.63859649122807,99.84,4.912280701754386,70.52631578947368,11.929824561403509,6,-32.50578703703714,12.447916666666702,Melbourne,2025,LAW
243.68456375838926,98.94,7.38255033557047,66.77852348993288,17.78523489932886,12,-33.858024691358,12.499999999999822,Melbourne,2025,OCO
205.1013071895425,73.15,20.915032679738562,52.94117647058824,18.30065359477124,10,-35.87962962962986,12.731481481481739,Mexico City,2018,RIC
205.06514657980455,74.06,20.195439739413683,51.465798045602604,20.195439739413683,10,-32.47835309158525,13.839285714285591,Mexico City,2018,VER
205.06209150326796,74.1,21.895424836601308,49.34640522875817,19.607843137254903,10,-34.72222222222194,13.849206349206217,Mexico City,2018,HAM
205.2058823529412,71.05,24.509803921568626,47.05882352941176,18.627450980392158,10,-37.03703703703699,13.888888888888774,Mexico City,2018,VET
204.51623376623377,76.07,22.727272727272727,51.62337662337663,18.506493506493506,10,-33.56481481481478,13.888888888888774,Mexico City,2018,BOT
204.37662337662337,69.28,23.051948051948052,49.67532467532468,19.155844155844157,11,-37.03703703703728,12.731481481481376,Mexico City,2018,RAI
202.41290322580645,77.18,22.58064516129032,50.967741935483865,20.32258064516129,10,-31.249999999999954,15.046296296296617,Mexico City,2018,HUL
202.0448717948718,72.33,22.435897435897438,50.0,20.833333333333336,10,-31.13425925925902,13.888888888888774,Mexico City,2018,SAI
201.6687898089172,71.26,23.56687898089172,47.77070063694268,19.745222929936308,12,-29.814814814814977,13.888888888888774,Mexico City,2018,LEC
200.48242811501598,74.12,24.600638977635782,47.284345047923324,18.210862619808307,10,-34.21296296296316,13.888888888888774,Mexico City,2018,ERI
201.33015873015873,76.14,23.174603174603174,44.44444444444444,24.761904761904763,14,-32.407407407407625,13.819789939192889,Mexico City,2018,OCO
199.64668769716087,71.48,24.9211356466877,51.10410094637224,23.02839116719243,11,-33.39120370370378,12.731481481481376,Mexico City,2018,ALO
201.0888888888889,74.42,24.444444444444443,48.888888888888886,20.0,9,-27.777777777777548,12.731481481481755,Mexico City,2018,PER
200.07619047619048,73.14,24.761904761904763,46.98412698412698,16.825396825396826,10,-31.74603174603162,12.731481481481755,Mexico City,2018,HAR
200.37974683544303,71.3,23.734177215189874,49.68354430379747,16.455696202531644,9,-33.24074074074068,13.888888888888363,Mexico City,2018,GAS
199.35331230283913,68.64,24.9211356466877,48.580441640378545,20.189274447949526,10,-31.250000000000668,12.896825396825344,Mexico City,2018,GRO
199.49685534591194,71.17,23.270440251572328,48.42767295597484,21.069182389937108,12,-31.250000000000167,12.784751278474898,Mexico City,2018,VAN
197.93690851735016,68.16,26.498422712933756,45.42586750788644,23.65930599369085,11,-31.24999999999974,12.687430901050217,Mexico City,2018,MAG
197.93396226415095,69.34,26.729559748427672,46.22641509433962,23.89937106918239,14,-34.72222222222245,11.57407407407432,Mexico City,2018,STR
197.72981366459626,73.21,24.22360248447205,47.20496894409938,20.496894409937887,10,-30.75396825396813,12.731481481481376,Mexico City,2018,SIR
204.55409836065573,72.04,22.62295081967213,49.8360655737705,21.639344262295083,12,-32.40740740740738,13.854166666666517,Mexico City,2019,VER
204.3954248366013,72.05,23.52941176470588,48.36601307189542,19.934640522875817,11,-34.72222222222194,13.888888888888774,Mexico City,2019,LEC
204.2084690553746,67.12,23.778501628664493,47.55700325732899,19.54397394136808,10,-35.53240740740738,15.038029100528977,Mexico City,2019,VET
204.39935064935065,75.14,22.727272727272727,47.07792207792208,19.805194805194805,10,-39.21296296296295,12.731481481481744,Mexico City,2019,HAM
204.11363636363637,71.28,21.1038961038961,47.07792207792208,19.805194805194805,10,-34.72222222222194,14.802120669056347,Mexico City,2019,ALB
203.7557003257329,76.06,22.475570032573287,47.23127035830619,17.58957654723127,11,-34.72222222222219,13.888888888888774,Mexico City,2019,BOT
201.44051446945338,68.3,23.15112540192926,47.90996784565916,21.221864951768488,10,-35.8796296296296,12.731481481481755,Mexico City,2019,SAI
200.45192307692307,70.11,25.0,48.07692307692308,20.192307692307693,13,-39.35185185185182,13.888888888888363,Mexico City,2019,NOR
200.64217252396165,70.12,25.23961661341853,49.84025559105431,20.447284345047922,10,-34.14409434309977,13.888888888888774,Mexico City,2019,KVY
200.10509554140128,70.39,23.248407643312103,47.77070063694268,19.10828025477707,10,-34.72222222222242,12.731481481481755,Mexico City,2019,GAS
200.12698412698413,72.28,26.031746031746035,46.03174603174603,20.0,10,-34.72222222222245,13.888888888888774,Mexico City,2019,PER
199.4904458598726,74.0,25.159235668789808,49.044585987261144,19.10828025477707,10,-32.27293683725224,15.046296296296171,Mexico City,2019,HUL
198.9968253968254,71.28,24.126984126984127,47.61904761904761,18.095238095238095,10,-31.24999999999997,13.888888888888827,Mexico City,2019,RIC
199.12698412698413,66.84,25.07936507936508,47.61904761904761,20.952380952380953,9,-34.72222222222194,15.046296296296171,Mexico City,2019,RAI
198.54574132492112,66.32,27.129337539432175,48.89589905362776,21.451104100946374,10,-32.4074074074081,13.888888888888774,Mexico City,2019,GIO
196.56112852664577,68.18,25.705329153605017,47.02194357366771,22.570532915360502,12,-31.24999999999997,13.88888888888915,Mexico City,2019,STR
195.334375,65.57,27.500000000000004,42.8125,21.875,10,-37.03703703703723,12.867063492063632,Mexico City,2019,MAG
195.49844236760126,68.2,27.725856697819314,45.17133956386293,23.05295950155763,10,-34.282407407407426,12.731481481481376,Mexico City,2019,GRO
194.0501567398119,69.18,26.64576802507837,46.70846394984326,24.76489028213166,11,-30.092592592592528,12.731481481481755,Mexico City,2019,RUS
191.85582822085888,68.0,27.914110429447852,40.79754601226993,23.31288343558282,13,-30.092592592592514,12.43781094527316,Mexico City,2019,KUB
201.54777070063693,74.13,24.203821656050955,49.681528662420384,20.382165605095544,11,-32.12962962962936,12.731481481481543,Mexico City,2021,BOT
201.15555555555557,69.28,23.49206349206349,45.07936507936508,20.317460317460316,10,-34.120370370370594,12.73148148148173,Mexico City,2021,HAM
201.05379746835442,70.0,23.417721518987342,50.63291139240506,21.202531645569618,11,-33.078703703703454,12.731481481481755,Mexico City,2021,VER
200.46056782334384,71.0,25.236593059936908,51.10410094637224,21.766561514195583,10,-32.40740740740735,13.888888888888774,Mexico City,2021,PER
199.8328075709779,71.0,25.86750788643533,49.8422712933754,18.92744479495268,10,-33.39120370370371,11.57407407407432,Mexico City,2021,GAS
199.8181818181818,70.54,24.45141065830721,45.45454545454545,21.316614420062695,10,-34.32870370370401,12.731481481481376,Mexico City,2021,SAI
198.73981191222572,65.18,25.705329153605017,47.02194357366771,20.06269592476489,11,-34.16246338615813,14.849537037036896,Mexico City,2021,RIC
199.2257053291536,71.54,25.391849529780565,46.08150470219436,21.9435736677116,12,-37.03703703703728,13.888888888888944,Mexico City,2021,LEC
199.22257053291537,74.0,24.45141065830721,48.275862068965516,19.74921630094044,10,-34.72222222222245,12.73148148148169,Mexico City,2021,TSU
197.055900621118,66.63,27.639751552795033,43.7888198757764,22.981366459627328,11,-35.18518518518532,12.731481481481755,Mexico City,2021,NOR
197.13664596273293,68.42,26.70807453416149,47.51552795031056,19.875776397515526,11,-32.17592592592585,13.888888888888774,Mexico City,2021,VET
196.87306501547988,69.0,26.625386996904027,46.43962848297213,21.36222910216718,10,-32.407407407407575,12.731481481481376,Mexico City,2021,RAI
196.320987654321,70.23,26.234567901234566,48.148148148148145,24.382716049382715,10,-32.40740740740738,12.731481481481376,Mexico City,2021,RUS
195.4937106918239,68.34,28.30188679245283,43.710691823899374,21.069182389937108,10,-34.72222222222245,13.888888888888774,Mexico City,2021,GIO
195.6769230769231,72.72,27.384615384615387,42.769230769230774,19.692307692307693,11,-33.56481481481453,12.465277777777732,Mexico City,2021,OCO
194.920245398773,69.0,28.834355828220858,47.85276073619632,20.552147239263803,11,-37.36111111111102,12.731481481481755,Mexico City,2021,ALO
194.43425076452598,73.0,28.134556574923547,45.56574923547401,22.93577981651376,11,-34.72222222222194,14.467592592592567,Mexico City,2021,LAT
193.8960244648318,66.52,27.82874617737003,42.201834862385326,22.018348623853214,10,-33.35813492063542,12.731481481481376,Mexico City,2021,MSC
193.00911854103344,66.0,26.74772036474164,18.84498480243161,24.620060790273556,11,-32.40740740740738,12.731481481481755,Mexico City,2021,MAZ
186.21130952380952,0.0,30.357142857142854,41.964285714285715,28.273809523809522,13,-30.09259259259279,13.888888888889186,Mexico City,2021,STR
198.91808873720137,68.0,24.2320819112628,48.80546075085324,23.549488054607508,10,-32.98611111111108,13.888888888888937,Mexico City,2023,LEC
197.91836734693877,66.0,24.489795918367346,46.93877551020408,22.448979591836736,11,-33.17901234567906,13.888888888888877,Mexico City,2023,SAI
195.73287671232876,67.0,27.054794520547947,47.94520547945205,21.91780821917808,10,-34.79938271604913,14.467592592592688,Mexico City,2023,VER
196.3973063973064,67.0,25.925925925925924,48.821548821548824,22.55892255892256,10,-28.047839506172817,14.779185668877824,Mexico City,2023,RIC
196.18493150684932,68.0,26.027397260273972,49.31506849315068,20.89041095890411,10,-29.52967171717171,13.888888888888774,Mexico City,2023,PER
194.38831615120276,68.8,26.46048109965636,45.017182130584196,22.336769759450174,10,-33.33333333333286,12.345679012345698,Mexico City,2023,HAM
195.53242320819112,69.68,26.96245733788396,30.37542662116041,20.13651877133106,10,-29.76190476190483,13.88888888888857,Mexico City,2023,PIA
196.00346020761245,67.88,28.027681660899656,46.71280276816609,23.18339100346021,10,-37.097222222222406,12.386026847977455,Mexico City,2023,RUS
195.92387543252596,69.76,27.68166089965398,45.674740484429066,21.79930795847751,11,-25.462962962962944,12.896825396825344,Mexico City,2023,BOT
196.85416666666666,71.74,25.694444444444443,48.95833333333333,20.833333333333336,10,-28.020833333333353,12.532407407407428,Mexico City,2023,ZHO
195.41237113402062,67.9,26.46048109965636,47.07903780068728,18.556701030927837,9,-28.977623456790234,13.270833333333362,Mexico City,2023,GAS
196.87543252595157,70.0,27.68166089965398,47.40484429065744,19.377162629757784,12,-32.155671296296305,13.888888888888877,Mexico City,2023,HUL
196.91034482758621,67.89,26.551724137931032,48.62068965517241,23.448275862068964,11,-30.671296296296273,12.500000000000266,Mexico City,2023,ALO
195.02020202020202,67.8,27.609427609427613,44.44444444444444,25.252525252525253,10,-36.45833333333331,13.15586419753089,Mexico City,2023,ALB
194.0,69.96000000000001,27.333333333333332,44.0,20.333333333333332,10,-34.722222222222086,12.896825396825344,Mexico City,2023,TSU
193.11904761904762,69.93,27.55102040816326,42.857142857142854,23.46938775510204,14,-28.95370370370365,12.180555555555527,Mexico City,2023,OCO
195.73972602739727,68.64,28.424657534246577,46.23287671232877,22.602739726027394,11,-31.24999999999928,13.257575757575827,Mexico City,2023,MAG
194.89419795221843,63.76,26.621160409556317,45.73378839590443,25.938566552901023,12,-31.94444444444456,12.108585858585695,Mexico City,2023,STR
187.62337662337663,65.14,30.519480519480517,34.41558441558442,20.12987012987013,12,-34.65277777777752,12.896825396825673,Mexico City,2023,NOR
192.7019867549669,68.0,29.80132450331126,36.092715231788084,22.516556291390728,11,-32.98611111111108,13.19444444444449,Mexico City,2023,SAR
202.28082191780823,69.73,23.63013698630137,49.65753424657534,22.945205479452056,11,-39.68253968253956,13.88888888888874,Mexico City,2024,SAI
200.3840830449827,73.76,23.52941176470588,51.903114186851205,21.10726643598616,11,-33.51157407407416,14.001736111111125,Mexico City,2024,VER
198.41608391608392,71.7,25.524475524475527,47.55244755244755,20.27972027972028,11,-35.94444444444433,13.159722222222218,Mexico City,2024,NOR
200.7705479452055,66.0,24.65753424657534,46.23287671232877,21.575342465753426,12,-40.67460317460327,12.499999999999934,Mexico City,2024,LEC
202.32423208191128,71.84,24.914675767918087,51.19453924914675,21.160409556313994,10,-29.166666666666515,12.835648148148373,Mexico City,2024,RUS
195.39175257731958,68.6,27.147766323024054,47.07903780068728,24.054982817869416,10,-33.56481481481453,12.731481481481755,Mexico City,2024,HAM
200.37123745819397,70.96,24.414715719063544,47.82608695652174,21.40468227424749,13,-43.25286596119937,12.1316425120774,Mexico City,2024,MAG
197.89297658862876,72.98,26.421404682274247,49.163879598662206,21.40468227424749,10,-31.380753138075214,13.888888888888886,Mexico City,2024,GAS
199.1779359430605,71.6,24.555160142348754,46.263345195729535,21.70818505338078,10,-30.59539494322113,11.904761904761857,Mexico City,2024,ALB
198.6530612244898,73.0,26.53061224489796,48.29931972789115,22.448979591836736,12,-37.03703703703673,13.857024106400548,Mexico City,2024,HUL
196.95070422535213,67.0,26.408450704225352,47.88732394366197,20.422535211267608,10,-28.715277777777754,12.750000000000208,Mexico City,2024,TSU
196.05154639175257,73.9,27.147766323024054,50.171821305841924,20.274914089347078,11,-33.56481481481453,13.888888888888774,Mexico City,2024,LAW
198.84722222222223,69.87,26.041666666666668,48.26388888888889,21.875,11,-34.722222222222214,13.839462238038811,Mexico City,2024,ALO
196.89084507042253,69.66,25.352112676056336,49.29577464788733,22.535211267605636,11,-36.11111111111124,14.138888888888765,Mexico City,2024,STR
197.2233676975945,71.8,25.085910652920962,49.48453608247423,23.367697594501717,12,-34.90798323198814,14.924603174603103,Mexico City,2024,BOT
198.67307692307693,72.0,25.64102564102564,47.43589743589743,23.397435897435898,10,-32.98611111111181,11.57407407407432,Mexico City,2024,COL
197.03355704697987,71.97,27.516778523489933,38.92617449664429,20.469798657718123,10,-34.72222222222235,13.055555555555562,Mexico City,2024,PIA
197.5738255033557,71.97,26.845637583892618,52.68456375838926,21.140939597315437,12,-31.944444444444276,13.113265620190694,Mexico City,2024,PER
197.7972972972973,71.85,26.013513513513516,46.28378378378378,23.31081081081081,14,-36.111111111110596,12.896825396825344,Mexico City,2024,OCO
196.46075085324233,68.84,26.96245733788396,47.44027303754266,22.525597269624573,11,-33.685606060606176,13.19444444444449,Mexico City,2024,ZHO
199.29963898916967,73.28,24.187725631768952,45.84837545126354,20.577617328519857,10,-37.7170138888889,14.236111111111017,Mexico City,2025,NOR
199.61347517730496,65.62,24.46808510638298,48.58156028368794,21.98581560283688,10,-35.1851851851853,13.888888888888738,Mexico City,2025,LEC
203.59574468085106,66.0,24.113475177304963,46.45390070921986,26.24113475177305,10,-32.80864197530822,15.046296296296171,Mexico City,2025,HAM
202.6832740213523,70.4,24.199288256227756,48.39857651245551,19.572953736654807,11,-33.54938271604944,13.020833333333034,Mexico City,2025,RUS
198.76408450704224,66.83,25.0,48.23943661971831,19.718309859154928,10,-30.396825396825314,15.277777777778105,Mexico City,2025,VER
200.7473309608541,71.4,24.91103202846975,47.686832740213525,22.064056939501782,10,-36.44598765432094,13.888888888888834,Mexico City,2025,ANT
202.1595744680851,66.81,25.886524822695034,48.226950354609926,22.340425531914892,10,-38.194444444444414,16.248839368616448,Mexico City,2025,SAI
200.79078014184398,74.0,24.46808510638298,41.48936170212766,21.631205673758867,10,-38.580246913580325,13.020833333333323,Mexico City,2025,PIA
201.19572953736656,69.8,24.199288256227756,49.11032028469751,19.572953736654807,10,-40.27777777777792,14.880952380952321,Mexico City,2025,HAD
199.01067615658363,69.4,25.622775800711743,48.04270462633452,20.640569395017792,11,-38.19444444444413,13.888888888889186,Mexico City,2025,BEA
201.10921501706486,68.84,25.597269624573375,50.51194539249146,20.477815699658702,10,-31.24999999999997,13.888888888889186,Mexico City,2025,TSU
201.14685314685315,71.85,24.125874125874127,50.349650349650354,23.426573426573427,17,-30.917658730158973,13.88888888888869,Mexico City,2025,OCO
202.13028169014083,75.66,23.239436619718308,50.352112676056336,19.718309859154928,11,-31.250000000000203,13.888888888888834,Mexico City,2025,HUL
197.32191780821918,69.82,25.0,47.6027397260274,22.26027397260274,10,-34.72222222222228,14.880952380952321,Mexico City,2025,ALO
199.5053003533569,70.0,24.73498233215548,50.8833922261484,18.727915194346288,10,-35.09920634920655,12.13514109347439,Mexico City,2025,LAW
195.76206896551724,66.89,27.586206896551722,45.17241379310345,23.448275862068964,11,-38.33333333333256,12.152777777777768,Mexico City,2025,BOR
196.92832764505118,66.0,25.25597269624573,45.051194539249146,21.843003412969285,10,-37.71701388888877,13.888888888889186,Mexico City,2025,ALB
198.75087719298244,68.52,27.017543859649123,48.421052631578945,18.596491228070175,11,-33.09606481481485,12.152777777778038,Mexico City,2025,GAS
192.28975265017667,66.0,29.328621908127207,47.349823321554766,22.968197879858657,10,-39.51388888888886,13.194444444444256,Mexico City,2025,STR
197.05574912891987,67.86,26.480836236933797,45.64459930313589,22.64808362369338,11,-29.108796296296422,15.277777777778105,Mexico City,2025,COL
223.82208588957056,74.0,18.098159509202453,60.73619631901841,16.87116564417178,8,-30.75396825396813,13.117283950617304,Miami,2023,PER
219.25386996904024,75.22,18.885448916408667,57.27554179566563,16.09907120743034,9,-36.80555555555504,13.88888888888891,Miami,2023,ALO
219.83483483483482,76.64,18.91891891891892,55.85585585585585,19.21921921921922,9,-38.58024691358031,14.756944444444432,Miami,2023,SAI
218.3231707317073,74.0,19.51219512195122,57.92682926829268,18.597560975609756,9,-31.821789321789414,13.888888888889186,Miami,2023,MAG
216.7469512195122,74.27,19.817073170731707,57.62195121951219,15.24390243902439,7,-39.298611111111605,13.888888888888257,Miami,2023,GAS
218.66869300911853,74.84,19.148936170212767,58.05471124620061,18.84498480243161,9,-35.07853317659421,15.283289241622587,Miami,2023,RUS
220.11076923076922,75.24,19.384615384615383,56.61538461538461,15.384615384615385,11,-37.499999999999886,13.194444444444256,Miami,2023,LEC
223.46153846153845,78.24,17.846153846153847,59.07692307692308,16.615384615384617,11,-32.73809523809511,13.888888888889186,Miami,2023,OCO
222.42153846153846,77.0,18.461538461538463,58.15384615384615,17.23076923076923,8,-37.18055555555547,14.534497090606855,Miami,2023,VER
220.68047337278105,74.37,19.526627218934912,59.46745562130178,19.230769230769234,10,-35.714285714285566,15.055555555555417,Miami,2023,BOT
219.36873156342182,74.0,20.353982300884958,54.86725663716814,18.87905604719764,10,-31.871031746031452,14.37500000000012,Miami,2023,ALB
219.625,75.7,18.75,55.654761904761905,16.36904761904762,9,-35.93402777777801,13.88888888888869,Miami,2023,HUL
222.8882175226586,73.9,17.82477341389728,59.21450151057401,16.91842900302115,10,-34.72222222222203,13.88888888888869,Miami,2023,HAM
217.07692307692307,77.0,20.118343195266274,56.50887573964497,16.56804733727811,8,-29.513888888888864,16.20370370370373,Miami,2023,ZHO
215.4199395770393,69.3,20.241691842900302,54.38066465256798,17.82477341389728,10,-36.05901050304181,14.756944444444432,Miami,2023,DEV
217.76470588235293,75.22,19.5046439628483,56.656346749226,16.718266253869967,6,-26.041666666666067,14.574652777777525,Miami,2023,NOR
221.25076452599387,75.52,20.18348623853211,57.18654434250765,12.538226299694188,8,-37.61574074074096,13.888888888888866,Miami,2023,TSU
216.5139318885449,69.22,19.5046439628483,54.79876160990712,19.5046439628483,12,-35.879629629630394,14.880952380952321,Miami,2023,STR
215.55555555555554,76.0,20.98765432098765,54.01234567901234,13.271604938271606,8,-32.98611111111108,14.70430107526871,Miami,2023,PIA
215.47040498442368,71.2,21.49532710280374,53.89408099688473,19.937694704049843,9,-36.70634920634906,13.19444444444449,Miami,2023,SAR
220.59756097560975,74.27,19.51219512195122,59.14634146341463,18.29268292682927,8,-31.250000000000668,13.88888888888891,Miami,2024,VER
221.94189602446482,73.78,19.877675840978593,56.88073394495413,16.207951070336392,11,-37.32638888888886,13.888888888888896,Miami,2024,LEC
219.30246913580248,73.46,20.679012345679013,56.17283950617284,16.97530864197531,10,-38.19444444444413,14.756944444444759,Miami,2024,SAI
218.94428152492668,73.0,20.527859237536656,57.77126099706745,18.181818181818183,8,-41.66666666666663,13.56006257785668,Miami,2024,PER
219.84593023255815,74.0,20.058139534883722,25.290697674418606,13.953488372093023,9,-33.44135802469134,15.083333333333186,Miami,2024,NOR
220.2,77.0,20.307692307692307,55.07692307692308,15.692307692307692,7,-36.11111111111116,15.277777777777766,Miami,2024,PIA
219.49096385542168,73.0,20.783132530120483,56.92771084337349,17.771084337349397,11,-32.72569444444434,13.88888888888891,Miami,2024,RUS
218.6890243902439,72.54,20.121951219512198,51.21951219512195,18.902439024390244,8,-34.722222222222086,14.583333333333647,Miami,2024,HAM
219.41002949852506,71.52,20.353982300884958,55.45722713864307,16.519174041297934,10,-37.037037037037,14.756944444444432,Miami,2024,HUL
219.51692307692306,69.48,20.307692307692307,56.92307692307692,13.846153846153847,7,-27.616337800525407,13.888888888888834,Miami,2024,TSU
219.6867469879518,65.93,19.27710843373494,57.22891566265061,19.27710843373494,11,-41.666666666665705,13.88888888888857,Miami,2024,STR
218.3647416413374,70.28,20.364741641337385,56.53495440729483,17.933130699088146,10,-41.15850970017638,15.044981060606034,Miami,2024,GAS
220.53495440729483,72.0,18.84498480243161,57.75075987841946,19.148936170212767,13,-29.166666666666643,13.88888888888869,Miami,2024,OCO
216.5762195121951,71.54,20.73170731707317,50.609756097560975,19.51219512195122,10,-36.70634920634906,14.660493827160517,Miami,2024,ALB
217.6018237082067,71.28,20.972644376899694,57.446808510638306,16.717325227963524,10,-31.74975198412693,14.733796296296306,Miami,2024,ALO
216.4380664652568,75.0,20.54380664652568,54.38066465256798,19.939577039274926,9,-35.879629629630394,15.277777777778105,Miami,2024,BOT
217.03067484662577,69.5,21.779141104294478,53.37423312883436,19.938650306748464,9,-33.183421516754905,14.642857142857041,Miami,2024,SAR
217.03903903903904,69.32,20.42042042042042,56.45645645645646,16.816816816816818,8,-44.30092592592578,15.08680555555572,Miami,2024,RIC
218.5876923076923,67.0,20.923076923076923,56.30769230769231,19.076923076923077,12,-38.194444444444464,14.958333333333147,Miami,2024,MAG
219.05,72.0,19.11764705882353,56.1764705882353,18.529411764705884,9,-34.19444444444472,13.888888888888774,Miami,2024,ZHO
223.22118380062307,75.4,18.06853582554517,61.37071651090342,16.1993769470405,8,-34.9980158730158,12.687500000000231,Miami,2025,VER
221.30283911671924,71.64,19.558359621451103,58.0441640378549,14.511041009463725,8,-25.78125000000047,13.888888888888848,Miami,2025,NOR
223.928338762215,78.12,19.54397394136808,57.98045602605863,14.332247557003258,8,-35.879629629630394,14.548611111111194,Miami,2025,ANT
227.39520958083833,74.99,17.065868263473057,57.48502994011976,16.46706586826347,8,-37.698412698412724,13.888888888889186,Miami,2025,PIA
0.0,0.0,100.0,0.0,0.0,0,0.0,0.0,Miami,2025,RUS
224.2403846153846,73.22,19.230769230769234,41.02564102564102,15.064102564102564,8,-38.877865961199156,13.811728395061978,Miami,2025,SAI
216.81372549019608,73.15,20.915032679738562,52.94117647058824,20.588235294117645,10,-34.61805555555511,13.888888888889186,Miami,2025,ALB
222.87227414330218,74.2,19.937694704049843,58.25545171339564,17.75700934579439,10,-41.66666666666673,15.013888888888774,Miami,2025,LEC
225.60185185185185,74.0,17.28395061728395,59.876543209876544,19.444444444444446,12,-32.94560185185188,13.854804642521557,Miami,2025,OCO
223.04347826086956,73.21,17.70186335403727,60.55900621118012,16.77018633540373,10,-36.111111111110596,13.88888888888891,Miami,2025,TSU
223.8447204968944,73.21,18.32298136645963,57.7639751552795,16.459627329192546,10,-37.037037037037095,12.46882793017446,Miami,2025,HAD
218.62310030395136,76.0,20.66869300911854,17.62917933130699,18.84498480243161,10,-33.680555555554605,15.625000000000334,Miami,2025,HAM
220.72307692307692,74.0,20.0,56.00000000000001,17.23076923076923,8,-39.35185185185153,14.880952380952321,Miami,2025,BOR
219.81469648562302,71.12,21.405750798722046,54.9520766773163,16.61341853035144,9,-31.24999999999789,12.896825396825344,Miami,2025,DOO
220.54193548387096,75.09,20.64516129032258,61.29032258064516,15.161290322580644,8,-37.32638888888886,12.345679012345698,Miami,2025,LAW
220.67065868263472,72.33,20.35928143712575,57.18562874251497,18.562874251497004,10,-30.555555555555124,15.069444444444217,Miami,2025,HUL
217.61988304093566,70.23,21.052631578947366,56.72514619883041,18.128654970760234,10,-36.45833333333341,14.880952380952321,Miami,2025,ALO
221.07418397626114,75.08,19.881305637982198,59.34718100890207,18.397626112759642,10,-40.27777777777774,14.583333333333128,Miami,2025,GAS
220.1453488372093,71.43,20.348837209302324,58.139534883720934,16.86046511627907,10,-33.56481481481453,13.888888888888834,Miami,2025,STR
218.1875,71.0,19.940476190476193,57.44047619047619,20.238095238095237,17,-40.27777777777783,13.888888888889065,Miami,2025,BEA
168.09246575342465,50.82,31.164383561643838,42.465753424657535,23.972602739726025,12,-30.092592592592624,15.046296296296617,Monaco,2018,RIC
166.68600682593856,50.76,32.76450511945392,43.003412969283275,24.573378839590443,14,-31.35416666666643,16.203703703703752,Monaco,2018,VET
165.43537414965985,50.86,32.99319727891156,40.816326530612244,23.46938775510204,14,-27.77777777777778,13.888888888889186,Monaco,2018,HAM
165.66326530612244,45.93,33.33333333333333,41.156462585034014,24.149659863945576,12,-32.40740740740741,15.046296296296207,Monaco,2018,RAI
165.77627118644068,52.88,34.23728813559322,42.03389830508474,23.728813559322035,13,-32.40740740740741,15.104166666666645,Monaco,2018,BOT
164.55518394648828,48.96,33.11036789297659,38.12709030100335,30.76923076923077,13,-27.881944444444436,15.046296296296338,Monaco,2018,OCO
164.15771812080536,49.94,32.88590604026846,42.95302013422819,26.845637583892618,14,-28.9351851851858,15.04629629629618,Monaco,2018,ALO
164.18791946308724,50.0,33.89261744966443,39.59731543624161,26.845637583892618,13,-33.42554172429693,15.201768933112179,Monaco,2018,SAI
163.8724832214765,48.94,33.557046979865774,40.939597315436245,25.503355704697988,14,-27.82407407407405,15.046296296296617,Monaco,2018,PER
164.0334448160535,49.92,32.77591973244147,43.47826086956522,21.73913043478261,13,-32.476851851852516,14.005602240895968,Monaco,2018,GAS
163.05387205387206,53.88,34.34343434343434,38.38383838383838,25.589225589225588,17,-28.935185185185187,13.888888888888774,Monaco,2018,HUL
163.9228187919463,47.97,33.22147651006711,32.21476510067114,26.845637583892618,15,-30.138888888889493,15.046296296295761,Monaco,2018,VAN
163.69463087248323,52.94,33.22147651006711,40.604026845637584,26.174496644295303,13,-28.935185185185187,15.901445155176521,Monaco,2018,SIR
162.45637583892616,48.97,33.557046979865774,41.2751677852349,24.832214765100673,18,-31.296296296296322,13.888888888888777,Monaco,2018,LEC
163.2943143812709,48.0,33.11036789297659,40.13377926421405,24.08026755852843,13,-30.092592592592595,12.731481481481755,Monaco,2018,GRO
162.47524752475246,52.02,33.33333333333333,39.603960396039604,23.432343234323433,15,-31.24999999999997,13.888888888889186,Monaco,2018,HAR
161.8704318936877,50.0,33.88704318936877,40.53156146179402,20.59800664451827,13,-28.948018363551597,14.882605820105763,Monaco,2018,ERI
161.88704318936877,48.0,34.883720930232556,42.19269102990033,26.578073089701,14,-32.804232804232676,15.201768933112179,Monaco,2018,STR
161.11551155115512,49.0,34.98349834983499,40.5940594059406,25.412541254125415,15,-28.92361111111172,13.888888888889186,Monaco,2018,MAG
168.78546712802768,50.88,30.79584775086505,43.25259515570934,21.79930795847751,14,-34.01620370370346,18.518518518518437,Monaco,2019,HAM
168.55862068965519,52.0,32.068965517241374,43.79310344827586,24.137931034482758,14,-29.206349206349103,15.046296296296171,Monaco,2019,BOT
168.5189003436426,51.7,31.27147766323024,43.986254295532646,25.085910652920962,13,-28.935185185184945,16.458333333333716,Monaco,2019,VER
167.86348122866895,48.92,31.399317406143346,41.979522184300336,26.27986348122867,15,-35.879629629629356,16.20370370370357,Monaco,2019,VET
166.91126279863482,49.92,32.081911262798634,44.36860068259386,21.501706484641637,12,-32.40740740740741,13.947001394699887,Monaco,2019,GAS
167.07849829351537,49.0,32.081911262798634,44.027303754266214,25.938566552901023,12,-36.02975360297471,15.150462962963022,Monaco,2019,MAG
167.13651877133105,51.0,32.42320819112628,42.66211604095563,23.208191126279864,12,-30.092592592592595,16.20370370370357,Monaco,2019,RIC
166.6655290102389,49.76,30.37542662116041,45.73378839590443,22.866894197952217,13,-27.881944444444425,15.046296296296617,Monaco,2019,KVY
166.39115646258503,50.86,33.33333333333333,41.156462585034014,25.510204081632654,13,-35.879629629629626,16.583747927032054,Monaco,2019,SAI
165.70508474576272,52.76,32.54237288135593,40.67796610169492,24.06779661016949,14,-30.092592592592595,16.203703703703603,Monaco,2019,ALB
165.34797297297297,53.85,32.77027027027027,39.52702702702703,25.675675675675674,16,-26.620370370370374,15.046296296296617,Monaco,2019,HUL
165.13804713804714,50.0,32.996632996633,40.4040404040404,24.242424242424242,15,-28.00925925925942,15.046296296296617,Monaco,2019,NOR
165.21212121212122,50.88,32.659932659932664,41.75084175084175,25.925925925925924,13,-24.305555555556076,15.277777777778127,Monaco,2019,GRO
164.99664429530202,48.97,32.5503355704698,39.59731543624161,26.174496644295303,13,-29.20328911000546,13.888888888889186,Monaco,2019,RAI
165.08053691275168,48.94,33.22147651006711,40.26845637583892,26.174496644295303,14,-27.77777777777778,15.092592592592919,Monaco,2019,GIO
163.88215488215488,50.92,33.670033670033675,39.05723905723906,23.905723905723907,12,-29.05092592592596,15.046296296296617,Monaco,2019,LEC
163.85284280936455,46.98,33.77926421404682,40.802675585284284,26.08695652173913,15,-29.004629629629395,15.046296296296171,Monaco,2019,PER
163.19601328903656,46.0,33.222591362126245,37.2093023255814,22.92358803986711,12,-30.092592592592567,15.04785102266433,Monaco,2019,STR
161.8622950819672,48.12,35.73770491803279,40.98360655737705,27.86885245901639,13,-25.46296296296296,15.201768933112179,Monaco,2019,RUS
160.3986928104575,48.05,33.98692810457516,35.947712418300654,30.718954248366014,16,-33.28703703703677,17.268518518517833,Monaco,2019,KUB
168.22525597269623,54.76,31.399317406143346,44.7098976109215,26.27986348122867,16,-31.45833333333337,15.046296296296395,Monaco,2021,LEC
167.35494880546077,51.92,31.058020477815703,45.73378839590443,24.914675767918087,13,-32.40740740740716,15.15046296296281,Monaco,2021,VER
167.3095238095238,53.0,31.97278911564626,44.5578231292517,23.809523809523807,12,-31.25000000000003,18.584853510226992,Monaco,2021,BOT
168.18707482993196,53.86,30.272108843537417,44.21768707482993,24.489795918367346,13,-27.777777777777548,15.046296296296171,Monaco,2021,SAI
167.2517006802721,49.86,31.292517006802722,43.197278911564624,25.850340136054424,16,-29.23941798941796,15.046296296296171,Monaco,2021,NOR
166.3322033898305,50.7,31.864406779661014,45.08474576271186,23.050847457627118,13,-24.305555555555717,15.046296296296617,Monaco,2021,GAS
166.52364864864865,53.0,32.432432432432435,43.24324324324324,23.64864864864865,12,-27.037037037036832,13.88888888888878,Monaco,2021,HAM
165.57094594594594,51.95,32.0945945945946,40.54054054054054,23.64864864864865,14,-30.300925925925903,15.115740740741037,Monaco,2021,VET
166.36610169491524,51.88,32.54237288135593,45.42372881355932,24.06779661016949,15,-28.935185185184945,16.284722222222342,Monaco,2021,PER
165.74410774410774,50.92,32.323232323232325,42.42424242424242,25.252525252525253,12,-27.893518518518505,16.22270591486997,Monaco,2021,GIO
165.3838383838384,52.92,33.33333333333333,42.08754208754209,25.925925925925924,15,-31.30787037037012,13.888888888888836,Monaco,2021,OCO
165.0738255033557,48.94,32.88590604026846,41.61073825503356,23.48993288590604,12,-28.935185185184945,16.61484245439408,Monaco,2021,RIC
164.93939393939394,49.96,33.670033670033675,41.41414141414141,24.915824915824917,13,-25.810185185185166,17.36111111111097,Monaco,2021,STR
165.25503355704697,48.97,32.21476510067114,41.946308724832214,26.174496644295303,14,-28.935185185184945,15.046296296295726,Monaco,2021,RAI
164.8227424749164,50.96,34.11371237458194,43.47826086956522,26.755852842809364,13,-31.25,15.115740740741,Monaco,2021,RUS
164.14333333333335,49.980000000000004,32.33333333333333,43.0,22.333333333333332,12,-30.092592592592595,15.092592592592862,Monaco,2021,TSU
163.64214046822744,51.98,33.44481605351171,43.1438127090301,27.09030100334448,17,-33.59953703703678,16.20370370370382,Monaco,2021,ALO
163.31333333333333,49.0,34.66666666666667,42.0,31.333333333333336,14,-33.56481481481482,13.888888888889186,Monaco,2021,LAT
162.45544554455446,50.06,33.993399339933994,37.95379537953795,0.0,0,-30.092592592592563,13.888888888889182,Monaco,2021,MAZ
169.26335877862596,50.22,30.916030534351147,45.80152671755725,23.66412213740458,13,-24.37996031746033,15.972222222221996,Monaco,2023,VER
164.95620437956205,50.19,31.751824817518248,43.79562043795621,26.277372262773724,13,-32.31394403808179,15.380952380952223,Monaco,2023,ALO
163.54779411764707,48.71,33.455882352941174,44.48529411764706,27.205882352941174,15,-31.45833333333322,15.699404761904766,Monaco,2023,LEC
164.17375886524823,48.81,33.687943262411345,41.843971631205676,29.432624113475175,13,-31.94444444444399,15.04629629629626,Monaco,2023,OCO
164.18081180811808,50.0,33.579335793357934,43.91143911439114,28.782287822878228,14,-30.05208333333346,15.277777777777562,Monaco,2023,SAI
163.2340425531915,50.81,32.269503546099294,43.61702127659575,25.53191489361702,14,-29.894179894179693,14.756944444444432,Monaco,2023,HAM
162.8985507246377,50.0,34.42028985507246,42.7536231884058,23.55072463768116,13,-28.74305555555563,13.958682300390977,Monaco,2023,GAS
164.45787545787545,47.44,32.6007326007326,43.956043956043956,27.472527472527474,13,-28.044191919192073,13.888888888889186,Monaco,2023,RUS
164.75095785440612,53.6,31.800766283524908,43.29501915708812,23.754789272030653,12,-31.64930555555514,16.910273368606802,Monaco,2023,TSU
162.68571428571428,49.37,34.285714285714285,39.64285714285714,23.92857142857143,14,-26.388888888888893,13.115079365079291,Monaco,2023,NOR
163.70526315789473,47.84,32.631578947368425,41.05263157894737,26.31578947368421,12,-30.163194444444425,15.87301587301581,Monaco,2023,PIA
162.0505415162455,47.52,33.935018050541515,42.238267148014444,27.79783393501805,16,-30.828373015872973,15.873015873016614,Monaco,2023,DEV
163.12454212454213,49.88,33.33333333333333,40.29304029304029,28.93772893772894,12,-27.777777777777548,15.88194444444433,Monaco,2023,ALB
163.02545454545455,50.480000000000004,34.909090909090914,44.36363636363637,26.545454545454543,13,-23.611111111111196,13.888888888888962,Monaco,2023,STR
164.08992805755395,49.54,33.45323741007194,44.60431654676259,26.978417266187048,13,-27.77777777777782,14.930339217722555,Monaco,2023,BOT
161.0503597122302,46.0,34.53237410071942,41.726618705035975,24.820143884892087,13,-30.203703703703507,14.222222222222141,Monaco,2023,SAR
162.62545454545455,50.74,32.0,39.63636363636363,27.27272727272727,15,-27.777777777777754,15.932391244112093,Monaco,2023,MAG
161.5667870036101,48.28,33.935018050541515,41.87725631768953,25.992779783393498,15,-25.000000000000533,16.493055555555905,Monaco,2023,HUL
160.568345323741,47.77,35.61151079136691,39.92805755395683,27.697841726618705,12,-29.388888888888943,15.265151515151492,Monaco,2023,ZHO
158.37370242214533,47.88,35.98615916955018,39.10034602076124,26.643598615916954,13,-23.636904761904756,15.322916666666993,Monaco,2023,PER
164.76208178438662,50.68,31.970260223048324,45.72490706319702,27.137546468401485,15,-28.784722222222257,16.895833333333684,Monaco,2024,LEC
169.31365313653137,52.0,28.413284132841326,41.32841328413284,24.354243542435423,11,-34.270833333333314,13.020833333333323,Monaco,2024,PIA
168.07089552238807,49.0,29.1044776119403,47.01492537313433,25.0,12,-32.40740740740741,17.36111111111148,Monaco,2024,SAI
169.58582089552237,50.0,30.223880597014922,45.149253731343286,23.507462686567166,15,-30.164141414141245,15.125000000000133,Monaco,2024,NOR
166.44927536231884,50.5,32.2463768115942,45.65217391304348,26.08695652173913,12,-26.6203703703704,13.888888888889186,Monaco,2024,RUS
167.97014925373134,50.67,30.597014925373134,46.26865671641791,25.37313432835821,13,-28.04012345678999,13.88888888888881,Monaco,2024,VER
168.1897810218978,50.73,31.02189781021898,44.89051094890511,26.277372262773724,12,-32.70634920634911,16.66666666666643,Monaco,2024,HAM
165.86446886446888,51.72,31.135531135531135,46.52014652014652,23.809523809523807,12,-29.671717171717326,16.724206349206167,Monaco,2024,TSU
167.4156862745098,52.16,30.980392156862745,42.745098039215684,26.666666666666668,12,-32.11805555555553,14.583333333333387,Monaco,2024,ALB
166.81509433962265,48.0,32.45283018867924,42.26415094339623,26.037735849056602,12,-34.14236111111044,13.888888888888614,Monaco,2024,GAS
165.5131086142322,49.32,32.20973782771536,42.69662921348314,28.83895131086142,15,-29.34027777777809,17.36111111111148,Monaco,2024,OCO
164.78358208955223,51.67,32.46268656716418,45.149253731343286,23.507462686567166,12,-25.46874999999998,16.432539682539435,Monaco,2024,RIC
164.8740740740741,50.38,32.592592592592595,46.666666666666664,25.185185185185183,13,-24.691358024691397,17.11111111111086,Monaco,2024,STR
164.81954887218046,49.0,31.57894736842105,42.857142857142854,28.947368421052634,16,-28.35470085470068,15.277777777778647,Monaco,2024,HUL
164.53623188405797,49.0,32.2463768115942,41.66666666666667,26.44927536231884,12,-28.819789939192457,16.66666666666643,Monaco,2024,ALO
165.78494623655914,47.78,33.33333333333333,43.727598566308245,25.806451612903224,14,-31.888888888888918,15.277777777777562,Monaco,2024,SAR
162.53531598513013,48.36,33.457249070631974,42.37918215613383,28.99628252788104,13,-31.88774392672255,15.392361111111072,Monaco,2024,MAG
163.67407407407407,52.07,33.7037037037037,44.81481481481481,27.40740740740741,13,-30.2199074074073,15.625000000000334,Monaco,2024,PER
165.43382352941177,48.71,31.25,45.220588235294116,29.044117647058826,14,-32.407407407407405,18.518518518518366,Monaco,2024,BOT
162.66666666666666,47.44,32.6007326007326,43.223443223443226,28.57142857142857,13,-28.27132936507931,15.559964726631401,Monaco,2024,ZHO
166.78599221789884,49.12,31.517509727626457,43.57976653696498,23.73540856031128,13,-29.56349206349237,14.409722222222323,Monaco,2025,NOR
168.84108527131784,49.57,30.620155038759687,45.348837209302324,24.031007751937985,16,-33.65740740740744,16.20370370370405,Monaco,2025,LEC
171.76653696498053,49.68,30.35019455252918,42.80155642023346,22.957198443579767,11,-22.42926155969615,15.046296296295726,Monaco,2025,PIA
169.83076923076922,49.59,30.0,46.15384615384615,29.230769230769234,13,-29.320987654321033,15.277777777777562,Monaco,2025,HAM
168.17472118959108,53.0,31.59851301115242,44.98141263940521,26.765799256505574,13,-32.73809523809524,14.347222222222179,Monaco,2025,VER
166.88326848249028,51.68,31.517509727626457,46.30350194552529,22.957198443579767,13,-31.24999999999974,15.127818035426872,Monaco,2025,HAD
165.21374045801528,49.22,32.06106870229007,43.51145038167939,28.62595419847328,13,-26.6203703703704,15.277777777778105,Monaco,2025,ALO
165.97348484848484,50.63,32.196969696969695,45.45454545454545,29.166666666666668,14,-24.305555555555536,17.36111111111148,Monaco,2025,OCO
166.1818181818182,54.0,31.818181818181817,44.31818181818182,25.757575757575758,12,-31.94444444444399,14.880952380952321,Monaco,2025,LAW
169.5245283018868,49.28,30.18867924528302,43.77358490566038,26.79245283018868,14,-34.277777777777565,14.756944444444432,Monaco,2025,ALB
168.31970260223048,48.68,29.739776951672862,44.60966542750929,31.59851301115242,13,-28.645833333333332,15.432098765432123,Monaco,2025,SAI
167.0653846153846,51.769999999999996,30.76923076923077,46.53846153846154,24.23076923076923,13,-31.595065562456888,13.420283164050245,Monaco,2025,TSU
164.37065637065638,47.58,34.36293436293436,43.62934362934363,23.552123552123554,15,-27.777777777777754,15.277777777777562,Monaco,2025,HUL
163.58555133079847,49.0,33.840304182509506,43.346007604562736,25.85551330798479,14,-34.01620370370334,16.18253968253954,Monaco,2025,RUS
165.5320754716981,51.28,30.943396226415093,43.0188679245283,26.41509433962264,14,-36.11111111111188,15.277777777777562,Monaco,2025,ANT
163.3901515151515,48.26,33.71212121212121,42.803030303030305,28.030303030303028,12,-34.52546296296328,15.97222222222228,Monaco,2025,BOR
163.66920152091254,49.62,32.69961977186312,42.20532319391635,31.1787072243346,13,-32.40740740740768,14.756944444444759,Monaco,2025,BEA
165.4923076923077,50.18,33.46153846153846,43.46153846153846,22.692307692307693,12,-26.770833333333297,14.701003086419897,Monaco,2025,GAS
162.69927536231884,52.5,31.88405797101449,40.94202898550724,28.985507246376812,16,-27.77777777777837,15.046296296296283,Monaco,2025,STR
160.6259541984733,48.61,34.35114503816794,42.74809160305343,26.33587786259542,12,-28.086419753086776,17.36111111111148,Monaco,2025,COL
221.25,66.82,10.616438356164384,64.38356164383562,18.835616438356166,7,-33.912037037036754,13.888888888888784,Montréal,2018,VET
220.5938566552901,70.84,10.580204778156997,64.16382252559727,17.064846416382252,8,-33.56481481481453,13.888888888888877,Montréal,2018,BOT
220.2320819112628,72.68,10.580204778156997,63.48122866894198,17.4061433447099,6,-34.72222222222194,13.888888888888928,Montréal,2018,VER
218.7679180887372,66.92,11.262798634812286,63.82252559726962,16.38225255972696,7,-34.72222222222194,14.775104602510423,Montréal,2018,HAM
220.1627118644068,68.0,11.864406779661017,62.37288135593221,15.932203389830507,8,-37.03703703703673,12.731481481481376,Montréal,2018,RAI
219.87372013651878,72.92,9.897610921501707,65.18771331058021,16.38225255972696,7,-33.77314814814786,13.888888888888877,Montréal,2018,RIC
216.7751677852349,68.97,11.409395973154362,61.74496644295302,18.456375838926174,8,-34.630205932073196,13.888888888889186,Montréal,2018,HUL
216.06397306397307,66.92,12.121212121212121,58.92255892255892,18.855218855218855,7,-34.920634920634946,12.78935185185178,Montréal,2018,OCO
216.59060402684563,70.97,11.409395973154362,61.74496644295302,18.120805369127517,7,-35.87962962962933,13.92857142857173,Montréal,2018,SAI
215.1103678929766,66.98,11.705685618729097,62.54180602006689,17.391304347826086,8,-35.87962962962933,12.731481481481472,Montréal,2018,PER
214.78787878787878,69.96,12.794612794612794,62.2895622895623,17.17171717171717,7,-37.03703703703673,12.789351851852121,Montréal,2018,MAG
214.73578595317727,65.96,11.705685618729097,59.19732441471572,15.384615384615385,7,-33.70370370370342,12.731481481481472,Montréal,2018,HAR
214.20805369127515,68.0,12.080536912751679,61.74496644295302,19.12751677852349,8,-33.61111111111178,13.888888888888774,Montréal,2018,LEC
213.9202657807309,64.0,12.29235880398671,61.79401993355482,18.6046511627907,7,-31.250000000000668,14.807190103124428,Montréal,2018,ALO
214.39403973509934,68.02,12.91390728476821,61.58940397350994,19.205298013245034,7,-33.56481481481453,12.731481481481755,Montréal,2018,VAN
213.52666666666667,66.97,12.333333333333334,62.0,18.333333333333332,7,-32.500000000000675,12.731481481481472,Montréal,2018,GAS
211.27814569536423,65.03,14.23841059602649,60.59602649006622,19.205298013245034,8,-40.509259259258926,12.731481481481472,Montréal,2018,STR
211.1184210526316,67.03,14.473684210526317,60.19736842105263,19.736842105263158,8,-31.250000000000654,16.203703703703752,Montréal,2018,SIR
209.3562091503268,65.1,14.37908496732026,57.84313725490197,17.973856209150327,7,-30.092592592592343,13.103982643731609,Montréal,2018,ERI
221.98275862068965,66.78,11.379310344827587,62.41379310344828,16.551724137931036,7,-38.19444444444413,13.888888888888774,Montréal,2019,VET
221.82817869415808,68.9,10.996563573883162,63.57388316151202,15.807560137457044,7,-32.443783068783674,13.888888888888774,Montréal,2019,HAM
219.92465753424656,63.730000000000004,11.986301369863012,62.671232876712324,19.17808219178082,9,-34.72222222222194,16.20370370370357,Montréal,2019,LEC
219.86348122866895,70.84,10.921501706484642,62.79863481228669,16.38225255972696,7,-37.3927238805969,15.046296296296617,Montréal,2019,RIC
220.10169491525423,67.88,10.16949152542373,64.7457627118644,15.932203389830507,7,-34.64258568269752,13.888888888888838,Montréal,2019,GAS
219.4232081911263,73.84,10.580204778156997,63.48122866894198,16.040955631399317,7,-37.03703703703673,12.731481481481755,Montréal,2019,BOT
218.79591836734693,70.0,10.884353741496598,62.925170068027214,17.346938775510203,7,-34.72222222222194,12.731481481481406,Montréal,2019,HUL
217.42033898305084,66.88,11.864406779661017,63.05084745762712,16.271186440677965,7,-38.19444444444413,12.808465882895591,Montréal,2019,NOR
217.32094594594594,65.95,11.824324324324325,61.82432432432432,17.22972972972973,7,-38.263888888888644,14.062562263399244,Montréal,2019,SAI
217.62925170068027,70.86,11.224489795918368,61.224489795918366,19.387755102040817,6,-37.03703703703673,13.888888888888774,Montréal,2019,MAG
217.94256756756758,68.9,10.81081081081081,62.5,17.905405405405407,7,-35.87962962962933,13.888888888889186,Montréal,2019,VER
216.41216216216216,67.0,11.14864864864865,64.1891891891892,16.216216216216218,7,-33.56481481481459,12.731481481481381,Montréal,2019,KVY
216.13131313131314,66.96,11.11111111111111,60.94276094276094,17.50841750841751,8,-38.3680555555553,12.78935185185212,Montréal,2019,GIO
216.84121621621622,67.85,10.81081081081081,61.48648648648649,16.89189189189189,9,-33.634259259258975,12.896825396825344,Montréal,2019,ALB
217.0875420875421,69.92,12.121212121212121,63.2996632996633,16.161616161616163,7,-37.03703703703673,12.946428571428859,Montréal,2019,GRO
216.006734006734,61.92,12.794612794612794,61.61616161616161,18.51851851851852,8,-41.84027777777743,13.888888888888774,Montréal,2019,PER
215.87205387205387,69.84,12.457912457912458,60.60606060606061,17.50841750841751,8,-36.11111111111182,12.905092592592885,Montréal,2019,RAI
216.48322147651007,68.91,11.74496644295302,61.74496644295302,18.456375838926174,10,-32.40740740740714,12.777777777777795,Montréal,2019,STR
211.69867549668874,68.04,12.582781456953644,58.94039735099338,21.192052980132452,7,-32.4074074074081,12.731481481481755,Montréal,2019,RUS
209.57328990228012,64.12,13.029315960912053,58.95765472312704,19.86970684039088,8,-32.407407407407426,12.784751278474898,Montréal,2019,KUB
198.5625,66.03,20.723684210526315,49.34210526315789,21.052631578947366,7,-30.09259259259264,12.500000000000266,Montréal,2023,VER
193.6590163934426,65.08,20.655737704918035,44.59016393442623,23.60655737704918,7,-28.935185185184945,10.912698412698369,Montréal,2023,HUL
194.58278145695365,56.0,21.85430463576159,52.317880794701985,21.85430463576159,7,-32.98611111110888,11.904761904761857,Montréal,2023,ALO
191.7411003236246,56.16,22.330097087378643,49.19093851132686,21.035598705501616,7,-29.166666666666256,12.152777777776958,Montréal,2023,HAM
192.90228013029315,59.24,20.521172638436482,52.11726384364821,20.521172638436482,7,-27.728174603174494,11.276041666666886,Montréal,2023,RUS
190.42295081967214,65.08,24.262295081967213,46.885245901639344,25.245901639344265,10,-24.260912698412692,12.152777777777498,Montréal,2023,OCO
194.97697368421052,65.06,20.065789473684212,2.631578947368421,18.75,7,-27.77777777777738,12.722578347578441,Montréal,2023,NOR
195.96742671009773,64.12,20.521172638436482,47.23127035830619,26.384364820846905,8,-26.731752673176373,12.345679012345698,Montréal,2023,SAI
193.3993399339934,67.02,18.81188118811881,23.1023102310231,19.141914191419144,7,-26.22685185185189,11.111111111111349,Montréal,2023,PIA
199.5016611295681,66.0,20.26578073089701,47.176079734219265,25.91362126245847,7,-27.821180555555532,12.502314814814635,Montréal,2023,ALB
191.1875,56.09,22.697368421052634,46.05263157894737,19.736842105263158,7,-27.77777777777767,12.500000000000266,Montréal,2023,LEC
192.24422442244224,58.06,21.122112211221122,49.17491749174918,21.45214521452145,9,-29.72817460317449,12.077294685990237,Montréal,2023,PER
190.15555555555557,56.14,23.174603174603174,48.888888888888886,24.126984126984127,13,-28.76984126984115,14.880952380952321,Montréal,2023,STR
191.22772277227722,53.0,22.442244224422442,51.81518151815182,22.772277227722775,7,-31.734126984126853,13.19444444444449,Montréal,2023,MAG
191.94754098360656,58.0,25.245901639344265,48.85245901639344,23.278688524590162,7,-29.33057280883343,12.142361111111086,Montréal,2023,BOT
189.06050955414014,57.39,25.159235668789808,50.0,21.97452229299363,7,-30.833333333333922,12.152777777777736,Montréal,2023,TSU
188.38095238095238,54.28,24.761904761904763,50.476190476190474,20.317460317460316,7,-26.62037037037015,12.120535714285975,Montréal,2023,GAS
186.88958990536278,60.64,27.129337539432175,46.68769716088328,23.02839116719243,9,-33.45840800477952,13.62847222222203,Montréal,2023,DEV
185.53650793650795,60.14,25.71428571428571,43.17460317460318,21.58730158730159,7,-28.788488114981195,11.775462962963005,Montréal,2023,SAR
186.608832807571,64.0,26.498422712933756,45.74132492113564,22.397476340694006,8,-29.842509920634313,12.731481481481376,Montréal,2023,ZHO
217.3754512635379,67.28,11.552346570397113,63.537906137184116,16.60649819494585,8,-33.85416666666711,15.72327044025168,Montréal,2024,RUS
214.91941391941393,65.44,11.72161172161172,63.003663003663,17.216117216117215,7,-37.20833333333334,13.50504210047246,Montréal,2024,VER
213.74906367041197,66.66,11.985018726591761,61.79775280898876,17.97752808988764,7,-33.88888888888841,12.735808238144838,Montréal,2024,NOR
216.04744525547446,67.73,12.043795620437956,62.40875912408759,17.153284671532848,7,-28.263888888888975,14.305632930981126,Montréal,2024,PIA
218.17216117216117,66.0,12.087912087912088,63.369963369963365,19.78021978021978,7,-37.8086419753087,14.154040404040444,Montréal,2024,RIC
215.36764705882354,62.71,12.132352941176471,63.970588235294116,17.647058823529413,7,-30.57870370370379,15.816528272044303,Montréal,2024,ALO
214.67625899280574,68.54,11.870503597122301,61.87050359712231,19.06474820143885,7,-38.276014109347436,15.277777777777834,Montréal,2024,HAM
215.1070110701107,67.1,12.177121771217712,62.73062730627307,15.867158671586715,7,-31.2499999999999,13.910524846454498,Montréal,2024,TSU
213.24460431654677,66.31,12.589928057553957,61.15107913669065,19.424460431654676,10,-34.074074074074076,13.868934173874678,Montréal,2024,STR
212.10714285714286,60.79,13.571428571428571,58.92857142857143,19.28571428571429,7,-38.194444444444414,12.896825396825426,Montréal,2024,ALB
211.4160583941606,64.73,13.138686131386862,60.94890510948905,18.613138686131386,7,-29.75694444444489,14.756944444444432,Montréal,2024,LEC
213.61565836298934,64.6,12.099644128113878,62.27758007117438,16.370106761565836,8,-34.4849537037041,14.317502986857733,Montréal,2024,SAI
213.00358422939067,63.120000000000005,11.11111111111111,60.93189964157706,18.996415770609318,7,-38.773148148147826,14.117063492063487,Montréal,2024,SAR
214.58064516129033,67.78,12.544802867383511,62.00716845878136,18.996415770609318,7,-34.722222222222086,13.88888888888891,Montréal,2024,MAG
214.1642857142857,66.58,12.5,63.21428571428571,16.785714285714285,7,-37.210107303565486,11.904761904761932,Montréal,2024,GAS
212.26792452830188,64.0,13.20754716981132,60.37735849056604,20.37735849056604,7,-38.19444444444526,12.430555555555587,Montréal,2024,PER
212.51908396946564,64.0,13.358778625954198,59.92366412213741,20.229007633587788,8,-32.539682539682524,12.058457711442829,Montréal,2024,BOT
211.1203007518797,66.95,14.661654135338345,59.3984962406015,20.30075187969925,6,-30.555555555555863,14.61988304093564,Montréal,2024,OCO
208.99630996309963,66.4,13.284132841328415,59.40959409594095,17.712177121771216,7,-34.037698412698305,14.553277651227535,Montréal,2024,HUL
209.75367647058823,68.71,13.23529411764706,59.19117647058824,19.852941176470587,7,-36.02975360297578,12.731481481481472,Montréal,2024,ZHO
219.8582089552239,71.67,11.567164179104477,66.4179104477612,18.28358208955224,7,-41.57887659443668,14.282407407407328,Montréal,2025,RUS
221.0561797752809,67.98,11.985018726591761,66.29213483146067,17.97752808988764,6,-40.12345679012352,12.896825396825426,Montréal,2025,VER
220.73408239700373,67.98,11.610486891385769,61.42322097378277,17.60299625468165,6,-33.26907868722817,13.938669852648353,Montréal,2025,PIA
216.728624535316,70.08,11.524163568773234,63.94052044609665,17.472118959107807,7,-34.274140211640024,14.175347222222072,Montréal,2025,ANT
215.06691449814127,65.04,13.382899628252787,11.895910780669144,20.074349442379184,7,-36.320268221958486,12.39831349206351,Montréal,2025,HAM
218.1760299625468,61.66,11.610486891385769,64.41947565543072,18.352059925093634,7,-36.3425925925927,13.913316582914614,Montréal,2025,ALO
219.18677042801556,67.0,12.062256809338521,61.08949416342413,19.06614785992218,7,-27.777777777778372,14.311486753657585,Montréal,2025,NOR
214.984496124031,63.14,13.953488372093023,62.4031007751938,18.6046511627907,7,-29.320987654320962,13.88888888888869,Montréal,2025,LEC
217.07608695652175,67.75,12.681159420289855,62.31884057971014,17.02898550724638,7,-35.76388888888965,12.49999999999999,Montréal,2025,HAD
216.55384615384617,67.59,12.307692307692308,59.61538461538461,21.53846153846154,7,-40.63194444444494,13.888888888888877,Montréal,2025,ALB
216.45627376425855,69.62,11.406844106463879,64.63878326996198,16.34980988593156,7,-36.347222222222726,13.020833333333323,Montréal,2025,TSU
218.8231046931408,70.52,10.830324909747292,64.25992779783394,18.050541516245488,6,-33.65575396825425,13.888888888888834,Montréal,2025,COL
215.24632352941177,69.42,12.867647058823529,62.13235294117647,17.647058823529413,7,-36.88335638543113,14.63541666666652,Montréal,2025,HUL
213.8909090909091,66.74,13.454545454545455,62.18181818181818,20.363636363636363,7,-31.96510354440455,14.17330332409958,Montréal,2025,BEA
216.07806691449815,68.68,11.895910780669144,62.45353159851301,20.44609665427509,7,-35.86805555555526,12.731481481481376,Montréal,2025,OCO
215.6728624535316,66.36,11.895910780669144,62.0817843866171,19.33085501858736,7,-33.77313167259779,14.805555555555397,Montréal,2025,BOR
214.50746268656715,66.67,13.805970149253731,61.56716417910447,19.402985074626866,8,-31.86478248822362,15.72327044025168,Montréal,2025,SAI
213.1549815498155,68.4,14.022140221402212,61.99261992619927,19.557195571955717,9,-38.194444444443974,12.731481481481755,Montréal,2025,STR
216.30434782608697,74.75,13.043478260869565,63.40579710144928,18.115942028985508,6,-35.59027777777854,13.927576601671241,Montréal,2025,LAW
213.8808664259928,64.76,11.913357400722022,61.73285198555957,17.689530685920577,7,-33.56481481481453,13.88888888888869,Montréal,2025,GAS
263.519877675841,73.04,7.64525993883792,75.22935779816514,11.926605504587156,7,-34.722222222222086,13.888888888888877,Monza,2018,RAI
263.3658536585366,74.54,7.317073170731707,76.21951219512195,11.585365853658537,7,-34.12037037037009,13.870923161967921,Monza,2018,VET
262.60550458715596,72.52,6.727828746177369,73.08868501529052,11.314984709480122,6,-33.56481481481503,14.508928571428548,Monza,2018,HAM
261.344512195122,74.27,7.01219512195122,75.3048780487805,11.890243902439025,6,-33.26388888888879,13.819789939192889,Monza,2018,BOT
259.18373493975906,75.93,7.228915662650602,74.69879518072288,11.74698795180723,6,-33.21759259259281,12.470755898247,Monza,2018,VER
257.4820359281437,68.33,7.18562874251497,74.55089820359282,11.976047904191617,6,-37.037037037037,13.888888888888877,Monza,2018,GRO
256.58383233532936,75.66,7.784431137724551,74.8502994011976,13.17365269461078,6,-31.24999999999974,13.888888888888877,Monza,2018,SAI
256.2686567164179,75.02,7.761194029850746,69.85074626865672,16.417910447761194,7,-33.56481481481503,12.842261904761962,Monza,2018,OCO
255.88988095238096,73.7,7.142857142857142,73.51190476190477,11.607142857142858,6,-34.72222222222194,13.888888888888841,Monza,2018,GAS
255.6973293768546,73.08,7.71513353115727,76.26112759643917,13.353115727002967,8,-37.73148148148126,12.736170338782223,Monza,2018,STR
255.13946587537092,72.8,7.418397626112759,74.77744807121661,13.94658753709199,7,-37.037037037037,11.574074074074064,Monza,2018,MAG
254.8491124260355,69.74,7.6923076923076925,75.44378698224851,11.834319526627219,8,-36.944444444444414,13.88888888888898,Monza,2018,SIR
254.14836795252225,73.36,8.30860534124629,72.70029673590504,13.94658753709199,8,-30.844907407407458,13.888888888888877,Monza,2018,ALO
254.30588235294118,75.39,7.352941176470589,73.23529411764706,13.23529411764706,7,-29.02155887230507,13.819789939192889,Monza,2018,HUL
256.44776119402985,73.68,6.865671641791045,74.02985074626865,10.746268656716417,6,-39.35185185185182,12.731481481481472,Monza,2018,RIC
253.89940828402368,72.37,7.988165680473373,75.7396449704142,13.017751479289942,6,-30.092592592592567,13.491399349139899,Monza,2018,PER
254.16913946587536,73.36,8.011869436201781,74.77744807121661,12.462908011869436,7,-32.4074074074081,12.731481481481532,Monza,2018,LEC
253.9294117647059,71.0,8.235294117647058,71.47058823529412,12.352941176470589,6,-33.56481481481453,12.291666666666602,Monza,2018,HAR
254.18934911242604,75.37,7.988165680473373,73.96449704142012,10.650887573964498,6,-34.72222222222194,12.731481481481472,Monza,2018,ERI
253.2041420118343,72.74,7.6923076923076925,72.7810650887574,12.721893491124261,6,-31.990740740740797,12.731481481481438,Monza,2018,VAN
262.6102719033233,73.2,6.948640483383686,71.6012084592145,12.688821752265861,7,-31.24999999999997,15.046296296296395,Monza,2019,LEC
262.5528700906344,77.0,5.740181268882175,75.83081570996978,11.48036253776435,7,-30.403537866224358,13.637152777777748,Monza,2019,HAM
261.7379518072289,71.55,6.024096385542169,76.80722891566265,10.542168674698797,6,-35.637494188749294,14.67834438916525,Monza,2019,BOT
262.2048192771084,75.62,6.927710843373494,77.10843373493977,12.048192771084338,7,-33.33333333333355,13.888888888888877,Monza,2019,VET
261.2909090909091,75.0,5.454545454545454,73.03030303030303,10.606060606060606,6,-30.092592592592727,12.73148148148154,Monza,2019,RIC
260.56756756756755,75.32,7.207207207207207,75.37537537537537,12.012012012012011,6,-32.40740740740714,14.1945896223059,Monza,2019,HUL
259.47546012269936,72.0,7.668711656441718,10.122699386503067,12.269938650306749,6,-33.00925925925932,13.88888888888898,Monza,2019,SAI
260.1337386018237,69.4,6.079027355623101,74.46808510638297,11.854103343465045,7,-33.73015873015859,12.731481481481472,Monza,2019,ALB
258.09815950920245,76.25,7.05521472392638,72.08588957055214,13.803680981595093,8,-33.56481481481503,13.888888888888877,Monza,2019,STR
258.7798165137615,74.52,7.64525993883792,75.84097859327217,12.844036697247708,6,-39.35185185185211,13.61285448628543,Monza,2019,RAI
259.2621951219512,75.0,7.317073170731707,74.08536585365853,11.585365853658537,6,-33.56481481481503,13.888888888888877,Monza,2019,GIO
258.5287009063444,73.6,6.3444108761329305,72.80966767371602,12.688821752265861,7,-37.037037037037,13.504180486456555,Monza,2019,MAG
257.72782874617735,75.52,7.033639143730887,74.61773700305811,10.703363914373089,6,-35.8796296296298,12.731481481481376,Monza,2019,KVY
258.0966767371601,72.6,7.250755287009064,75.22658610271903,11.48036253776435,6,-37.03703703703673,13.21759259259246,Monza,2019,NOR
258.3606060606061,74.58,6.969696969696971,75.15151515151514,11.212121212121213,6,-37.2222222222224,13.564814814814742,Monza,2019,GAS
258.0664652567976,72.9,6.948640483383686,73.1117824773414,11.782477341389729,6,-37.037037037037,11.574074074074064,Monza,2019,GRO
255.14714714714714,70.64,8.108108108108109,72.67267267267268,13.213213213213212,6,-34.004629629629676,12.731481481481376,Monza,2019,PER
253.81492537313432,69.68,7.164179104477612,74.02985074626865,12.835820895522387,7,-32.40740740740747,12.634570204532816,Monza,2019,RUS
252.52366863905326,71.37,7.6923076923076925,73.66863905325444,13.017751479289942,7,-32.83730158730171,13.88888888888884,Monza,2019,KUB
263.8030769230769,74.96000000000001,6.461538461538462,76.61538461538461,10.153846153846153,6,-34.72222222222219,14.513888888888921,Monza,2020,HAM
263.63271604938274,77.92,6.481481481481481,77.1604938271605,12.037037037037036,6,-39.35185185185182,13.888888888888877,Monza,2020,BOT
260.905487804878,74.81,7.01219512195122,76.52439024390245,11.890243902439025,7,-30.092592592592343,13.888888888888877,Monza,2020,SAI
261.7103658536585,71.27,7.621951219512195,75.0,12.5,6,-31.655092592592474,12.731481481481472,Monza,2020,PER
260.8693009118541,75.0,6.990881458966565,77.81155015197568,12.462006079027356,7,-36.63194444444462,12.731481481481755,Monza,2020,VER
260.54103343465044,74.28,7.90273556231003,74.77203647416414,11.246200607902736,8,-29.467592592592624,12.731481481481472,Monza,2020,NOR
260.8606060606061,76.16,6.969696969696971,75.15151515151514,10.606060606060606,6,-34.90740740740745,15.23148148148128,Monza,2020,RIC
261.0121951219512,69.35,7.317073170731707,75.3048780487805,14.329268292682926,8,-35.578703703703475,15.046296296296283,Monza,2020,STR
259.48328267477206,73.56,7.29483282674772,75.37993920972644,13.069908814589665,7,-35.2546296296296,12.731481481481472,Monza,2020,ALB
261.048632218845,76.0,6.68693009118541,76.59574468085107,10.33434650455927,6,-30.625000000000032,12.731481481481541,Monza,2020,GAS
259.469696969697,68.16,6.969696969696971,77.57575757575758,10.909090909090908,6,-28.611111111110947,15.046296296296251,Monza,2020,KVY
260.22727272727275,74.0,6.969696969696971,72.72727272727273,11.818181818181818,7,-36.712962962962735,13.515063571033686,Monza,2020,OCO
259.56363636363636,75.45,7.575757575757576,75.45454545454545,12.727272727272727,8,-36.1458333333335,13.51506357103366,Monza,2020,LEC
257.60360360360363,73.0,7.5075075075075075,75.07507507507508,12.612612612612612,8,-34.107142857142925,13.53009259259265,Monza,2020,RAI
257.86526946107784,73.66,7.18562874251497,74.55089820359282,12.574850299401197,6,-37.03703703703728,12.731481481481472,Monza,2020,MAG
257.1641791044776,71.68,7.462686567164178,74.02985074626865,11.940298507462686,6,-37.037037037037,13.506944444444535,Monza,2020,GRO
256.44642857142856,75.0,7.738095238095238,74.10714285714286,11.30952380952381,7,-38.194444444444414,12.731481481481566,Monza,2020,VET
256.7044776119403,74.0,6.865671641791045,72.53731343283583,12.238805970149254,6,-33.18287037037051,12.731481481481472,Monza,2020,GIO
254.6508875739645,71.11,7.6923076923076925,76.33136094674556,11.538461538461538,7,-31.157407407407614,13.888888888888877,Monza,2020,RUS
254.52380952380952,71.7,7.440476190476191,74.70238095238095,11.904761904761903,6,-37.00396825396842,13.495370370370484,Monza,2020,LAT
260.63746223564954,76.0,6.646525679758309,77.64350453172206,10.876132930513595,7,-39.016203703703546,13.888888888888877,Monza,2021,BOT
260.6163141993958,77.0,6.948640483383686,76.43504531722054,11.178247734138973,7,-32.3726851851851,13.868850193477039,Monza,2021,HAM
259.38922155688624,75.66,6.58682634730539,76.94610778443113,12.275449101796406,7,-28.935185185185162,15.046296296296248,Monza,2021,VER
259.38253012048193,75.62,6.927710843373494,76.80722891566265,11.74698795180723,7,-34.72222222222245,12.731481481481472,Monza,2021,NOR
259.4698795180723,73.93,7.530120481927711,74.09638554216868,10.542168674698797,6,-32.40740740740731,12.731481481481472,Monza,2021,RIC
258.35735735735733,78.0,6.306306306306306,75.07507507507508,9.90990990990991,6,-34.09050179211477,13.530092592592666,Monza,2021,GAS
257.6377245508982,74.99,6.88622754491018,75.74850299401199,11.976047904191617,7,-37.03703703703692,12.731481481481472,Monza,2021,SAI
257.54328358208954,74.68,6.567164179104477,76.11940298507463,11.641791044776118,7,-33.564814814814696,13.92782426778238,Monza,2021,LEC
257.4047619047619,75.0,6.547619047619048,75.29761904761905,12.202380952380953,6,-30.092592592592567,13.888888888888877,Monza,2021,PER
257.6279761904762,71.35,7.440476190476191,72.32142857142857,11.904761904761903,6,-34.32870370370376,12.731481481481566,Monza,2021,GIO
256.2358208955224,73.68,7.164179104477612,74.92537313432835,11.343283582089553,7,-33.56481481481503,13.888888888888877,Monza,2021,VET
256.1279761904762,73.05,7.440476190476191,74.40476190476191,12.797619047619047,7,-37.03703703703673,13.888888888888841,Monza,2021,STR
255.81845238095238,75.35,7.738095238095238,75.29761904761905,11.607142857142858,6,-34.305555555555344,12.731481481481376,Monza,2021,ALO
255.61011904761904,74.05,7.440476190476191,70.53571428571429,11.904761904761903,8,-33.93518518518508,15.046296296296171,Monza,2021,OCO
254.8343195266272,71.37,7.6923076923076925,72.48520710059172,13.313609467455622,6,-28.518518518518633,13.888888888888877,Monza,2021,RUS
253.3284457478006,75.4,7.9178885630498534,71.5542521994135,12.903225806451612,7,-32.66203703703716,12.731481481481755,Monza,2021,LAT
253.03235294117647,74.39,7.647058823529412,73.23529411764706,10.882352941176471,7,-38.185185185185155,15.046296296296395,Monza,2021,TSU
252.60526315789474,71.41,7.309941520467836,71.6374269005848,11.988304093567251,6,-35.87962962962986,13.450604122245958,Monza,2021,MSC
251.6997084548105,71.84,8.454810495626822,69.09620991253644,12.536443148688047,8,-30.092592592592567,12.731481481481376,Monza,2021,KUB
250.6889534883721,73.72,8.720930232558139,69.18604651162791,14.534883720930234,8,-37.037037037037,11.574074074074064,Monza,2021,MAZ
260.94256756756755,77.95,5.743243243243244,75.0,14.864864864864865,9,-33.73015873015902,11.126262626262575,Monza,2023,SAI
260.5578231292517,77.79,6.802721088435375,76.53061224489795,12.925170068027212,6,-37.24867724867746,12.824074074073957,Monza,2023,VER
263.2331081081081,77.0,5.743243243243244,76.01351351351352,11.486486486486488,7,-33.09774492234167,14.60015077708191,Monza,2023,LEC
258.9155844155844,75.0,6.8181818181818175,75.64935064935064,13.96103896103896,7,-29.040404040404074,15.474537037037019,Monza,2023,RUS
256.06535947712416,74.05,7.18954248366013,76.79738562091504,12.091503267973856,8,-30.38194444444459,13.171717171717148,Monza,2023,PER
256.7328990228013,75.24,7.166123778501629,68.72964169381108,12.703583061889251,7,-34.72222222222194,11.320097526994113,Monza,2023,ALB
255.31208053691276,77.88,6.375838926174497,70.13422818791946,10.40268456375839,6,-29.768518518519112,12.500000000000044,Monza,2023,PIA
257.98371335504885,73.48,6.514657980456026,74.5928338762215,11.074918566775244,7,-37.500000000000135,13.020833333333323,Monza,2023,HAM
258.6459016393443,74.2,5.901639344262295,70.16393442622952,11.147540983606557,6,-32.9489087301587,12.152777777777768,Monza,2023,NOR
255.42434210526315,75.0,7.236842105263158,75.98684210526315,13.157894736842104,7,-32.34953703703676,12.896825396825344,Monza,2023,ALO
254.59060402684563,76.94,7.046979865771812,70.13422818791946,11.74496644295302,6,-46.87499999999996,12.499999999999934,Monza,2023,TSU
254.7654723127036,75.12,7.491856677524431,72.31270358306189,12.37785016286645,6,-29.421945309795966,11.904761904761857,Monza,2023,LAW
253.60714285714286,77.14,7.792207792207792,72.72727272727273,12.662337662337661,7,-37.98611111111113,11.904761904761857,Monza,2023,HUL
253.6764705882353,76.0,8.49673202614379,71.56862745098039,13.071895424836603,6,-37.38888888888871,13.888888888888937,Monza,2023,BOT
252.58990536277602,70.48,7.886435331230284,70.97791798107255,13.564668769716087,7,-37.6815025252525,13.680555555555568,Monza,2023,SAR
255.11111111111111,71.15,7.8431372549019605,72.87581699346404,13.398692810457517,7,-31.727272727272844,12.731481481481566,Monza,2023,ZHO
251.25316455696202,77.0,7.59493670886076,70.25316455696202,12.974683544303797,6,-31.60416666666652,10.416666666666657,Monza,2023,GAS
249.81388012618297,69.0,8.201892744479496,67.19242902208202,16.7192429022082,10,-33.459595959596136,11.855158730158683,Monza,2023,OCO
251.84810126582278,75.45,7.2784810126582276,68.0379746835443,14.873417721518987,6,-34.72222222222212,12.416666666666728,Monza,2023,MAG
247.0192926045016,76.1,7.717041800643088,69.77491961414792,14.790996784565916,8,-32.38136574074072,12.972759976264657,Monza,2023,STR
263.48366013071893,79.1,6.209150326797386,76.1437908496732,11.437908496732026,7,-35.32407407407413,13.858024691357995,Monza,2024,NOR
261.6363636363636,80.88,6.7340067340067336,76.0942760942761,11.784511784511785,6,-35.06944444444452,13.888888888888937,Monza,2024,PIA
262.69426751592357,82.13,6.050955414012739,77.70700636942675,11.78343949044586,7,-32.98611111111108,13.769841269841113,Monza,2024,RUS
263.1369426751592,81.0,6.050955414012739,75.47770700636943,13.694267515923567,7,-35.71428571428579,13.888888888888676,Monza,2024,LEC
261.13375796178343,80.0,6.687898089171974,74.84076433121018,14.64968152866242,8,-35.178571428571296,12.896825396825426,Monza,2024,SAI
259.6549520766773,80.12,7.348242811501597,75.39936102236422,12.779552715654951,7,-36.45833333333331,12.706018518518595,Monza,2024,HAM
259.99,75.99,6.666666666666667,74.33333333333333,14.000000000000002,7,-36.253602975360714,15.277777777777697,Monza,2024,VER
257.12666666666667,75.0,7.666666666666666,76.33333333333333,13.333333333333334,6,-37.164351851851556,14.756944444444432,Monza,2024,PER
257.9253246753247,80.14,6.1688311688311686,73.05194805194806,13.636363636363635,7,-32.55077658303467,13.888888888888815,Monza,2024,ALB
258.1442307692308,80.11,8.012820512820513,75.32051282051282,13.782051282051283,7,-36.80555555555549,14.965277777777633,Monza,2024,HUL
256.55254237288136,75.88,7.457627118644068,73.5593220338983,14.237288135593221,7,-40.79861111111107,13.888888888888877,Monza,2024,ALO
257.9033333333333,74.0,7.000000000000001,75.33333333333333,10.666666666666668,6,-36.194444444445196,13.03819444444442,Monza,2024,RIC
258.4902597402597,79.0,6.493506493506493,76.94805194805194,12.987012987012985,6,-33.42592592592612,13.888888888888934,Monza,2024,MAG
256.9136212624585,79.0,7.641196013289036,72.75747508305648,13.953488372093023,6,-28.409090909091056,13.961852368407401,Monza,2024,GAS
256.24834437086093,76.02,8.27814569536424,72.84768211920529,13.90728476821192,8,-35.59027777777775,15.929908403026689,Monza,2024,OCO
256.53225806451616,78.09,7.741935483870968,73.54838709677419,12.580645161290322,6,-31.944444444444276,12.896825396825344,Monza,2024,TSU
256.0844155844156,74.28,7.142857142857142,74.35064935064936,12.012987012987013,8,-32.67179291645473,13.710317460317482,Monza,2024,STR
254.37671232876713,77.64,7.534246575342466,69.52054794520548,15.068493150684931,7,-38.81944444444465,13.88888888888891,Monza,2024,COL
255.90996784565917,74.0,7.717041800643088,73.95498392282958,14.790996784565916,7,-35.687903970452396,12.627314814814834,Monza,2024,BOT
253.61980830670927,76.12,8.626198083067091,69.32907348242811,15.654952076677317,7,-32.20370370370391,12.345679012345638,Monza,2024,ZHO
263.038062283737,78.52,6.5743944636678195,76.8166089965398,13.494809688581316,7,-39.084310441094395,13.153822346022904,Monza,2025,VER
262.26190476190476,78.93,6.462585034013606,73.80952380952381,10.884353741496598,8,-28.472222222222122,13.211689660287758,Monza,2025,NOR
264.7551020408163,77.79,6.802721088435375,68.02721088435374,11.564625850340136,6,-32.846320346320226,13.88888888888885,Monza,2025,PIA
263.77891156462584,78.86,6.462585034013606,75.51020408163265,12.585034013605442,7,-34.880952380952266,13.117283950617304,Monza,2025,LEC
261.989898989899,76.88,6.7340067340067336,74.41077441077442,13.468013468013467,7,-41.666666666666096,13.958333333333334,Monza,2025,HAM
260.3939393939394,74.84,7.07070707070707,75.75757575757575,11.784511784511785,7,-29.041220956981824,12.345679012345638,Monza,2025,RUS
259.4776632302405,76.7,7.903780068728522,75.25773195876289,11.683848797250858,7,-38.15796546569988,16.750418760469024,Monza,2025,ANT
262.3835616438356,71.91,7.191780821917808,74.31506849315068,14.383561643835616,7,-31.23134328358218,14.71097265489782,Monza,2025,BOR
259.47986577181206,77.97,7.38255033557047,75.83892617449665,14.429530201342283,7,-38.07545863620612,13.888888888888834,Monza,2025,ALO
257.4896551724138,75.56,7.586206896551724,74.13793103448276,12.413793103448276,7,-41.66666666666645,14.84975541579317,Monza,2025,TSU
261.94276094276097,79.92,6.7340067340067336,74.74747474747475,12.121212121212121,9,-35.983508741660955,12.678653757491857,Monza,2025,BEA
264.60869565217394,80.96,7.023411371237458,75.91973244147158,15.050167224080269,7,-36.292573981016545,13.137844107047004,Monza,2025,HUL
259.3779264214047,76.94,6.354515050167224,75.25083612040135,14.046822742474916,7,-37.13425925925896,12.515624999999922,Monza,2025,SAI
263.9141914191419,78.04,5.6105610561056105,75.24752475247524,14.85148514851485,7,-39.394233320068786,12.500000000000044,Monza,2025,ALB
261.8561872909699,76.96,6.688963210702341,75.25083612040135,14.046822742474916,9,-32.646258611217135,12.685198906671856,Monza,2025,OCO
259.75816993464053,74.05,7.516339869281046,72.87581699346404,11.76470588235294,7,-34.58333333333331,12.731481481481472,Monza,2025,HAD
258.875,79.0,6.907894736842106,75.0,11.18421052631579,6,-29.47916666666664,13.873456790123225,Monza,2025,STR
256.6111111111111,78.05,7.516339869281046,72.54901960784314,13.071895424836603,7,-35.8796296296296,15.354550530429941,Monza,2025,COL
260.84364820846906,81.06,6.840390879478828,76.8729641693811,11.400651465798045,6,-32.78389238294919,13.850308641975328,Monza,2025,GAS
255.68333333333334,74.99,7.666666666666666,75.33333333333333,13.333333333333334,7,-37.04282407407404,13.91666666666669,Monza,2025,LAW
220.41463414634146,76.68,10.840108401084011,63.143631436314365,16.802168021680217,8,-33.56481481481503,14.255205220163315,Sakhir,2018,VET
219.91374663072776,75.0,10.781671159029651,64.6900269541779,16.9811320754717,8,-37.037037037037145,13.888888888888774,Sakhir,2018,RAI
219.71698113207546,79.0,11.05121293800539,63.881401617250674,16.442048517520217,9,-35.879629629630394,14.983863531581395,Sakhir,2018,BOT
220.16935483870967,81.0,11.021505376344086,62.903225806451616,17.20430107526882,8,-32.543003254300345,13.88888888888898,Sakhir,2018,HAM
219.5956873315364,78.0,10.781671159029651,63.61185983827493,16.711590296495956,8,-32.4074074074081,14.287782814194738,Sakhir,2018,RIC
216.58090185676392,75.0,10.875331564986737,64.9867374005305,15.649867374005305,8,-35.59027777777854,13.888888888888953,Sakhir,2018,GAS
216.78989361702128,75.5,11.170212765957446,61.96808510638297,18.085106382978726,8,-37.037037037037,14.923941798942,Sakhir,2018,MAG
217.088,79.74,11.200000000000001,64.53333333333333,16.53333333333333,8,-30.092592592592343,12.784751278475278,Sakhir,2018,HUL
214.97625329815304,74.0,11.345646437994723,59.63060686015831,19.261213720316622,9,-31.400462962962916,15.046296296296171,Sakhir,2018,OCO
215.4920634920635,77.0,10.846560846560847,62.16931216931217,19.31216931216931,9,-37.037037037037,13.888888888888774,Sakhir,2018,SAI
215.24802110817942,73.78,11.081794195250659,60.4221635883905,15.03957783641161,8,-32.77801991321969,15.06077599566117,Sakhir,2018,HAR
214.97105263157894,73.79,12.368421052631579,62.36842105263158,18.684210526315788,8,-35.009879125987865,12.743200836820307,Sakhir,2018,PER
214.71240105540898,71.34,11.081794195250659,65.4353562005277,17.941952506596305,8,-30.48196517412986,16.2037037037036,Sakhir,2018,ALO
214.42036553524804,74.0,11.74934725848564,61.61879895561357,17.4934725848564,8,-32.62731481481537,12.784751278475278,Sakhir,2018,VAN
217.28912466843502,76.0,10.610079575596817,63.12997347480106,16.180371352785148,8,-28.93518518518436,15.109251510925215,Sakhir,2018,VER
214.002624671916,69.8,11.286089238845145,61.15485564304461,17.322834645669293,8,-33.98009950248749,13.819789939192889,Sakhir,2018,GRO
212.97135416666666,72.83,11.71875,59.375,16.40625,8,-34.867503486751794,12.939814814815026,Sakhir,2018,ERI
212.343669250646,74.72,11.627906976744185,59.17312661498708,18.34625322997416,8,-33.56481481481478,12.731481481481515,Sakhir,2018,SIR
211.61917098445596,71.55,12.953367875647666,57.77202072538861,17.875647668393782,9,-38.35425383542541,12.4378109452736,Sakhir,2018,LEC
211.779792746114,66.85,12.953367875647666,60.10362694300518,18.911917098445596,9,-36.02975360297471,15.071171918186822,Sakhir,2018,STR
220.73901098901098,72.0,11.538461538461538,64.56043956043956,17.307692307692307,9,-34.72222222222297,13.888888888888877,Sakhir,2019,LEC
220.21978021978023,76.26,10.989010989010989,64.28571428571429,15.934065934065933,8,-36.04166666666653,14.328703703703878,Sakhir,2019,VET
219.6027397260274,81.0,10.95890410958904,63.013698630136986,16.986301369863014,8,-32.86562451572883,14.74537037037026,Sakhir,2019,HAM
219.45179063360882,80.0,11.570247933884298,62.8099173553719,15.702479338842975,8,-33.76157407407385,13.888888888888774,Sakhir,2019,BOT
218.1639344262295,75.65,10.92896174863388,63.934426229508205,16.39344262295082,8,-32.82407407407421,13.888888888888774,Sakhir,2019,VER
218.63215258855587,76.98,11.444141689373296,63.76021798365122,17.43869209809264,8,-36.88335638543113,13.909228265922945,Sakhir,2019,MAG
218.57220708446866,72.66,12.26158038147139,64.03269754768392,18.80108991825613,8,-32.40740740740714,13.888888888889186,Sakhir,2019,SAI
218.59128065395095,71.66,11.1716621253406,64.85013623978202,16.348773841961854,9,-36.284722222222705,14.93882275132271,Sakhir,2019,GRO
218.5298913043478,75.0,10.597826086956522,63.858695652173914,18.206521739130434,8,-35.87962962962827,13.88888888888898,Sakhir,2019,RAI
217.5163043478261,75.34,11.41304347826087,61.95652173913043,17.391304347826086,8,-35.87962962962933,13.888888888888877,Sakhir,2019,NOR
216.44444444444446,79.0,11.653116531165312,59.078590785907856,17.615176151761517,8,-31.681547619047567,15.046296296296171,Sakhir,2019,RIC
216.2798913043478,74.34,11.684782608695652,61.684782608695656,17.934782608695652,8,-37.03703703703783,16.597222222222392,Sakhir,2019,ALB
216.62432432432433,76.0,11.351351351351353,61.08108108108108,17.027027027027028,8,-33.24035332403583,14.880952380952321,Sakhir,2019,GAS
216.9027027027027,75.69,11.351351351351353,62.70270270270271,17.56756756756757,8,-33.06878306878297,13.888888888889186,Sakhir,2019,PER
216.4189189189189,71.69,11.081081081081082,62.972972972972975,18.10810810810811,8,-35.87962962962933,12.784751278475182,Sakhir,2019,KVY
216.16711590296495,71.1,11.859838274932615,60.91644204851752,18.059299191374663,8,-33.92361111111159,13.88888888888898,Sakhir,2019,GIO
215.75537634408602,76.71,11.559139784946236,62.634408602150536,16.397849462365592,8,-33.91203703703718,13.888888888888891,Sakhir,2019,HUL
215.03763440860214,73.42,11.559139784946236,61.02150537634409,18.010752688172044,8,-37.38425925925836,13.888888888888804,Sakhir,2019,STR
210.65435356200527,71.78,12.928759894459102,59.894459102902374,18.46965699208443,8,-31.249999999998817,15.046296296296171,Sakhir,2019,RUS
211.10846560846562,70.77,13.492063492063492,58.201058201058196,19.047619047619047,9,-35.87962962962986,12.731481481481,Sakhir,2019,KUB
221.89166666666668,80.59,11.666666666666666,65.27777777777779,16.666666666666664,8,-37.52314814814827,13.313492063492047,Sakhir,2020,HAM
221.06094182825484,78.2,11.357340720221606,66.7590027700831,17.174515235457065,9,-31.51620370370374,14.363425925926125,Sakhir,2020,BOT
221.0027700831025,79.6,10.526315789473683,66.20498614958449,16.343490304709142,8,-34.98842592592623,15.046296296296283,Sakhir,2020,VER
219.66758241758242,76.0,11.263736263736265,64.01098901098901,15.934065934065933,8,-31.24999999999997,12.731481481481755,Sakhir,2020,ALB
218.92032967032966,76.63,10.989010989010989,64.28571428571429,25.549450549450547,7,-33.56481481481478,14.328703703703708,Sakhir,2020,PER
219.38736263736263,81.0,10.989010989010989,63.73626373626373,15.10989010989011,8,-35.87962962962986,14.32870370370366,Sakhir,2020,RIC
218.80494505494505,78.63,10.989010989010989,62.08791208791209,17.582417582417584,8,-34.00462962963011,12.731481481481755,Sakhir,2020,OCO
218.53424657534248,74.64,11.506849315068493,64.10958904109589,16.164383561643834,8,-33.99305555555599,13.888888888888914,Sakhir,2020,GAS
218.86849315068494,78.0,10.684931506849315,63.83561643835617,15.342465753424658,8,-33.56481481481478,12.731481481481376,Sakhir,2020,NOR
218.9945205479452,74.64,10.95890410958904,66.57534246575342,17.26027397260274,8,-33.263888888888104,13.888888888889186,Sakhir,2020,KVY
217.80108991825614,78.0,10.899182561307901,64.57765667574932,16.348773841961854,8,-31.24999999999986,13.888888888888877,Sakhir,2020,VET
217.44444444444446,77.68,11.11111111111111,65.31165311653116,16.802168021680217,10,-35.87962962962827,12.784751278475278,Sakhir,2020,LEC
218.30790190735695,75.66,11.1716621253406,64.03269754768392,17.43869209809264,8,-32.40740740740714,15.046296296296617,Sakhir,2020,STR
217.1983695652174,76.34,11.956521739130435,63.58695652173913,17.391304347826086,9,-32.84722222222219,15.046296296296395,Sakhir,2020,RUS
217.96195652173913,74.67,11.141304347826086,61.95652173913043,16.57608695652174,8,-29.722222222222292,13.908647140864929,Sakhir,2020,SAI
216.59078590785907,77.0,11.653116531165312,62.05962059620597,15.989159891598916,8,-35.87962962962827,13.888888888889186,Sakhir,2020,GIO
215.93513513513514,72.69,11.351351351351353,61.891891891891895,18.37837837837838,9,-31.984521835268005,15.046296296296283,Sakhir,2020,RAI
215.59408602150538,73.0,11.559139784946236,61.02150537634409,18.27956989247312,8,-33.56481481481503,13.888888888888877,Sakhir,2020,MAG
215.2975871313673,74.0,12.064343163538874,64.07506702412869,17.426273458445042,8,-32.54300325430071,13.738425925926018,Sakhir,2020,GRO
215.03208556149733,74.0,11.497326203208557,61.229946524064175,17.647058823529413,8,-35.879629629630394,13.055555555555705,Sakhir,2020,LAT
218.3423180592992,78.7,10.781671159029651,63.342318059299195,18.059299191374663,8,-35.0810185185191,13.888888888888774,Sakhir,2021,VER
217.5040214477212,78.0,11.26005361930295,62.466487935656836,17.426273458445042,8,-33.5648148148146,14.265796916162962,Sakhir,2021,HAM
216.87399463806972,80.72,11.528150134048257,61.93029490616622,16.890080428954423,8,-32.4074074074081,12.731481481481405,Sakhir,2021,BOT
216.54545454545453,77.19,11.497326203208557,64.70588235294117,18.181818181818183,9,-33.56481481481503,13.036207849640707,Sakhir,2021,LEC
216.70933333333332,75.0,11.200000000000001,60.8,17.599999999999998,8,-32.40740740740714,13.888888888888774,Sakhir,2021,GAS
215.9385026737968,76.73,11.497326203208557,60.42780748663101,17.379679144385026,8,-30.41666666666648,13.888888888888774,Sakhir,2021,RIC
215.94385026737967,76.73,11.76470588235294,59.893048128342244,18.181818181818183,8,-36.203703703703475,13.036207849640979,Sakhir,2021,NOR
215.8391420911528,75.44,11.26005361930295,62.73458445040214,18.766756032171582,8,-31.25000000000009,13.738425925926018,Sakhir,2021,SAI
215.72074468085106,72.75,10.904255319148938,62.76595744680851,16.22340425531915,8,-30.092592592592343,13.290343915343874,Sakhir,2021,ALO
214.34308510638297,75.0,10.904255319148938,61.170212765957444,18.085106382978726,8,-31.250000000000032,15.347222222222445,Sakhir,2021,STR
214.904,77.74,10.933333333333334,61.33333333333333,18.666666666666668,8,-32.407407407407206,13.888888888889186,Sakhir,2021,PER
214.23936170212767,76.75,11.702127659574469,60.90425531914894,17.5531914893617,9,-30.623618021006017,12.731481481481755,Sakhir,2021,GIO
214.71352785145888,75.52,11.405835543766578,60.212201591511935,16.710875331564985,8,-31.250000000000668,13.888888888889186,Sakhir,2021,TSU
212.96560846560845,72.0,12.433862433862434,60.317460317460316,18.78306878306878,8,-34.72222222222245,12.77116402116393,Sakhir,2021,RAI
212.55672823218998,77.78,11.609498680738787,58.575197889182064,19.525065963060687,8,-34.3634259259257,13.888888888888774,Sakhir,2021,RUS
212.4278215223097,76.8,12.073490813648293,54.85564304461942,16.79790026246719,8,-33.56481481481503,11.574074074074185,Sakhir,2021,OCO
211.56020942408378,75.62,12.30366492146597,57.85340314136126,18.848167539267017,9,-33.56481481481478,11.805555555555642,Sakhir,2021,LAT
210.89528795811518,75.0,12.30366492146597,59.424083769633505,21.20418848167539,8,-29.698728579325486,13.888888888889186,Sakhir,2021,VET
211.015625,72.83,11.458333333333332,57.8125,19.53125,10,-29.23611111111024,12.731481481481376,Sakhir,2021,MSC
209.1237113402062,68.87,13.65979381443299,56.70103092783505,20.876288659793815,8,-33.56481481481553,12.731481481481755,Sakhir,2021,MAZ
213.83962264150944,73.17,12.264150943396226,62.893081761006286,19.18238993710692,8,-31.543650793651018,13.888888888888834,Sakhir,2023,VER
216.39197530864197,74.46,9.876543209876543,63.888888888888886,18.209876543209877,8,-28.95403546869347,13.888888888888877,Sakhir,2023,PER
215.2719298245614,67.64,12.573099415204677,61.69590643274854,18.421052631578945,9,-31.94444444444399,13.888888888889095,Sakhir,2023,LEC
215.22018348623854,70.26,11.314984709480122,60.24464831804281,17.737003058103976,10,-36.2654320987654,14.827995255041488,Sakhir,2023,SAI
215.04373177842567,66.42,11.661807580174926,63.26530612244898,15.160349854227405,8,-39.27781726289182,13.888888888888774,Sakhir,2023,ALO
215.2296072507553,68.9,12.084592145015106,63.44410876132931,18.731117824773413,8,-29.320987654321033,13.031343495305807,Sakhir,2023,RUS
213.55555555555554,76.28,11.11111111111111,59.45945945945946,19.21921921921922,8,-33.38541666666715,13.888888888889076,Sakhir,2023,HAM
213.5147928994083,70.37,11.242603550295858,62.721893491124256,16.86390532544379,8,-34.49494949494949,12.500000000000266,Sakhir,2023,STR
213.57391304347826,74.44,11.304347826086957,60.0,20.579710144927535,8,-32.73437500000002,13.888888888888973,Sakhir,2023,OCO
215.63005780346822,71.25,10.115606936416185,64.16184971098265,18.786127167630056,8,-33.47222222222236,14.972222222222202,Sakhir,2023,HUL
212.985590778098,71.92,12.39193083573487,60.23054755043228,19.020172910662826,8,-28.73263888888914,13.88888888888869,Sakhir,2023,NOR
212.95965417867436,74.0,11.527377521613833,63.40057636887608,18.73198847262248,8,-31.74603174603162,14.434523809523698,Sakhir,2023,BOT
210.21037463976944,71.38,12.968299711815561,62.824207492795395,19.30835734870317,8,-31.120331950207515,12.718253968253864,Sakhir,2023,ZHO
213.32957746478874,73.54,11.830985915492958,61.408450704225345,17.183098591549296,8,-30.961805555555323,13.479938271604887,Sakhir,2023,TSU
213.13960113960113,72.5,11.68091168091168,57.26495726495726,19.37321937321937,8,-28.66319444444442,13.888888888889186,Sakhir,2023,ALB
210.81034482758622,75.0,12.068965517241379,58.04597701149425,20.402298850574713,8,-37.74833410816667,12.499999999999822,Sakhir,2023,SAR
212.2316384180791,74.53,12.429378531073446,60.73446327683616,20.056497175141246,8,-27.777777777777754,13.88888888888878,Sakhir,2023,MAG
210.67323943661972,74.54,11.267605633802818,58.028169014084504,18.87323943661972,8,-31.425925925925686,13.50339429204784,Sakhir,2023,PIA
209.82954545454547,67.02,13.920454545454545,59.94318181818182,22.727272727272727,12,-27.777777777777754,12.958829365079334,Sakhir,2023,DEV
209.7037037037037,71.0,14.245014245014245,58.4045584045584,19.08831908831909,8,-27.7777777777777,13.867687781239088,Sakhir,2023,GAS
216.71884057971013,75.44,11.014492753623188,62.89855072463768,17.391304347826086,8,-32.631944444444244,13.117283950617304,Sakhir,2024,VER
215.8865671641791,70.34,11.940298507462686,59.70149253731343,16.716417910447763,9,-33.73015873015859,13.888888888888886,Sakhir,2024,LEC
215.36918604651163,74.0,12.5,63.08139534883721,17.151162790697676,8,-31.24999999999997,15.111111111110993,Sakhir,2024,RUS
215.98850574712642,69.47,11.781609195402298,62.356321839080465,17.52873563218391,8,-31.021825396825502,14.424603174603071,Sakhir,2024,SAI
215.76790830945558,73.92,11.174785100286533,63.89684813753582,18.624641833810887,8,-27.77777777777714,13.88888888888869,Sakhir,2024,PER
215.72093023255815,67.43,11.046511627906977,66.27906976744185,15.406976744186046,8,-31.944444444444418,13.194444444444256,Sakhir,2024,ALO
215.09384164222874,77.8,12.316715542521994,0.5865102639296188,16.715542521994134,8,-29.166666666667293,13.88888888888869,Sakhir,2024,NOR
215.74202898550723,77.0,11.884057971014492,61.44927536231884,17.101449275362317,8,-32.61284722222219,13.888888888889067,Sakhir,2024,PIA
214.8985507246377,75.44,11.594202898550725,62.60869565217392,18.84057971014493,8,-28.64583333333331,13.888888888888937,Sakhir,2024,HAM
214.76347305389223,73.99,11.377245508982035,63.47305389221557,17.065868263473057,8,-34.96031746031746,13.88888888888891,Sakhir,2024,HUL
215.57357357357358,76.64,10.81081081081081,63.66366366366366,16.816816816816818,8,-34.72222222222173,13.153822346022968,Sakhir,2024,TSU
213.74418604651163,71.86,12.790697674418606,63.372093023255815,18.023255813953487,8,-26.785714285714178,15.046296296296171,Sakhir,2024,STR
213.32335329341316,75.0,11.377245508982035,58.68263473053892,21.25748502994012,8,-34.65003465003466,13.444444444444404,Sakhir,2024,ALB
212.47590361445782,74.31,11.144578313253012,62.34939759036144,17.16867469879518,8,-28.229166666666725,12.847222222222266,Sakhir,2024,RIC
214.38507462686567,75.34,11.343283582089553,62.089552238805965,19.402985074626866,8,-37.03703703703707,14.54696591853687,Sakhir,2024,MAG
213.11337209302326,68.29,12.790697674418606,63.08139534883721,17.732558139534884,8,-28.76984126984115,13.88888888888869,Sakhir,2024,BOT
211.7833827893175,72.72,12.759643916913946,61.72106824925816,17.804154302670625,9,-28.83391203703743,13.032407407407522,Sakhir,2024,ZHO
212.04011461318052,72.96,11.461318051575931,60.74498567335244,19.770773638968482,8,-33.26764500349415,12.152777777778038,Sakhir,2024,SAR
211.44602272727272,73.51,12.5,59.09090909090909,21.306818181818183,8,-27.281746031746135,13.194444444444727,Sakhir,2024,OCO
212.98280802292263,73.48,11.74785100286533,61.03151862464183,17.191977077363894,8,-32.98611111111108,12.500000000000266,Sakhir,2024,GAS
214.4255319148936,71.4,10.638297872340425,57.75075987841946,17.62917933130699,8,-37.8086419753087,13.888888888888827,Sakhir,2025,PIA
216.12074303405572,74.44,12.38390092879257,61.60990712074303,18.575851393188856,8,-34.72222222222235,12.682870370370347,Sakhir,2025,RUS
212.575,75.19,12.5,58.12500000000001,19.0625,8,-30.472222222222157,13.888888888889095,Sakhir,2025,LEC
215.09118541033433,71.28,12.76595744680851,62.31003039513677,19.756838905775076,8,-31.157407407407383,12.731481481481755,Sakhir,2025,ANT
216.54347826086956,72.63,11.801242236024844,62.732919254658384,18.633540372670808,10,-29.761904761904642,13.888888888888758,Sakhir,2025,GAS
216.06306306306305,72.0,11.711711711711711,61.86186186186187,18.31831831831832,8,-29.513888888889518,13.888888888888653,Sakhir,2025,NOR
211.13803680981596,74.5,11.349693251533742,60.42944785276073,17.484662576687114,9,-30.092592592593235,13.888888888888937,Sakhir,2025,VER
212.99402985074627,67.0,11.641791044776118,60.0,18.80597014925373,9,-34.72222222222297,12.731481481481755,Sakhir,2025,SAI
213.26315789473685,73.0,11.455108359133128,56.656346749226,21.36222910216718,8,-32.40740740740714,15.277777777777992,Sakhir,2025,HAM
210.66081871345028,72.23,12.573099415204677,59.64912280701754,18.128654970760234,8,-30.972222222221557,12.152777777778038,Sakhir,2025,TSU
210.31778425655978,74.42,12.244897959183673,58.60058309037901,18.367346938775512,8,-32.27430555555581,13.888888888888834,Sakhir,2025,DOO
208.77126099706746,70.4,13.48973607038123,58.65102639296188,19.35483870967742,8,-33.16071428571498,13.550347222222412,Sakhir,2025,HAD
211.51940298507463,67.02,13.134328358208954,61.19402985074627,19.701492537313435,8,-30.092592592592343,13.88888888888857,Sakhir,2025,ALO
212.16816816816817,70.0,11.711711711711711,58.55855855855856,21.92192192192192,13,-25.462962962963008,12.499999999999822,Sakhir,2025,OCO
210.2185628742515,68.99,12.574850299401197,57.18562874251497,19.760479041916167,8,-37.15277777777774,12.769841269841322,Sakhir,2025,ALB
210.3462686567164,71.34,14.029850746268657,59.70149253731343,21.492537313432834,9,-31.052618478693784,14.467592592592688,Sakhir,2025,HUL
209.43952802359883,75.38,12.684365781710916,58.4070796460177,20.058997050147493,8,-28.331597222222282,12.152777777777768,Sakhir,2025,LAW
211.66862170087975,70.6,13.196480938416421,58.06451612903226,21.700879765395893,8,-29.378472222222854,13.888888888889184,Sakhir,2025,BOR
209.9402985074627,68.68,12.53731343283582,62.38805970149254,18.208955223880597,8,-28.64583333333331,15.277777777777562,Sakhir,2025,STR
208.87020648967552,73.0,12.684365781710916,58.70206489675516,21.533923303834808,11,-29.513888888889518,13.88888888888869,Sakhir,2025,BEA
214.84455958549222,68.7,15.544041450777202,59.58549222797927,16.83937823834197,12,-29.49074074074101,12.731481481481596,Shanghai,2018,VET
214.5984455958549,69.55,15.803108808290157,60.362694300518136,18.134715025906736,11,-34.72222222222194,15.362078496406847,Shanghai,2018,RAI
212.81865284974094,72.85,17.616580310880828,59.32642487046632,14.766839378238341,9,-30.403537866224358,13.819789939192889,Shanghai,2018,BOT
213.22279792746113,72.7,17.098445595854923,58.03108808290155,15.544041450777202,10,-31.885019347706596,12.43781094527382,Shanghai,2018,HAM
212.77692307692308,74.56,16.153846153846153,60.51282051282051,16.153846153846153,9,-32.54300325429974,14.078916782891392,Shanghai,2018,VER
212.80620155038758,73.0,15.245478036175712,58.91472868217055,17.05426356589147,9,-31.70836238958626,13.947001394700095,Shanghai,2018,RIC
211.40992167101828,72.28,16.710182767624023,59.7911227154047,16.187989556135772,11,-32.627314814813865,12.202380952381132,Shanghai,2018,HUL
210.18320610687022,71.0,19.083969465648856,51.908396946564885,17.557251908396946,10,-35.87962962962933,12.43781094527404,Shanghai,2018,PER
210.39185750636133,72.76,17.8117048346056,58.269720101781175,19.338422391857506,8,-37.313432835819484,13.888888888888998,Shanghai,2018,SAI
210.95561357702348,65.46000000000001,19.06005221932115,59.268929503916446,16.710182767624023,11,-32.40740740740733,12.784751278474898,Shanghai,2018,GRO
210.9455958549223,68.85,18.65284974093264,59.32642487046632,18.393782383419687,11,-37.19200371920025,12.73148148148106,Shanghai,2018,MAG
210.6831168831169,71.52,17.92207792207792,55.84415584415584,20.259740259740262,11,-32.40740740740618,11.57407407407432,Shanghai,2018,OCO
209.63116883116882,69.68,17.402597402597404,58.96103896103896,17.662337662337663,11,-29.818121693121398,12.972454672245204,Shanghai,2018,ALO
209.11688311688312,69.52,18.441558441558442,55.32467532467532,17.402597402597404,13,-30.11574074074103,14.13388152797137,Shanghai,2018,VAN
208.31958762886597,69.74,18.556701030927837,55.670103092783506,11.597938144329897,10,-31.319444444444205,13.888888888888363,Shanghai,2018,HAR
208.04123711340208,65.0,19.072164948453608,59.27835051546392,18.556701030927837,10,-34.72222222222245,13.888888888889186,Shanghai,2018,SIR
207.75128205128206,69.56,18.974358974358974,56.15384615384615,16.153846153846153,8,-30.92592592592652,12.870370370370319,Shanghai,2018,GAS
208.23273657289002,62.9,19.437340153452684,59.846547314578004,20.716112531969312,10,-32.40740740740714,12.731481481481566,Shanghai,2018,STR
207.27877237851663,63.0,20.460358056265985,56.77749360613811,16.11253196930946,12,-32.40740740740714,12.851195411829995,Shanghai,2018,LEC
205.91071428571428,68.91,21.428571428571427,56.37755102040817,14.030612244897958,10,-35.30092592592575,13.888888888889186,Shanghai,2018,ERI
214.12533333333334,76.74,16.8,59.199999999999996,14.933333333333335,10,-31.74603174603162,12.731481481481566,Shanghai,2019,BOT
214.14133333333334,78.22,16.266666666666666,57.599999999999994,14.666666666666666,11,-30.271164021164225,15.046296296296171,Shanghai,2019,HAM
212.8,70.74,18.133333333333333,58.4,18.666666666666668,11,-32.81889237563882,13.88888888888853,Shanghai,2019,VET
212.36,71.7,18.133333333333333,56.8,17.866666666666667,10,-37.03703703703783,13.888888888889186,Shanghai,2019,LEC
212.85978835978835,75.31,15.873015873015872,58.730158730158735,16.137566137566136,9,-33.79629629629502,13.888888888889186,Shanghai,2019,VER
210.56692913385828,73.6,17.585301837270343,56.95538057742782,16.27296587926509,10,-34.72222222222194,13.888888888889023,Shanghai,2019,GAS
210.69736842105263,75.58,19.210526315789473,56.57894736842105,15.0,10,-33.171296296296255,12.986111111111265,Shanghai,2019,RIC
210.69210526315788,75.58,17.63157894736842,57.10526315789474,16.315789473684212,10,-31.33298755186634,13.888888888889186,Shanghai,2019,HUL
210.17447916666666,72.32,19.270833333333336,55.208333333333336,19.270833333333336,10,-37.03703703703673,13.888888888889017,Shanghai,2019,MAG
210.5703125,70.83,17.708333333333336,57.552083333333336,18.75,9,-37.03703703703728,12.927377003869767,Shanghai,2019,GRO
210.33333333333334,74.15,16.145833333333336,56.770833333333336,16.927083333333336,11,-31.38075313807568,13.88888888888898,Shanghai,2019,KVY
210.12207792207792,74.36,18.7012987012987,56.1038961038961,16.883116883116884,8,-34.29232804232769,12.784751278475659,Shanghai,2019,PER
209.27604166666666,72.66,18.229166666666664,55.46875,17.96875,9,-34.39814814814806,14.097222222222323,Shanghai,2019,RAI
209.04415584415585,70.0,18.961038961038962,56.1038961038961,15.844155844155845,10,-32.73809523809511,12.97245467224531,Shanghai,2019,SAI
207.69689119170985,69.7,19.689119170984455,54.92227979274611,15.544041450777202,14,-34.72222222222107,13.88888888888884,Shanghai,2019,NOR
207.62337662337663,69.68,19.22077922077922,55.84415584415584,18.441558441558442,9,-34.72222222222297,13.065476190476687,Shanghai,2019,STR
205.27506426735218,69.88,20.565552699228792,55.26992287917738,17.994858611825194,11,-35.714285714285566,12.731481481481755,Shanghai,2019,RUS
204.51538461538462,68.78,19.743589743589745,52.820512820512825,18.71794871794872,13,-30.370370370370964,11.57407407407432,Shanghai,2019,KUB
208.3305785123967,67.86,20.385674931129476,56.19834710743802,19.55922865013774,8,-32.98611111111035,15.50992063492055,Shanghai,2024,VER
206.54444444444445,66.0,21.666666666666668,58.333333333333336,18.333333333333332,10,-26.649779227626297,13.86022143139565,Shanghai,2024,PER
205.6343490304709,62.0,21.88365650969529,54.57063711911358,20.77562326869806,11,-31.94444444444399,14.363425925926078,Shanghai,2024,ALO
204.66032608695653,68.35,23.91304347826087,51.63043478260869,17.934782608695652,9,-35.059523809523434,13.234126984126856,Shanghai,2024,NOR
206.37704918032787,68.0,21.311475409836063,54.91803278688525,17.759562841530055,8,-33.88563458856368,14.388888888888943,Shanghai,2024,PIA
207.58695652173913,70.02,21.467391304347828,55.434782608695656,17.66304347826087,16,-32.638888888888424,13.37962962962965,Shanghai,2024,LEC
205.58695652173913,64.34,22.554347826086957,54.61956521739131,20.652173913043477,10,-32.54391658013124,13.88888888888857,Shanghai,2024,SAI
205.96476964769647,67.04,21.138211382113823,54.20054200542005,17.073170731707318,11,-34.1321378830078,13.020833333333611,Shanghai,2024,RUS
206.45698924731184,66.42,23.118279569892472,53.494623655913976,19.623655913978492,14,-27.77777777777767,12.256944444444388,Shanghai,2024,HUL
205.15718157181573,65.68,23.577235772357724,55.013550135501355,19.241192411924118,11,-31.74603174603162,12.786044973544882,Shanghai,2024,BOT
204.3756906077348,62.61,22.375690607734807,53.31491712707182,17.67955801104972,11,-28.990442054958244,13.88888888888891,Shanghai,2024,STR
201.2707182320442,68.22,22.65193370165746,51.38121546961326,16.85082872928177,9,-29.761904761904642,14.166666666666746,Shanghai,2024,RIC
206.96143250688706,64.24,21.21212121212121,57.57575757575758,21.763085399449036,12,-28.020264909632658,13.8888888888889,Shanghai,2024,OCO
204.12912087912088,65.0,22.802197802197803,47.25274725274725,18.40659340659341,9,-31.712962962963253,13.061650992685514,Shanghai,2024,ALB
203.6225352112676,67.62,21.971830985915496,53.80281690140845,17.74647887323944,7,-34.530092592593014,12.499999999999822,Shanghai,2024,GAS
204.11764705882354,57.12,23.249299719887954,54.34173669467787,19.327731092436977,12,-31.380753138074745,13.888888888888774,Shanghai,2024,ZHO
202.8913043478261,63.67,23.641304347826086,52.44565217391305,17.66304347826087,12,-27.77777777777837,15.277777777777834,Shanghai,2024,MAG
203.13424657534247,62.92,23.56164383561644,52.87671232876713,21.643835616438356,12,-31.506944444442947,13.88888888888869,Shanghai,2024,HAM
203.56666666666666,68.77,22.5,52.77777777777778,19.72222222222222,9,-25.462962962962752,15.046296296296617,Shanghai,2024,TSU
200.52486187845304,64.83,24.30939226519337,48.89502762430939,22.375690607734807,12,-35.069444444444315,13.847429519071207,Shanghai,2024,SAR
214.77710843373495,71.31,15.963855421686745,22.590361445783135,16.265060240963855,9,-33.739778037382656,13.888888888888834,Shanghai,2025,PIA
214.14868804664724,73.0,16.61807580174927,58.89212827988338,18.658892128279884,10,-33.09027777777711,15.62499999999956,Shanghai,2025,RUS
213.77391304347827,81.32,16.52173913043478,56.231884057971016,16.231884057971012,9,-34.245459401709155,14.660493827160517,Shanghai,2025,NOR
215.39339339339338,71.28,16.216216216216218,60.66066066066066,20.12012012012012,8,-38.43749999999897,14.055397727272773,Shanghai,2025,VER
213.90350877192984,75.05,16.666666666666664,48.53801169590643,23.976608187134502,9,-27.77777777777767,14.880952380952321,Shanghai,2025,HAM
212.81305637982197,70.72,16.023738872403563,57.27002967359051,18.991097922848667,12,-33.978174603175006,13.888888888888937,Shanghai,2025,LEC
212.75075987841944,72.68,16.109422492401215,56.838905775075986,17.62917933130699,11,-31.367687781239223,13.888888888888513,Shanghai,2025,HAD
210.47337278106508,72.11,16.56804733727811,54.73372781065089,19.230769230769234,10,-32.40740740740746,13.888888888888955,Shanghai,2025,ANT
214.64912280701753,70.41,14.619883040935672,58.187134502923975,17.543859649122805,11,-30.555555555555667,13.88888888888891,Shanghai,2025,TSU
213.14619883040936,70.82,16.666666666666664,54.09356725146199,19.5906432748538,9,-37.8395061728392,13.492063492062996,Shanghai,2025,ALB
213.17191977077363,72.4,17.765042979942695,57.306590257879655,20.630372492836678,12,-30.381944444445097,13.88888888888869,Shanghai,2025,OCO
214.4630681818182,70.04,17.045454545454543,57.10227272727273,17.613636363636363,9,-37.03703703703728,11.507936507936407,Shanghai,2025,HUL
210.8278931750742,67.44,16.023738872403563,57.86350148367953,19.287833827893174,9,-27.77777777777767,14.880952380952321,Shanghai,2025,ALO
213.21246458923514,67.52,16.43059490084986,58.07365439093485,19.8300283286119,9,-34.722222222222335,12.896825396825344,Shanghai,2025,STR
210.91176470588235,75.17,16.76470588235294,55.58823529411765,21.470588235294116,9,-36.70634920634906,13.88888888888878,Shanghai,2025,SAI
210.86666666666667,71.32,17.391304347826086,55.94202898550724,19.710144927536234,8,-32.68634259259221,14.38368055555552,Shanghai,2025,GAS
212.40469208211144,68.4,18.181818181818183,56.01173020527859,20.527859237536656,12,-29.69951083158518,13.888888888888896,Shanghai,2025,BEA
212.4927536231884,70.44,16.81159420289855,56.231884057971016,20.28985507246377,10,-38.19444444444357,13.391203703703807,Shanghai,2025,DOO
210.7735294117647,72.56,18.823529411764707,57.94117647058824,18.529411764705884,8,-32.395061728394786,13.373015873016053,Shanghai,2025,BOR
212.80115273775215,72.38,16.42651296829971,57.925072046109506,16.138328530259365,9,-26.041666666666647,13.498263888888864,Shanghai,2025,LAW
244.89577464788732,91.54,5.633802816901409,67.6056338028169,12.112676056338028,8,-23.14814814814864,12.731481481481566,Silverstone,2018,HAM
244.86158192090394,88.06,7.909604519774012,66.94915254237289,16.38418079096045,9,-29.53565505804307,13.265922826592265,Silverstone,2018,VET
244.4632768361582,94.06,8.47457627118644,66.10169491525424,14.971751412429379,11,-30.092592592593235,13.88888888888898,Silverstone,2018,RAI
243.93258426966293,92.1,7.02247191011236,67.69662921348315,12.921348314606742,8,-31.74603174603162,12.10648148148163,Silverstone,2018,BOT
243.42296918767508,96.12,6.162464985994398,68.34733893557423,11.484593837535014,6,-30.092592592592567,12.731481481481566,Silverstone,2018,VER
241.79722222222222,95.77,6.388888888888888,68.33333333333333,13.055555555555557,8,-26.064814814815087,12.060185185185183,Silverstone,2018,RIC
241.6908077994429,92.9,7.7994428969359335,67.96657381615599,15.598885793871867,9,-24.305555555555536,13.323412698412719,Silverstone,2018,MAG
240.31301939058173,89.4,7.756232686980609,68.97506925207756,12.18836565096953,7,-28.252314814814877,11.183862433862455,Silverstone,2018,GRO
239.5564738292011,87.48,7.988980716253444,66.94214876033058,12.672176308539946,8,-26.62037037037035,12.025462962962951,Silverstone,2018,LEC
239.17079889807164,91.24,9.366391184573002,64.18732782369146,16.804407713498623,12,-30.092592592592567,12.731481481481376,Silverstone,2018,OCO
239.09418282548475,96.0,7.479224376731302,67.86703601108033,12.742382271468145,8,-25.40062624865531,11.574074074074218,Silverstone,2018,HUL
238.86225895316804,91.24,9.917355371900827,67.21763085399449,13.498622589531681,8,-30.092592592592567,12.731481481481376,Silverstone,2018,PER
238.47382920110192,94.24,8.81542699724518,69.42148760330579,12.947658402203857,8,-26.620370370369365,12.43781094527382,Silverstone,2018,ALO
238.60109289617486,91.65,8.19672131147541,68.85245901639344,12.021857923497267,7,-23.14814814814727,11.574074074073978,Silverstone,2018,GAS
238.31506849315068,89.64,8.493150684931507,66.57534246575342,12.054794520547945,8,-25.569502556949796,12.731481481481566,Silverstone,2018,ERI
238.06284153005464,92.65,8.469945355191257,68.0327868852459,13.661202185792352,8,-27.870370370369717,11.574074074074149,Silverstone,2018,SAI
235.97826086956522,91.67,9.510869565217392,66.03260869565217,13.586956521739129,13,-23.541666666666227,12.731481481481376,Silverstone,2018,VAN
235.93766937669378,89.72,9.75609756097561,66.12466124661248,15.176151761517614,7,-25.46296296296351,12.731481481481376,Silverstone,2018,SIR
247.63247863247864,106.5,4.5584045584045585,71.7948717948718,9.401709401709402,7,-27.777777777777754,12.164351851851825,Silverstone,2019,BOT
247.67422096317281,106.0,3.9660056657223794,70.53824362606233,11.3314447592068,7,-22.557870370370516,12.731481481481376,Silverstone,2019,HAM
247.58238636363637,95.53,5.3977272727272725,73.01136363636364,11.931818181818182,8,-26.62037037037035,12.731481481481282,Silverstone,2019,LEC
246.44886363636363,102.53,5.3977272727272725,70.73863636363636,12.5,7,-23.148148148148298,10.416666666666735,Silverstone,2019,VER
246.1529745042493,102.04,5.099150141643059,69.97167138810198,10.764872521246458,6,-21.99074074074096,11.57407407407432,Silverstone,2019,GAS
245.3728813559322,95.06,5.367231638418079,69.77401129943502,11.864406779661017,7,-31.24999999999997,11.57407407407423,Silverstone,2019,VET
244.25,103.55,6.460674157303371,67.41573033707866,12.640449438202248,8,-24.305555555555536,12.731481481481376,Silverstone,2019,RIC
243.75774647887323,100.54,6.478873239436619,68.73239436619718,11.267605633802818,8,-23.14814814814727,11.574074074074149,Silverstone,2019,NOR
243.59550561797752,98.75,5.337078651685393,70.2247191011236,13.202247191011235,8,-24.83796296296332,13.263888888888857,Silverstone,2019,ALB
243.82072829131653,101.56,7.002801120448179,68.62745098039215,12.885154061624648,10,-28.244130636913415,13.252314814814577,Silverstone,2019,HUL
244.12569832402235,100.28,5.58659217877095,69.83240223463687,12.011173184357542,7,-26.620370370370544,11.574074074073978,Silverstone,2019,GIO
243.43732590529248,102.16,6.128133704735376,69.63788300835655,12.813370473537605,7,-26.62037037037094,12.731481481481458,Silverstone,2019,RAI
244.00845070422534,101.08,6.478873239436619,69.85915492957746,12.676056338028168,8,-27.094907407406886,12.118055555555689,Silverstone,2019,SAI
243.69359331476323,98.32,6.963788300835655,73.25905292479109,12.534818941504177,8,-26.62037037037015,13.726851851851753,Silverstone,2019,GRO
242.8808864265928,100.6,6.64819944598338,69.52908587257618,13.573407202216067,8,-28.935185185185162,12.731481481481566,Silverstone,2019,PER
243.26330532212884,95.56,5.322128851540616,71.42857142857143,12.605042016806722,8,-31.74603174603182,12.731481481481566,Silverstone,2019,MAG
242.1484593837535,99.68,5.602240896358544,69.46778711484593,12.605042016806722,9,-32.4074074074081,11.574074074073978,Silverstone,2019,KVY
242.91061452513966,101.57,6.70391061452514,68.71508379888269,14.24581005586592,8,-27.777777777777754,12.083333333333421,Silverstone,2019,STR
239.54696132596686,96.83,6.629834254143646,66.85082872928176,13.812154696132598,8,-24.305555555556076,11.574074074073978,Silverstone,2019,RUS
238.32417582417582,94.63,8.241758241758241,67.85714285714286,13.461538461538462,8,-24.305555555555358,13.171296296296378,Silverstone,2019,KUB
249.20689655172413,100.88,4.310344827586207,67.24137931034483,10.919540229885058,7,-25.462962962962944,11.574074074074149,Silverstone,2020,HAM
248.83760683760684,103.5,5.128205128205128,68.94586894586895,11.965811965811966,8,-25.462962962962944,13.32175925925893,Silverstone,2020,BOT
246.81303116147308,102.0,4.53257790368272,71.671388101983,12.747875354107649,7,-29.479166666667297,12.731481481481566,Silverstone,2020,VER
246.19546742209633,100.04,5.94900849858357,68.83852691218131,11.614730878186968,7,-28.9351851851858,12.141203703703795,Silverstone,2020,LEC
244.7683615819209,103.0,5.649717514124294,69.49152542372882,11.299435028248588,7,-30.092592592592567,12.731481481481376,Silverstone,2020,NOR
244.97167138810198,102.0,5.6657223796034,69.12181303116147,14.730878186968837,8,-27.77777777777796,11.574074074074149,Silverstone,2020,STR
244.78813559322035,103.06,4.80225988700565,70.90395480225989,11.864406779661017,7,-35.879629629630394,12.731481481481467,Silverstone,2020,SAI
246.17514124293785,105.59,4.80225988700565,67.51412429378531,11.299435028248588,7,-31.24999999999997,13.842592592592716,Silverstone,2020,RIC
244.6169014084507,100.7,5.352112676056338,64.7887323943662,14.084507042253522,9,-27.777777777778372,11.57407407407432,Silverstone,2020,OCO
243.6938202247191,97.55,5.056179775280898,69.10112359550563,12.359550561797752,9,-31.249999999998817,12.731481481481376,Silverstone,2020,VET
243.67696629213484,99.2,6.460674157303371,72.19101123595506,11.51685393258427,7,-24.305555555555717,12.731481481481376,Silverstone,2020,GAS
242.81792717086836,96.24,5.602240896358544,66.66666666666666,12.324929971988796,7,-28.93518518518545,11.574074074074149,Silverstone,2020,ALB
243.8061797752809,97.1,6.179775280898876,69.3820224719101,12.640449438202248,9,-25.462962962963203,13.888888888888774,Silverstone,2020,HUL
242.44568245125348,95.74,6.963788300835655,71.86629526462396,12.534818941504177,7,-26.62037037037035,13.229166666666565,Silverstone,2020,KVY
242.41620111731842,100.14,5.865921787709497,68.43575418994413,12.290502793296088,6,-24.305555555556076,11.574074074074149,Silverstone,2020,RUS
241.77653631284917,97.14,5.58659217877095,70.6703910614525,12.290502793296088,7,-37.03703703703564,11.56848787884048,Silverstone,2020,MAG
241.44011142061282,96.58,7.242339832869081,70.75208913649024,11.699164345403899,8,-29.761904761904642,13.888888888888774,Silverstone,2020,GIO
240.96944444444443,99.59,5.833333333333333,68.33333333333333,12.5,7,-30.09259259259279,12.060185185185203,Silverstone,2020,RAI
240.66759002770084,89.4,6.3711911357340725,68.69806094182826,12.742382271468145,7,-28.935185185185162,12.04861111111132,Silverstone,2020,GRO
239.6767955801105,89.0,7.458563535911603,68.78453038674033,14.3646408839779,7,-28.93518518518409,13.194444444444423,Silverstone,2020,LAT
247.0,100.0,5.459770114942529,70.6896551724138,13.218390804597702,8,-22.61574074074107,13.888888888888829,Silverstone,2020,BOT
247.33810888252148,100.4,4.584527220630372,70.48710601719198,11.461318051575931,8,-27.458664021164296,12.731481481481477,Silverstone,2020,HAM
244.37393767705382,100.52,6.232294617563739,69.12181303116147,12.464589235127479,8,-26.62037037037035,10.41666666666658,Silverstone,2020,HUL
244.19774011299435,101.53,6.779661016949152,69.49152542372882,12.146892655367232,9,-25.9259259259263,12.731481481481376,Silverstone,2020,VER
244.28813559322035,107.59,4.80225988700565,67.51412429378531,12.429378531073446,8,-27.10317460317457,12.896825396825344,Silverstone,2020,RIC
243.90985915492956,101.08,6.478873239436619,67.6056338028169,16.056338028169016,9,-23.87524184632354,12.152777777777768,Silverstone,2020,STR
243.27118644067798,101.06,5.932203389830509,70.05649717514125,11.016949152542372,7,-27.777777777778372,12.731481481481376,Silverstone,2020,GAS
243.2112676056338,97.62,7.042253521126761,70.14084507042253,12.676056338028168,10,-24.305555555555536,11.980030403537956,Silverstone,2020,LEC
242.75774647887323,100.54,6.197183098591549,67.6056338028169,13.802816901408452,8,-23.148148148148298,10.416666666666735,Silverstone,2020,ALB
242.4056338028169,104.08,6.760563380281689,67.6056338028169,11.830985915492958,7,-24.305555555555536,11.574074074074149,Silverstone,2020,NOR
241.93539325842696,102.2,5.8988764044943816,66.29213483146067,14.606741573033707,10,-23.92761336102464,12.01388888888898,Silverstone,2020,OCO
242.1904761904762,98.12,6.722689075630252,69.187675070028,12.885154061624648,11,-24.189814814814277,11.574074074073978,Silverstone,2020,VET
241.64245810055866,100.57,6.424581005586592,68.99441340782123,12.569832402234638,7,-30.092592592592567,12.407407407407506,Silverstone,2020,SAI
240.93016759776538,97.71000000000001,7.262569832402235,69.27374301675978,12.849162011173185,8,-25.46296296296351,11.57407407407432,Silverstone,2020,GRO
240.61218836565098,102.6,6.64819944598338,68.69806094182826,13.29639889196676,7,-25.46296296296351,12.731481481481454,Silverstone,2020,RUS
239.6759002770083,97.8,7.479224376731302,68.69806094182826,12.465373961218837,8,-24.265873015872533,12.731481481481566,Silverstone,2020,KVY
239.01933701657458,96.22,7.18232044198895,68.50828729281768,14.64088397790055,8,-23.61111111111065,11.574074074074149,Silverstone,2020,MAG
237.47107438016528,102.0,7.988980716253444,67.4931129476584,16.528925619834713,7,-25.91435185185206,12.089947089947097,Silverstone,2020,LAT
238.3653846153846,101.0,9.340659340659341,67.85714285714286,14.560439560439562,9,-23.148148148148323,11.699735449735371,Silverstone,2020,GIO
238.04407713498622,97.62,8.81542699724518,68.59504132231406,13.774104683195592,7,-24.305555555555717,13.569775132275247,Silverstone,2020,RAI
244.17086834733894,100.56,5.042016806722689,68.62745098039215,11.76470588235294,7,-27.777777777777548,12.09490740740738,Silverstone,2021,HAM
243.44444444444446,103.18,5.277777777777778,73.33333333333333,13.333333333333334,8,-31.24999999999997,11.574074074074149,Silverstone,2021,VER
243.1274238227147,104.8,4.1551246537396125,70.3601108033241,11.080332409972298,8,-24.305555555556076,11.574074074074119,Silverstone,2021,BOT
241.707182320442,95.22,6.906077348066299,69.33701657458563,14.088397790055248,10,-33.95867882808127,11.342592592592538,Silverstone,2021,LEC
241.8836565096953,104.6,6.3711911357340725,69.52908587257618,12.465373961218837,7,-30.218503021850207,12.558215865118951,Silverstone,2021,PER
241.1578947368421,100.0,6.3711911357340725,70.3601108033241,12.18836565096953,8,-31.250000000000203,13.206018518518551,Silverstone,2021,NOR
241.4847645429363,101.2,6.3711911357340725,68.97506925207756,11.634349030470915,7,-26.540042841349027,12.731481481481566,Silverstone,2021,RIC
241.05234159779613,102.24,6.6115702479338845,68.04407713498622,13.774104683195592,8,-24.305555555555536,12.449903261470523,Silverstone,2021,RUS
241.40720221606648,98.6,5.540166204986149,69.25207756232687,13.019390581717452,8,-21.30787037037044,13.888888888888774,Silverstone,2021,SAI
240.86426592797784,99.4,6.64819944598338,67.31301939058172,13.29639889196676,7,-26.620370370369365,12.731481481481376,Silverstone,2021,VET
240.4696132596685,104.22,7.458563535911603,70.71823204419888,13.259668508287293,8,-25.462962962962944,13.657407407407469,Silverstone,2021,ALO
240.1129476584022,102.62,7.162534435261708,69.14600550964187,12.396694214876034,7,-24.40725244072535,13.182870370370441,Silverstone,2021,GAS
240.29201101928373,103.62,4.958677685950414,66.39118457300276,12.396694214876034,9,-30.092592592593235,13.88888888888898,Silverstone,2021,OCO
239.46849315068494,100.92,7.671232876712329,66.3013698630137,13.698630136986301,8,-26.620370370370544,12.731481481481755,Silverstone,2021,GIO
239.18904109589042,101.92,7.9452054794520555,68.4931506849315,15.342465753424658,11,-23.245002324500156,11.574074074074149,Silverstone,2021,STR
238.31880108991825,100.66,9.264305177111716,68.39237057220708,13.079019073569482,7,-21.990740740740883,11.876381978994088,Silverstone,2021,TSU
238.36338797814207,99.0,6.830601092896176,67.4863387978142,13.114754098360656,8,-32.40740740740738,11.574074074073758,Silverstone,2021,RAI
237.66212534059946,97.0,8.174386920980927,67.57493188010899,15.258855585831062,8,-21.990740740740883,13.819789939192571,Silverstone,2021,LAT
236.35675675675677,92.69,8.108108108108109,65.13513513513513,14.054054054054054,8,-26.62037037037015,12.731481481481566,Silverstone,2021,MSC
235.51612903225808,96.42,9.946236559139784,63.44086021505376,15.591397849462366,9,-28.35648148148077,11.5740740740742,Silverstone,2021,MAZ
241.70623145400594,99.0,8.902077151335313,68.24925816023739,13.94658753709199,8,-31.24999999999997,11.687748015873066,Silverstone,2023,VER
240.86686390532543,102.37,6.804733727810651,64.79289940828401,13.905325443786982,7,-30.75396825396813,11.574074074074053,Silverstone,2023,NOR
242.55,100.39,6.176470588235294,65.88235294117646,11.76470588235294,7,-24.041666666666853,10.416666666666888,Silverstone,2023,PIA
240.4367469879518,92.62,6.927710843373494,68.67469879518072,12.951807228915662,9,-24.62121212121205,13.888888888888877,Silverstone,2023,LEC
241.52522255192878,98.72,6.824925816023739,67.06231454005935,12.462908011869436,9,-31.24999999999997,11.574074074074094,Silverstone,2023,SAI
240.83727810650888,101.37,6.508875739644971,67.45562130177515,13.017751479289942,7,-29.38888888888821,12.499999999999822,Silverstone,2023,RUS
239.75443786982248,98.37,7.396449704142012,64.79289940828401,14.201183431952662,7,-30.861663902707836,11.904761904761857,Silverstone,2023,HAM
239.91884057971015,98.44,8.985507246376812,62.89855072463768,13.91304347826087,7,-23.91975308641979,12.499999999999822,Silverstone,2023,ALB
238.44510385756678,99.0,9.792284866468842,66.17210682492582,13.94658753709199,8,-26.805555555555973,12.514880952381015,Silverstone,2023,ALO
238.9271137026239,100.0,6.41399416909621,67.05539358600583,13.119533527696792,8,-27.145061728394843,11.574074074074149,Silverstone,2023,GAS
236.49122807017545,94.0,9.35672514619883,66.08187134502924,15.204678362573098,8,-24.027777777777956,12.499999999999934,Silverstone,2023,HUL
235.07803468208093,94.45,8.670520231213873,63.58381502890174,15.895953757225435,10,-24.305555555556076,11.388888888888884,Silverstone,2023,STR
235.19596541786743,91.38,8.93371757925072,62.2478386167147,17.579250720461097,11,-24.305555555555454,13.888888888888793,Silverstone,2023,OCO
232.9325513196481,100.4,8.211143695014663,58.94428152492669,15.249266862170089,9,-28.935185185185162,13.098556741795036,Silverstone,2023,SAR
232.38840579710146,95.44,9.855072463768117,65.21739130434783,17.101449275362317,12,-25.33854166666697,12.50000000000017,Silverstone,2023,BOT
232.18840579710144,94.44,11.304347826086957,64.92753623188405,14.782608695652174,8,-26.388888888888513,12.046130952380924,Silverstone,2023,PER
233.55059523809524,92.0,9.523809523809524,66.36904761904762,12.797619047619047,7,-25.701858442071426,11.904761904761857,Silverstone,2023,TSU
234.45714285714286,98.96000000000001,9.428571428571429,64.85714285714286,14.000000000000002,8,-23.43749999999998,12.345679012345698,Silverstone,2023,ZHO
233.4971098265896,83.35,9.248554913294797,62.42774566473989,18.497109826589593,13,-26.450617283950955,12.260802469135928,Silverstone,2023,DEV
226.50716332378224,92.0,11.74785100286533,59.02578796561605,16.045845272206304,9,-27.777777777779356,12.187499999999968,Silverstone,2023,MAG
248.04984423676012,98.2,6.5420560747663545,70.7165109034268,11.838006230529595,7,-23.085317460317427,11.574074074074094,Silverstone,2024,RUS
243.46407185628743,92.0,6.88622754491018,69.46107784431138,12.574850299401197,8,-23.14814814814864,13.888888888888834,Silverstone,2024,HAM
242.94704049844236,92.2,6.853582554517133,67.28971962616822,12.461059190031152,7,-31.24999999999789,11.994949494949557,Silverstone,2024,NOR
240.53067484662577,91.25,7.05521472392638,69.32515337423312,13.190184049079754,7,-26.388888888888747,11.904761904762008,Silverstone,2024,VER
241.555900621118,95.0,7.763975155279502,64.59627329192547,11.490683229813664,7,-17.361111111111097,13.611111111111164,Silverstone,2024,PIA
244.6604938271605,94.46,6.481481481481481,71.60493827160494,13.271604938271606,9,-27.777777777777754,11.574074074074149,Silverstone,2024,HUL
240.97507788161994,88.4,6.5420560747663545,66.66666666666666,14.018691588785046,9,-26.194444444444446,13.257575757575827,Silverstone,2024,SAI
242.0060790273556,94.12,6.382978723404255,68.9969604863222,13.37386018237082,9,-23.632850241545768,12.896825396825344,Silverstone,2024,STR
243.74617737003058,95.26,6.116207951070336,61.16207951070336,19.26605504587156,8,-31.24999999999928,13.541666666666668,Silverstone,2024,ALB
240.759375,94.19,6.5625,67.1875,12.812499999999998,10,-23.43749999999946,12.04861111111044,Silverstone,2024,ALO
240.2369230769231,89.24,6.461538461538462,66.76923076923077,12.615384615384615,9,-27.777777777778372,13.020833333333323,Silverstone,2024,LEC
238.32748538011697,93.41,8.187134502923977,65.78947368421053,14.035087719298245,8,-22.52252252252278,12.67085076708528,Silverstone,2024,SAR
241.996875,88.57,8.4375,66.25,12.1875,8,-24.305555555555536,11.763888888888818,Silverstone,2024,TSU
237.92603550295857,93.37,5.325443786982249,64.20118343195266,12.1301775147929,9,-24.305555555555536,13.020833333333323,Silverstone,2024,ZHO
239.77477477477478,95.96000000000001,6.606606606606606,66.96696696696696,12.012012012012011,8,-22.91666666666675,12.914757664822497,Silverstone,2024,RIC
226.7591036414566,90.56,10.644257703081232,60.50420168067227,18.207282913165265,10,-24.305555555555213,11.83449074074074,Silverstone,2024,BOT
225.6368715083799,93.14,10.05586592178771,56.70391061452514,20.11173184357542,14,-23.7731481481484,13.888888888888937,Silverstone,2024,MAG
220.67307692307693,87.0,14.010989010989011,53.02197802197802,20.054945054945055,13,-27.006172839506085,12.896825396825344,Silverstone,2024,OCO
215.68169014084506,78.08,16.056338028169016,54.647887323943664,15.492957746478872,10,-21.825396825396737,11.596834805516917,Silverstone,2024,PER
213.13440860215053,78.71,15.32258064516129,52.41935483870967,15.053763440860216,11,-20.83333333333325,10.03086419753088,Silverstone,2024,GAS
244.05362776025237,95.16,7.255520504731862,66.24605678233438,13.880126182965299,7,-25.87991718426508,12.476851851851707,Silverstone,2025,VER
246.82108626198084,97.12,5.431309904153355,57.18849840255591,12.140575079872203,7,-27.650462962962937,11.904761904761857,Silverstone,2025,PIA
246.78175895765472,95.06,6.514657980456026,61.88925081433225,12.37785016286645,8,-27.028442166539698,13.888888888888875,Silverstone,2025,NOR
246.50485436893203,94.16,6.148867313915858,68.28478964401295,13.915857605177994,7,-27.86485545106212,11.109171515655161,Silverstone,2025,RUS
247.12420382165604,92.39,6.687898089171974,66.87898089171973,16.24203821656051,8,-23.148148148147957,11.57407407407432,Silverstone,2025,HAM
246.81150159744408,91.12,5.111821086261981,68.370607028754,14.696485623003195,9,-28.227219626168193,11.990111714975717,Silverstone,2025,LEC
244.0097087378641,94.16,7.119741100323624,66.99029126213593,12.62135922330097,6,-29.513888888888864,12.524782104515124,Silverstone,2025,ANT
245.9641693811075,97.06,5.537459283387622,67.42671009771986,13.680781758957655,9,-28.394097222222797,12.152777777777768,Silverstone,2025,BEA
245.7626582278481,92.3,7.2784810126582276,69.62025316455697,12.658227848101266,7,-29.320987654321033,12.305555555555618,Silverstone,2025,ALO
247.46604938271605,98.46,6.481481481481481,67.5925925925926,11.11111111111111,7,-29.166666666666256,12.339954201513242,Silverstone,2025,GAS
247.37699680511182,96.0,6.3897763578274756,67.73162939297124,12.779552715654951,6,-29.166666666666515,11.284722222222337,Silverstone,2025,SAI
242.6676923076923,92.44,9.846153846153847,65.23076923076923,11.076923076923077,7,-23.80875409000976,13.197856781285045,Silverstone,2025,TSU
245.69538461538463,92.48,6.461538461538462,68.61538461538461,9.538461538461538,7,-27.11442786069724,11.098396904367078,Silverstone,2025,HAD
244.44753086419752,91.61,5.864197530864197,64.19753086419753,14.19753086419753,7,-24.407252440724804,13.88888888888885,Silverstone,2025,ALB
244.99690402476782,91.66,5.572755417956656,68.73065015479877,12.38390092879257,7,-25.793650793650688,11.9870580808081,Silverstone,2025,OCO
244.93396226415095,95.34,6.289308176100629,70.75471698113208,11.320754716981133,7,-24.305555555555536,12.16666666666665,Silverstone,2025,LAW
244.94603174603174,91.14,6.666666666666667,69.52380952380952,13.333333333333334,8,-29.313232830820798,12.152777777777768,Silverstone,2025,BOR
241.15123456790124,90.23,7.098765432098765,67.28395061728395,14.506172839506174,8,-30.092592592592567,12.499999999999822,Silverstone,2025,STR
241.4018691588785,91.2,8.722741433021806,68.53582554517133,12.149532710280374,7,-27.77777777777763,12.386904761904816,Silverstone,2025,HUL
240.56,91.0,8.307692307692308,64.92307692307693,12.923076923076923,7,-21.825396825396876,12.731481481481566,Silverstone,2025,COL
188.25944584382873,77.84,15.365239294710328,43.8287153652393,22.418136020151135,16,-34.837962962962834,15.046296296296171,Singapore,2018,HAM
188.03517587939697,76.88,15.829145728643216,48.49246231155779,20.85427135678392,15,-27.01058201058208,13.888888888888774,Singapore,2018,VER
187.445,66.99,18.0,44.75,22.0,15,-31.940213062523704,13.888888888889186,Singapore,2018,VET
187.22926829268292,75.36,15.365853658536585,42.926829268292686,21.70731707317073,15,-28.564814814815,13.888888888889186,Singapore,2018,BOT
186.57598039215685,72.28,17.401960784313726,44.6078431372549,21.813725490196077,15,-34.72222222222232,13.888888888888774,Singapore,2018,RAI
187.56447688564478,77.2,14.841849148418493,46.47201946472019,19.708029197080293,14,-26.62037037037094,14.947359755152103,Singapore,2018,RIC
183.99271844660194,72.33,16.74757281553398,45.38834951456311,21.844660194174757,14,-28.9351851851858,13.888888888889145,Singapore,2018,PER
183.990171990172,71.12,16.707616707616708,47.420147420147416,22.358722358722357,16,-31.134259259259903,13.888888888888877,Singapore,2018,GRO
184.17985611510792,72.16,18.225419664268586,44.12470023980815,25.899280575539567,17,-28.935185185185162,13.819789939193305,Singapore,2018,OCO
184.1320293398533,71.4,18.09290953545232,46.21026894865526,22.493887530562347,16,-27.777777777778372,14.965277777778047,Singapore,2018,HUL
183.41176470588235,73.14,16.911764705882355,46.568627450980394,24.264705882352942,15,-32.19907407407466,13.81944444444435,Singapore,2018,ALO
183.10268948655258,73.24,17.6039119804401,45.965770171149146,24.69437652811736,16,-34.47916666666736,13.888888888888774,Singapore,2018,SAI
182.875,69.42,17.892156862745097,43.627450980392155,24.754901960784316,15,-33.495370370370104,13.884742951907437,Singapore,2018,LEC
182.1601941747573,72.33,19.41747572815534,44.66019417475729,20.87378640776699,15,-32.40740740740618,13.888888888889186,Singapore,2018,ERI
181.98789346246974,73.24,18.159806295399516,47.45762711864407,20.33898305084746,14,-30.995370370370146,14.880952380952415,Singapore,2018,GAS
181.8373786407767,70.55,18.446601941747574,45.38834951456311,25.24271844660194,16,-31.249999999998817,13.888888888888834,Singapore,2018,MAG
181.44685990338164,75.13,18.59903381642512,46.13526570048309,20.531400966183575,15,-31.249999999998817,13.888888888888774,Singapore,2018,HAR
181.31159420289856,71.13,18.59903381642512,44.927536231884055,23.91304347826087,17,-31.24999999999997,13.888888888889186,Singapore,2018,VAN
178.54869358669833,65.0,19.95249406175772,44.180522565320665,21.140142517814727,14,-32.90509259259248,12.731481481481755,Singapore,2018,SIR
178.5727923627685,66.72,20.763723150357997,44.1527446300716,26.014319809069214,18,-32.40740740740738,12.731481481481376,Singapore,2018,STR
187.90151515151516,72.95,16.91919191919192,46.464646464646464,21.71717171717172,16,-33.564814814814845,15.046296296296617,Singapore,2019,LEC
188.27959697733,77.96,14.105793450881613,43.8287153652393,21.41057934508816,15,-39.35185185185269,13.888888888889186,Singapore,2019,HAM
188.2239185750636,78.52,16.28498727735369,46.81933842239186,20.10178117048346,16,-32.51157407407468,15.046296296296171,Singapore,2019,VET
187.3467336683417,77.94,16.331658291457288,50.0,21.85929648241206,16,-32.500000000000654,12.777777777777878,Singapore,2019,VER
186.80200501253134,77.92,14.536340852130325,46.365914786967416,21.303258145363408,16,-27.812500000000195,12.731481481481376,Singapore,2019,BOT
186.11720698254365,74.0,15.96009975062344,44.88778054862843,22.194513715710723,16,-30.092592592592567,12.906055042249012,Singapore,2019,ALB
185.26616915422886,72.02,16.666666666666664,46.517412935323385,22.63681592039801,16,-32.40740740740744,15.046296296296171,Singapore,2019,SAI
184.3846153846154,75.06,18.11414392059553,46.15384615384615,20.34739454094293,15,-33.54166666666541,15.046296296296283,Singapore,2019,HUL
185.0,73.99,16.25,45.75,21.0,16,-32.45370370370438,14.8809523809527,Singapore,2019,NOR
183.16584158415841,72.06,17.82178217821782,43.81188118811881,22.524752475247524,14,-31.250000000000203,13.888888888889186,Singapore,2019,PER
183.60987654320988,74.12,17.77777777777778,44.44444444444444,22.22222222222222,15,-30.092592592592567,13.888888888889174,Singapore,2019,GIO
183.67241379310346,73.1,17.24137931034483,46.79802955665024,18.96551724137931,14,-31.24999999999974,14.880952380952321,Singapore,2019,GAS
183.09113300492612,73.0,17.733990147783253,44.58128078817734,22.660098522167488,15,-32.40740740740808,13.888888888888815,Singapore,2019,RAI
182.09558823529412,72.14,19.362745098039216,43.872549019607845,24.754901960784316,15,-34.65277777777654,13.888888888888774,Singapore,2019,MAG
181.0,72.09,17.317073170731707,46.34146341463415,21.463414634146343,14,-27.777777777778372,12.784751278474898,Singapore,2019,KVY
180.75728155339806,69.11,19.66019417475728,42.71844660194174,22.815533980582526,16,-35.8796296296296,13.888888888889186,Singapore,2019,STR
180.92978208232446,70.6,20.581113801452787,46.48910411622276,23.002421307506054,15,-34.72222222222091,15.046296296296568,Singapore,2019,GRO
179.01694915254237,71.48,20.581113801452787,43.341404358353515,23.486682808716708,15,-32.40740740740714,13.76157407407402,Singapore,2019,RUS
179.03614457831324,71.28,20.240963855421686,43.132530120481924,24.57831325301205,16,-30.218503021850655,13.888888888888877,Singapore,2019,KUB
184.71039603960395,78.03,17.82178217821782,43.56435643564357,19.801980198019802,14,-33.49537037036914,15.17667358234343,Singapore,2019,RIC
191.95894428152494,69.6,16.129032258064516,52.785923753665685,23.46041055718475,12,-30.732502965599487,13.020833333333323,Singapore,2023,SAI
192.2764705882353,74.39,15.0,51.470588235294116,22.941176470588236,12,-36.111111111110596,13.888888888889184,Singapore,2023,RUS
193.2225519287834,73.44,15.727002967359049,53.11572700296736,21.66172106824926,13,-36.02975360297524,13.541666666666648,Singapore,2023,LEC
193.32361516034985,69.42,14.868804664723031,51.60349854227405,21.574344023323615,12,-31.944444444446262,14.628858024691285,Singapore,2023,NOR
191.90379008746356,71.26,16.3265306122449,52.47813411078717,20.99125364431487,13,-31.761574074074538,13.888888888888859,Singapore,2023,HAM
193.80645161290323,71.0,15.249266862170089,54.54545454545454,19.941348973607038,12,-27.77777777777796,13.888888888889186,Singapore,2023,MAG
193.42182890855457,73.76,15.339233038348082,52.21238938053098,20.353982300884958,13,-31.473765432098702,12.500000000000266,Singapore,2023,ALO
190.81764705882352,73.17,17.941176470588236,51.470588235294116,21.764705882352942,13,-31.859816806053782,15.084025306445282,Singapore,2023,OCO
190.95029239766083,72.0,17.251461988304094,51.461988304093566,19.005847953216374,12,-31.74603174603162,13.117283950617304,Singapore,2023,HUL
191.19718309859155,72.7,16.338028169014084,54.08450704225351,19.43661971830986,12,-30.381944444445097,13.819789939192889,Singapore,2023,LAW
191.12569832402235,75.0,17.039106145251395,52.79329608938548,20.949720670391063,13,-30.97222222222209,13.888888888888507,Singapore,2023,VER
193.10335195530726,75.14,15.64245810055866,53.63128491620112,19.273743016759777,14,-31.94444444444399,14.319750174703051,Singapore,2023,GAS
191.17441860465115,74.43,16.86046511627907,54.65116279069767,20.63953488372093,12,-32.40740740740714,13.888888888888738,Singapore,2023,PER
188.05074626865672,73.0,17.91044776119403,44.776119402985074,24.47761194029851,12,-30.02083333333311,13.117283950617304,Singapore,2023,ALB
191.54142011834318,69.0,15.976331360946746,54.142011834319526,18.93491124260355,12,-31.24999999999997,12.896825396825426,Singapore,2023,TSU
188.27678571428572,70.35,18.154761904761905,50.89285714285714,20.535714285714285,14,-31.94444444444456,14.880952380952321,Singapore,2023,BOT
189.53115727002967,70.36,18.397626112759642,43.32344213649852,21.66172106824926,12,-31.192129629629985,12.869001393867121,Singapore,2023,PIA
187.0328358208955,71.36,18.507462686567163,49.55223880597015,20.8955223880597,13,-36.805555555555365,14.819444444444304,Singapore,2023,SAR
190.7197640117994,70.14,17.404129793510325,48.96755162241888,21.828908554572273,12,-31.94444444444399,14.37500000000012,Singapore,2023,ZHO
188.21875,73.02,17.613636363636363,48.86363636363637,23.011363636363637,13,-36.111111111110596,12.500000000000266,Singapore,2023,STR
198.2478134110787,74.68,13.119533527696792,54.518950437317784,22.157434402332363,12,-29.422949735449215,16.20370370370405,Singapore,2024,NOR
195.24483775811208,74.14,14.15929203539823,55.75221238938053,22.123893805309734,12,-35.71428571428602,12.97495039682537,Singapore,2024,VER
196.40652818991097,76.08,14.243323442136498,52.818991097922854,22.255192878338278,12,-31.250000000000668,14.79166666666669,Singapore,2024,HAM
196.78885630498533,73.6,14.369501466275661,53.3724340175953,22.28739002932551,12,-35.714285714285566,13.869612495057153,Singapore,2024,RUS
196.36196319018404,74.25,15.030674846625766,50.61349693251533,22.085889570552148,12,-38.19444444444526,13.888888888888834,Singapore,2024,PIA
197.04022988505747,70.47,16.091954022988507,52.87356321839081,21.26436781609195,13,-32.73809523809511,14.945877817319065,Singapore,2024,HUL
193.87426900584796,71.41,14.619883040935672,53.80116959064327,20.760233918128655,12,-30.753968253968274,14.487276392038215,Singapore,2024,ALO
195.29705882352943,76.39,14.411764705882351,56.470588235294116,19.705882352941178,12,-38.19444444444463,13.888888888889184,Singapore,2024,TSU
196.960843373494,72.93,14.156626506024098,53.31325301204819,22.89156626506024,14,-27.77777777777738,13.88888888888869,Singapore,2024,LEC
196.33836858006043,73.6,14.803625377643503,53.17220543806647,22.9607250755287,12,-32.4074074074081,13.888888888889042,Singapore,2024,SAI
192.81470588235294,63.78,14.117647058823529,47.94117647058824,24.41176470588235,12,-33.564814814813545,14.880952380952321,Singapore,2024,ALB
193.88529411764705,71.39,13.823529411764707,50.0,26.47058823529412,13,-33.85416666666589,13.888888888888806,Singapore,2024,COL
194.16129032258064,76.2,14.95601173020528,56.01173020527859,23.16715542521994,12,-31.442550505050594,14.830246913580279,Singapore,2024,PER
195.95857988165682,71.37,14.497041420118343,52.95857988165681,22.189349112426036,12,-37.192003719201914,13.888888888889184,Singapore,2024,MAG
194.70392749244712,73.2,15.105740181268882,51.963746223564954,21.75226586102719,13,-32.4074074074081,13.020833333333323,Singapore,2024,OCO
194.71940298507462,74.0,15.223880597014924,54.92537313432836,18.208955223880597,12,-34.72222222222194,14.756944444444432,Singapore,2024,RIC
192.5922619047619,68.35,16.36904761904762,54.46428571428571,21.428571428571427,14,-34.72222222222297,13.652777777777986,Singapore,2024,STR
194.32748538011697,76.46000000000001,15.204678362573098,53.216374269005854,19.5906432748538,12,-32.11805555555482,13.541666666666826,Singapore,2024,GAS
194.0233918128655,71.64,15.789473684210526,52.046783625730995,23.099415204678362,12,-31.944444444446262,14.351851851851878,Singapore,2024,BOT
190.73469387755102,68.26,15.743440233236154,51.60349854227405,23.9067055393586,12,-29.320987654319875,15.046296296296283,Singapore,2024,ZHO
196.2173913043478,72.84,14.906832298136646,52.484472049689444,21.73913043478261,12,-31.74603174603182,17.61904761904794,Singapore,2025,RUS
195.86350148367953,71.08,16.023738872403563,53.70919881305638,20.474777448071215,12,-34.72222222222142,13.888888888889186,Singapore,2025,VER
197.46246246246247,72.92,14.714714714714713,51.651651651651655,20.72072072072072,12,-32.30902777777826,12.94764789632726,Singapore,2025,PIA
193.67781155015197,73.28,16.717325227963524,49.848024316109424,21.27659574468085,12,-32.855436081241294,13.88888888888869,Singapore,2025,ANT
195.90419161676647,72.0,15.568862275449103,50.898203592814376,20.35928143712575,14,-37.34567901234596,15.16666666666654,Singapore,2025,NOR
195.045871559633,72.3,15.902140672782874,51.681957186544345,22.629969418960243,12,-28.9351851851858,15.364583333332556,Singapore,2025,HAM
196.01194029850745,74.0,16.119402985074625,52.83582089552239,21.791044776119403,13,-30.092592592592343,13.888888888888786,Singapore,2025,LEC
199.64564564564566,74.64,13.213213213213212,60.66066066066066,19.21921921921922,12,-34.00462962963035,13.888888888889186,Singapore,2025,HAD
195.62130177514794,68.85,15.088757396449704,51.77514792899408,23.37278106508876,14,-35.493827160493886,14.3333333333332,Singapore,2025,BEA
195.80615384615385,72.24,14.153846153846153,54.15384615384615,22.76923076923077,12,-28.735632183907814,14.557291666666377,Singapore,2025,ALO
195.94545454545454,69.58,16.363636363636363,54.848484848484844,20.303030303030305,13,-32.828282828283,13.19444444444449,Singapore,2025,HUL
195.874251497006,71.99,16.46706586826347,57.18562874251497,21.856287425149702,13,-28.54938271604943,14.563492063492012,Singapore,2025,LAW
194.91691394658753,70.0,15.43026706231454,53.70919881305638,20.77151335311573,12,-32.11805555555482,13.54166666666664,Singapore,2025,TSU
195.05571847507332,71.8,15.835777126099707,51.90615835777126,22.87390029325513,12,-31.05654761904798,15.87301587301581,Singapore,2025,BOR
192.4617737003058,71.0,16.819571865443425,52.90519877675841,22.629969418960243,14,-34.72222222222142,12.152777777777768,Singapore,2025,STR
193.19701492537314,67.34,15.522388059701491,49.850746268656714,23.88059701492537,14,-33.65728972490486,13.88888888888905,Singapore,2025,COL
195.43401759530792,70.4,15.542521994134898,50.43988269794721,24.34017595307918,12,-38.28125000000025,15.400132275132261,Singapore,2025,OCO
192.26923076923077,71.37,16.56804733727811,52.366863905325445,21.005917159763314,13,-30.864197530864246,14.880952380952321,Singapore,2025,GAS
196.80851063829786,70.12,15.19756838905775,51.3677811550152,20.66869300911854,12,-29.04513888888934,13.888888888888763,Singapore,2025,ALB
194.9093567251462,70.87,15.789473684210526,53.80116959064327,22.22222222222222,13,-34.30555555555563,13.88888888888894,Singapore,2025,SAI
229.4233766233766,106.84,3.3766233766233764,65.97402597402598,15.584415584415584,11,-30.092592592592567,12.731481481481,Sochi,2018,BOT
229.16666666666666,107.66,3.3854166666666665,65.625,16.145833333333336,11,-34.72222222222198,12.731481481481,Sochi,2018,HAM
228.1340206185567,98.74,4.381443298969072,64.69072164948454,14.432989690721648,10,-36.04166666666549,13.553240740740499,Sochi,2018,VET
227.50387596899225,102.72,4.909560723514212,65.11627906976744,16.27906976744186,10,-34.08564814814812,12.835648148148367,Sochi,2018,RAI
225.76649746192894,104.93,4.314720812182741,64.46700507614213,19.035532994923855,11,-37.04943437161082,12.766030956329042,Sochi,2018,MAG
224.65217391304347,104.0,4.603580562659847,62.14833759590793,18.67007672634271,12,-34.867503486750756,11.574074074074016,Sochi,2018,OCO
224.3341836734694,105.82,4.336734693877551,63.52040816326531,17.346938775510203,11,-29.056252905626494,12.731481481481376,Sochi,2018,LEC
223.9493670886076,99.0,5.3164556962025316,66.07594936708861,16.455696202531644,10,-34.72222222222219,12.458367882808524,Sochi,2018,PER
224.48091603053436,102.0,3.816793893129771,66.41221374045801,15.521628498727736,11,-37.037037037037,11.722309390981042,Sochi,2018,GRO
222.80759493670885,105.94,4.556962025316456,64.30379746835443,13.41772151898734,10,-35.8796296296296,11.634535655058105,Sochi,2018,ERI
225.6,106.89,3.8461538461538463,66.66666666666666,14.871794871794872,10,-31.24999999999997,10.460251046025537,Sochi,2018,VER
225.28900255754476,108.9,3.324808184143223,65.98465473145781,14.322250639386189,10,-29.925595238095127,11.622501162250252,Sochi,2018,RIC
222.3409090909091,101.95,4.545454545454546,66.41414141414141,15.151515151515152,10,-37.037037037037,10.912698412698369,Sochi,2018,GAS
221.44584382871537,103.88,5.037783375314862,64.23173803526448,16.120906801007557,11,-33.425541724296956,11.60300925925917,Sochi,2018,SAI
221.86180904522612,100.94,4.522613065326634,63.81909547738693,16.331658291457288,10,-29.03300790330139,11.574074074073993,Sochi,2018,HUL
220.59147869674186,101.0,4.260651629072681,64.16040100250626,13.784461152882205,10,-34.72222222222219,12.446621061359837,Sochi,2018,HAR
219.39650872817955,100.0,5.486284289276807,66.58354114713218,17.45635910224439,12,-32.43055555555623,11.627973423213799,Sochi,2018,ALO
219.44862155388472,98.96,5.513784461152882,62.15538847117794,15.288220551378446,10,-30.092592592592567,11.671335200746988,Sochi,2018,SIR
218.20843672456576,98.0,5.459057071960298,63.27543424317618,17.866004962779154,11,-35.8796296296296,12.43781094527404,Sochi,2018,VAN
216.37283950617285,96.0,7.4074074074074066,60.74074074074074,18.02469135802469,12,-37.03703703703783,12.7226713653955,Sochi,2018,STR
229.16445623342176,108.76,3.183023872679045,65.25198938992042,15.649867374005305,10,-30.092592592593235,12.369791666666847,Sochi,2019,LEC
227.6754617414248,110.56,3.95778364116095,66.75461741424802,15.8311345646438,11,-31.25000000000031,12.731481481481755,Sochi,2019,HAM
227.82849604221636,104.0,3.6939313984168867,64.1160949868074,14.511873350923482,11,-33.83101851851924,12.731481481481174,Sochi,2019,VET
226.6745406824147,103.8,3.4120734908136483,66.14173228346458,16.010498687664043,11,-35.87962962962872,10.416666666666888,Sochi,2019,VER
226.203125,102.83,3.6458333333333335,65.625,15.104166666666666,12,-33.56481481481553,11.57407407407432,Sochi,2019,BOT
224.953125,98.83,4.947916666666666,66.14583333333334,15.104166666666666,10,-33.56481481481503,11.57407407407432,Sochi,2019,SAI
224.72279792746113,103.85,4.145077720207254,65.80310880829016,15.025906735751295,10,-32.40740740740618,12.4378109452736,Sochi,2019,HUL
224.67357512953367,99.7,4.66321243523316,65.80310880829016,14.766839378238341,11,-35.8796296296296,11.574074074074034,Sochi,2019,NOR
224.68134715025906,97.0,4.922279792746114,66.83937823834198,15.544041450777202,11,-37.037037037037,11.57407407407432,Sochi,2019,GRO
224.22739018087856,105.0,3.6175710594315245,64.85788113695091,13.695090439276486,10,-29.166666666666963,12.731481481481566,Sochi,2019,RIC
223.4742268041237,101.87,4.639175257731959,65.4639175257732,14.175257731958762,10,-32.731481481481566,10.451388888889088,Sochi,2019,GAS
223.0,101.88,5.141388174807198,64.78149100257069,16.709511568123396,10,-26.215277777776937,12.731481481481755,Sochi,2019,PER
223.146529562982,103.88,4.627249357326478,64.26735218508998,15.681233933161954,10,-29.38657407407445,11.574074074073636,Sochi,2019,GIO
224.02835051546393,101.0,5.154639175257731,64.69072164948454,18.04123711340206,11,-34.029410634701286,13.888888888889186,Sochi,2019,MAG
222.47814910025707,101.76,5.3984575835475574,62.2107969151671,17.223650385604113,11,-26.62037037037094,12.731481481481401,Sochi,2019,STR
221.7735368956743,97.0,6.106870229007633,64.63104325699746,16.539440203562343,10,-33.56481481481478,12.731481481481376,Sochi,2019,RAI
219.92911392405063,101.76,5.822784810126582,62.53164556962025,16.962025316455694,10,-28.9351851851858,12.731481481481755,Sochi,2019,RUS
217.50124688279303,98.0,5.985037406483791,61.34663341645885,18.453865336658353,12,-28.959640864714057,10.428240740740794,Sochi,2019,KUB
211.20731707317074,91.18,14.634146341463413,55.85365853658537,17.073170731707318,10,-27.777777777777754,10.416666666666888,Sochi,2019,ALB
229.84840425531914,113.75,2.6595744680851063,66.22340425531915,14.893617021276595,11,-34.72222222222297,12.731481481481755,Sochi,2020,HAM
228.57142857142858,107.54,3.439153439153439,67.1957671957672,16.402116402116402,11,-33.666666666667204,12.73148148148109,Sochi,2020,VER
227.93157894736842,109.79,3.1578947368421053,65.78947368421053,16.842105263157894,12,-33.48673300165862,12.731481481481124,Sochi,2020,BOT
227.41842105263157,109.0,2.8947368421052633,66.57894736842105,14.210526315789473,10,-31.36574074074141,12.731481481481755,Sochi,2020,PER
227.2,110.0,2.8947368421052633,65.52631578947368,13.157894736842104,10,-30.092592592591746,11.574074074074149,Sochi,2020,RIC
226.5695538057743,104.8,4.724409448818897,66.92913385826772,13.648293963254593,10,-39.35185185185182,12.06018518518522,Sochi,2020,SAI
226.46596858638745,109.62,3.664921465968586,65.70680628272252,15.18324607329843,10,-40.509259259260126,12.731481481481,Sochi,2020,OCO
225.64921465968587,101.62,3.926701570680628,65.70680628272252,14.397905759162304,10,-32.40740740740719,11.574074074073978,Sochi,2020,NOR
225.34986945169712,107.64,3.91644908616188,66.31853785900783,13.577023498694519,10,-35.879629629630394,11.574074074073978,Sochi,2020,GAS
226.22251308900525,109.81,3.1413612565445024,64.3979057591623,15.706806282722512,10,-30.092592592592567,11.574074074073705,Sochi,2020,ALB
225.19689119170985,103.85,4.145077720207254,66.58031088082902,15.803108808290157,12,-27.361111111111622,11.574074074073636,Sochi,2020,LEC
225.10416666666666,104.83,4.166666666666666,65.625,15.625,10,-35.879629629630394,12.490671641790934,Sochi,2020,KVY
224.7896103896104,102.0,4.675324675324675,65.71428571428571,17.92207792207792,12,-32.73809523809511,13.831536760641596,Sochi,2020,STR
223.58854166666666,108.0,4.427083333333334,64.84375,15.625,11,-35.8796296296296,12.731481481481376,Sochi,2020,RUS
224.06701030927834,106.0,4.381443298969072,66.75257731958763,16.49484536082474,13,-31.24999999999898,11.898148148148369,Sochi,2020,VET
222.12339331619538,103.88,4.370179948586118,66.0668380462725,14.910025706940875,10,-34.01620370370389,12.731481481481454,Sochi,2020,GRO
222.59278350515464,107.48,4.123711340206185,65.97938144329896,15.206185567010309,11,-32.893518518518604,11.736111111111171,Sochi,2020,GIO
221.7969151670951,103.88,5.3984575835475574,64.78149100257069,15.167095115681233,9,-34.72222222222297,11.574074074073978,Sochi,2020,MAG
220.2423469387755,103.91,5.1020408163265305,64.54081632653062,18.367346938775512,12,-37.037037037037,12.731481481481396,Sochi,2020,LAT
220.60659898477158,103.0,5.0761421319796955,63.70558375634518,14.974619289340103,10,-32.49999999999887,12.916666666666487,Sochi,2020,RAI
204.52009456264776,86.88,11.82033096926714,56.973995271867615,17.494089834515368,12,-28.93518518518409,12.731481481481,Sochi,2021,NOR
203.75586854460093,86.25,12.676056338028168,57.51173708920187,18.779342723004692,12,-28.9351851851858,12.4653262048661,Sochi,2021,SAI
202.7570093457944,87.27,14.953271028037381,56.54205607476636,21.49532710280374,12,-27.47685185185107,12.731481481481278,Sochi,2021,RUS
200.61574074074073,89.62,15.74074074074074,53.70370370370371,18.75,11,-27.777777777776727,12.731481481481566,Sochi,2021,HAM
200.44675925925927,86.62,14.814814814814813,54.39814814814815,19.212962962962962,12,-26.73611111111053,13.705912863070493,Sochi,2021,RIC
200.11111111111111,90.31,14.583333333333334,56.481481481481474,19.212962962962962,11,-27.777777777778123,12.731481481481755,Sochi,2021,ALO
199.22477064220183,90.35,13.990825688073393,53.669724770642205,17.660550458715598,10,-27.77777777777796,11.57407407407432,Sochi,2021,BOT
198.94482758620688,86.34,16.32183908045977,53.5632183908046,21.839080459770116,12,-25.46296296296326,12.458664021163948,Sochi,2021,STR
198.20319634703196,86.74,16.666666666666664,54.5662100456621,19.863013698630137,10,-26.62037037037094,12.731481481481497,Sochi,2021,PER
197.14350797266516,90.0,16.856492027334852,50.11389521640092,19.81776765375854,11,-25.034722222222204,11.574074074073959,Sochi,2021,OCO
196.31221719457014,86.82,18.099547511312217,50.90497737556561,20.13574660633484,10,-24.305555555556076,11.57407407407432,Sochi,2021,VET
195.54176072234762,85.42,19.187358916478555,52.82167042889391,18.284424379232505,10,-25.462962962962944,13.482142857142742,Sochi,2021,GAS
195.33408577878103,84.42,18.510158013544018,51.69300225733634,19.187358916478555,11,-28.935185185185162,11.904761904761857,Sochi,2021,TSU
193.00666666666666,87.0,20.444444444444446,44.44444444444444,21.11111111111111,12,-26.785714285714178,13.888888888888363,Sochi,2021,LAT
192.87333333333333,85.0,20.0,50.66666666666667,20.88888888888889,14,-27.331473733147586,12.35513739545969,Sochi,2021,LEC
190.61269146608316,84.0,19.037199124726477,47.26477024070022,19.25601750547046,12,-25.46296296296351,12.731481481481376,Sochi,2021,RAI
190.4451754385965,79.55,21.271929824561404,43.42105263157895,22.807017543859647,10,-26.62037037037035,12.731481481481653,Sochi,2021,MSC
188.80260303687635,82.2,22.7765726681128,44.03470715835141,23.427331887201735,13,-23.14814814814864,12.731481481481376,Sochi,2021,GIO
184.22198731501058,79.16,26.004228329809724,34.24947145877378,28.32980972515856,13,-19.675925925926347,12.174805854241328,Sochi,2021,MAZ
247.03488372093022,78.0,8.372093023255815,68.37209302325581,10.930232558139535,8,-31.24999999999997,13.8197899391924,Spa-Francorchamps,2018,HAM
247.59534883720931,78.0,9.069767441860465,69.53488372093022,13.488372093023257,11,-35.87962962962986,13.888888888889099,Spa-Francorchamps,2018,VET
243.49199084668192,78.08,8.924485125858125,63.38672768878718,15.331807780320366,11,-33.159722222222356,12.731481481481438,Spa-Francorchamps,2018,OCO
243.67889908256882,76.35,9.174311926605505,67.20183486238533,13.073394495412844,8,-33.17129629629635,13.8197899391924,Spa-Francorchamps,2018,PER
243.77981651376146,71.0,8.486238532110093,69.03669724770643,11.009174311926607,7,-37.03703703703564,13.86539524599228,Spa-Francorchamps,2018,GRO
247.56511627906977,77.29,8.837209302325581,67.67441860465117,11.627906976744185,9,-37.037037037037074,13.888888888888877,Spa-Francorchamps,2018,RAI
244.8847926267281,78.33,7.603686635944701,67.51152073732719,10.829493087557603,9,-33.564814814814845,12.731481481481755,Spa-Francorchamps,2018,VER
243.44954128440367,79.7,8.715596330275229,68.57798165137615,11.926605504587156,7,-31.785516860143648,15.046296296296283,Spa-Francorchamps,2018,RIC
242.90867579908675,78.0,8.904109589041095,66.89497716894978,13.698630136986301,7,-37.136215713621596,13.447176021334359,Spa-Francorchamps,2018,MAG
245.7337962962963,81.0,8.333333333333332,68.75,10.87962962962963,7,-35.87962962962966,13.8197899391924,Spa-Francorchamps,2018,BOT
241.84738041002277,76.38,8.656036446469248,68.56492027334852,10.933940774487471,7,-35.45138888888812,12.64583333333348,Spa-Francorchamps,2018,GAS
241.375854214123,76.38,9.339407744874716,67.19817767653758,10.70615034168565,7,-34.549474847982374,12.731481481481472,Spa-Francorchamps,2018,HAR
242.30454545454546,76.0,8.863636363636363,68.18181818181817,11.136363636363637,9,-31.249999999998817,13.851457840819794,Spa-Francorchamps,2018,LEC
241.75283446712018,74.4,9.523809523809524,66.21315192743764,9.977324263038549,7,-30.79861111111138,13.437499999999979,Spa-Francorchamps,2018,ERI
241.11805555555554,78.0,9.027777777777777,67.12962962962963,12.5,9,-35.87962962962827,13.59126984126983,Spa-Francorchamps,2018,HUL
240.3663594470046,76.33,8.986175115207374,68.4331797235023,14.746543778801843,10,-32.08333333333296,15.046296296295726,Spa-Francorchamps,2018,SAI
239.42758620689656,73.34,9.655172413793103,68.04597701149426,14.25287356321839,9,-33.56481481481553,13.888888888888877,Spa-Francorchamps,2018,ALO
238.79775280898878,73.44,10.112359550561797,66.96629213483146,11.685393258426966,10,-34.386574074074396,15.109251510924878,Spa-Francorchamps,2018,SIR
238.47191011235955,74.0,10.112359550561797,66.29213483146067,15.505617977528091,16,-35.93145384190278,15.208333333333306,Spa-Francorchamps,2018,STR
238.51116071428572,72.0,9.821428571428571,67.85714285714286,13.616071428571427,9,-30.403537866224493,12.731481481481376,Spa-Francorchamps,2018,VAN
236.60091743119267,65.35,10.77981651376147,66.05504587155964,13.53211009174312,10,-26.339285714286277,13.888888888888877,Spa-Francorchamps,2019,GAS
239.61379310344827,68.34,10.344827586206897,64.36781609195403,13.333333333333334,9,-30.092592592592734,12.731481481481472,Spa-Francorchamps,2019,PER
244.22300469483568,70.75,10.328638497652582,64.08450704225352,12.910798122065728,10,-32.38095238095231,14.642857142857167,Spa-Francorchamps,2019,LEC
239.2051282051282,71.84,10.722610722610723,61.3053613053613,15.151515151515152,11,-32.4074074074081,12.50826719576721,Spa-Francorchamps,2019,STR
240.16326530612244,73.0,10.430839002267573,63.49206349206349,13.60544217687075,7,-32.49012087401199,11.57407407407432,Spa-Francorchamps,2019,MAG
238.34642032332565,72.0,10.161662817551962,62.586605080831404,12.933025404157044,8,-31.249999999999652,12.784751278475088,Spa-Francorchamps,2019,ALB
235.5045871559633,67.7,11.46788990825688,68.11926605504587,11.926605504587156,7,-31.74603174603162,12.731481481481472,Spa-Francorchamps,2019,KVY
240.05287356321838,71.0,10.574712643678161,63.44827586206897,11.954022988505747,9,-32.40740740740738,13.888888888888877,Spa-Francorchamps,2019,HUL
241.2619589977221,79.0,9.79498861047836,62.414578587699324,11.845102505694761,8,-34.867503486751794,15.7142857142853,Spa-Francorchamps,2019,RIC
242.3287037037037,74.0,9.722222222222223,65.27777777777779,13.425925925925927,7,-30.902777777778034,13.819789939193011,Spa-Francorchamps,2019,VER
239.12727272727273,74.0,10.227272727272728,65.0,12.5,8,-30.89125213079188,13.413343322575702,Spa-Francorchamps,2019,NOR
242.9767981438515,74.0,9.744779582366588,64.96519721577727,11.600928074245939,8,-32.1096776693015,15.046296296295726,Spa-Francorchamps,2019,HAM
244.32101616628177,73.32,10.161662817551962,64.8960739030023,12.009237875288683,9,-32.57307213930373,13.581349206349206,Spa-Francorchamps,2019,VET
235.6697247706422,71.0,11.009174311926607,62.38532110091744,14.220183486238533,8,-32.40740740740738,13.101851851851853,Spa-Francorchamps,2019,SAI
232.92727272727274,70.0,10.909090909090908,63.18181818181819,14.318181818181818,9,-31.527777777777754,12.731481481481472,Spa-Francorchamps,2019,RUS
241.49648711943794,73.0,10.070257611241217,64.63700234192038,13.583138173302109,7,-33.414690841468904,13.888888888888834,Spa-Francorchamps,2019,RAI
243.4756380510441,76.0,9.280742459396752,67.05336426914154,10.208816705336426,8,-28.935185185185098,13.504180486456208,Spa-Francorchamps,2019,BOT
239.50452488687782,71.41,10.85972850678733,66.51583710407239,12.44343891402715,8,-34.72222222222209,12.731481481481376,Spa-Francorchamps,2019,GRO
238.11574074074073,72.0,10.648148148148149,62.5,12.268518518518519,8,-32.81249999999961,11.622501162249906,Spa-Francorchamps,2019,GIO
248.40047961630697,78.0,7.913669064748201,71.46282973621103,10.071942446043165,6,-25.462962962962944,13.715277777777835,Spa-Francorchamps,2020,HAM
247.13571428571427,72.57000000000001,8.095238095238095,71.19047619047619,12.142857142857142,9,-32.407407407407625,12.896825396825426,Spa-Francorchamps,2020,BOT
246.3190476190476,78.19,8.333333333333332,70.71428571428572,11.666666666666666,8,-34.09722222222262,13.68055555555579,Spa-Francorchamps,2020,VER
246.25837320574163,80.17,8.133971291866029,69.13875598086125,11.483253588516746,7,-29.897451214655366,13.888888888888877,Spa-Francorchamps,2020,RIC
245.65238095238095,76.19,9.047619047619047,66.66666666666666,13.095238095238097,8,-35.2790368820704,13.888888888888834,Spa-Francorchamps,2020,ALB
245.44444444444446,80.22,8.51063829787234,63.593380614657214,11.583924349881796,8,-37.03703703703673,13.845621322256925,Spa-Francorchamps,2020,OCO
245.31026252983293,77.0,9.785202863961814,69.68973747016707,11.694510739856803,7,-31.74603174603162,12.731481481481,Spa-Francorchamps,2020,SAI
244.94285714285715,75.19,9.285714285714286,66.66666666666666,12.619047619047619,7,-26.620370370370797,13.888888888888784,Spa-Francorchamps,2020,PER
245.06635071090048,74.42,9.004739336492891,67.29857819905213,14.454976303317535,10,-33.3333333333335,12.731481481481755,Spa-Francorchamps,2020,STR
244.8490566037736,77.23,9.19811320754717,69.10377358490565,12.264150943396226,8,-31.12764550264535,13.888888888888877,Spa-Francorchamps,2020,NOR
244.51895734597156,73.21,9.24170616113744,68.95734597156398,11.848341232227488,6,-32.543003254300345,13.888888888888877,Spa-Francorchamps,2020,KVY
244.2695035460993,77.22,9.219858156028367,67.37588652482269,9.929078014184398,7,-33.32175925925957,13.888888888888363,Spa-Francorchamps,2020,GAS
243.72340425531914,79.22,9.456264775413711,68.32151300236407,12.056737588652481,10,-33.56481481481553,12.784751278474898,Spa-Francorchamps,2020,LEC
243.17688679245282,76.0,8.962264150943396,68.39622641509435,12.028301886792454,8,-31.14087301587351,13.634259259259297,Spa-Francorchamps,2020,VET
242.36705882352942,77.24,9.411764705882353,68.94117647058823,10.588235294117647,8,-34.722222222222086,13.43253968253923,Spa-Francorchamps,2020,RUS
242.44835680751174,74.0,9.624413145539906,66.66666666666666,12.910798122065728,8,-28.9351851851858,12.731481481481755,Spa-Francorchamps,2020,RAI
242.16121495327104,75.27,9.345794392523365,68.69158878504673,10.981308411214954,6,-27.77777777777796,11.57407407407432,Spa-Francorchamps,2020,GRO
242.36065573770492,76.52,10.070257611241217,67.68149882903981,12.88056206088993,8,-33.56481481481503,12.855489417989478,Spa-Francorchamps,2020,GIO
240.79205607476635,76.27,9.345794392523365,67.28971962616822,14.485981308411214,11,-26.319444444444862,13.020833333333611,Spa-Francorchamps,2020,LAT
240.73953488372092,75.29,10.0,67.67441860465117,11.86046511627907,8,-29.418466271914546,13.888888888888896,Spa-Francorchamps,2020,MAG
215.62268041237112,63.0,13.195876288659795,53.81443298969072,16.49484536082474,12,-24.305555555556076,11.025132275132247,Spa-Francorchamps,2021,VER
214.10288065843622,60.85,14.19753086419753,54.11522633744856,17.078189300411523,9,-25.85192933519296,11.574074074074064,Spa-Francorchamps,2021,RUS
214.81780538302277,64.82,13.250517598343686,51.345755693581786,19.25465838509317,11,-19.707341269841613,15.046296296295726,Spa-Francorchamps,2021,HAM
213.5359342915811,60.86,14.37371663244353,51.95071868583162,16.427104722792606,8,-26.257600884466548,12.75628306878306,Spa-Francorchamps,2021,RIC
215.4144329896907,64.84,12.989690721649486,50.51546391752577,18.144329896907216,13,-23.148148148147957,13.888888888889015,Spa-Francorchamps,2021,VET
215.14462809917356,62.15,13.429752066115702,53.099173553719005,16.528925619834713,9,-22.216507825817434,11.574074074074064,Spa-Francorchamps,2021,GAS
214.42268041237114,64.84,12.989690721649486,51.546391752577314,15.876288659793813,8,-25.46296296296351,11.770833333333554,Spa-Francorchamps,2021,PER
215.22153209109732,66.0,13.457556935817806,52.17391304347826,17.184265010351968,12,-24.305555555554637,13.888888888888877,Spa-Francorchamps,2021,BOT
213.10655737704917,62.87,12.90983606557377,51.84426229508197,15.163934426229508,10,-23.493642896628742,12.90165426933198,Spa-Francorchamps,2021,OCO
215.56639004149378,56.81,14.522821576763487,53.7344398340249,14.730290456431536,10,-26.620370370369365,11.785563118854657,Spa-Francorchamps,2021,NOR
213.17382413087935,62.0,12.678936605316974,51.124744376278116,16.56441717791411,15,-21.99074074074121,11.57407407407432,Spa-Francorchamps,2021,LEC
212.5376782077393,62.9,13.441955193482688,51.12016293279022,18.126272912423623,14,-26.638558201058697,12.858796296296497,Spa-Francorchamps,2021,LAT
212.10816326530613,61.89,14.897959183673471,53.06122448979592,18.16326530612245,11,-23.28703703703712,12.731481481481472,Spa-Francorchamps,2021,SAI
212.1727642276423,59.0,15.853658536585366,53.86178861788618,18.089430894308943,9,-23.809523809523725,13.888888888888774,Spa-Francorchamps,2021,ALO
211.84959349593495,62.0,13.617886178861788,50.0,18.69918699186992,11,-26.62037037037015,11.70403214055257,Spa-Francorchamps,2021,STR
205.42603550295857,64.0,15.976331360946746,48.12623274161736,17.554240631163708,8,-20.833333333333776,11.57407407407396,Spa-Francorchamps,2021,GIO
205.20710059171597,57.06,14.990138067061142,44.57593688362919,17.159763313609467,11,-22.111663902707843,12.731481481481755,Spa-Francorchamps,2021,TSU
202.2943469785575,60.0,17.93372319688109,43.07992202729044,19.68810916179337,10,-20.83333333333325,11.574074074074064,Spa-Francorchamps,2021,MSC
201.58413926499034,61.16,17.2147001934236,46.22823984526112,18.568665377176018,11,-22.974537037036363,12.731481481481458,Spa-Francorchamps,2021,RAI
201.57418111753373,61.0,14.450867052023122,43.73795761078998,21.001926782273603,11,-19.67592592592518,12.534722222222195,Spa-Francorchamps,2021,MAZ
235.49257425742573,70.0,10.643564356435643,65.0990099009901,14.603960396039604,9,-29.320987654321033,13.819789939193377,Spa-Francorchamps,2023,VER
236.26277372262774,69.1,9.245742092457421,61.80048661800487,14.5985401459854,10,-27.77777777777738,13.153822346022904,Spa-Francorchamps,2023,LEC
234.428927680798,71.0,10.473815461346634,64.08977556109726,14.214463840399002,8,-24.305555555556076,13.888888888888692,Spa-Francorchamps,2023,PER
235.51116625310175,70.02,9.181141439205955,63.27543424317618,14.640198511166252,11,-26.165197649572846,13.888888888888921,Spa-Francorchamps,2023,HAM
235.5278450363196,69.0,10.895883777239709,63.922518159806295,16.707021791767556,12,-31.530934343434318,14.880952380952321,Spa-Francorchamps,2023,SAI
234.33091787439614,72.13,8.937198067632849,57.00483091787439,14.009661835748794,7,-30.55555555555621,11.574074074074094,Spa-Francorchamps,2023,PIA
232.2512077294686,72.0,9.66183574879227,64.00966183574879,13.043478260869565,10,-31.11111111111167,13.888888888888893,Spa-Francorchamps,2023,NOR
231.73955773955774,68.0,10.319410319410318,62.8992628992629,14.742014742014742,10,-29.94212962962942,12.500000000000034,Spa-Francorchamps,2023,RUS
231.46859903381642,69.13,10.869565217391305,62.56038647342995,14.975845410628018,7,-31.74603174603162,13.809523809523792,Spa-Francorchamps,2023,ALO
227.86873508353221,70.0,10.978520286396181,62.52983293556086,15.513126491646778,12,-26.38888888889039,10.993055555555374,Spa-Francorchamps,2023,STR
221.08196721311475,67.0,12.177985948477751,56.674473067915685,17.096018735362996,10,-22.817460317460228,12.413194444444308,Spa-Francorchamps,2023,TSU
221.46043165467626,66.32,13.908872901678656,53.47721822541966,15.827338129496402,8,-27.777777777777345,12.41071428571414,Spa-Francorchamps,2023,GAS
219.18571428571428,64.0,14.047619047619047,55.47619047619048,18.80952380952381,12,-24.09722222222072,12.124368686868902,Spa-Francorchamps,2023,MAG
220.5995423340961,67.0,12.356979405034325,56.75057208237986,21.96796338672769,15,-22.68062279084036,13.888888888888937,Spa-Francorchamps,2023,BOT
214.06855791962175,59.0,13.947990543735225,52.00945626477541,19.38534278959811,10,-25.00000000000009,13.645833333333162,Spa-Francorchamps,2023,OCO
208.32251082251082,57.61,15.151515151515152,44.15584415584416,21.21212121212121,9,-31.94444444444513,11.434986989003633,Spa-Francorchamps,2023,ALB
206.0865603644647,59.38,15.261958997722095,46.46924829157175,21.184510250569478,12,-23.611111111111143,11.284722222222213,Spa-Francorchamps,2023,ZHO
205.80454545454546,56.39,17.272727272727273,47.04545454545455,17.954545454545453,9,-24.56538170823911,12.152777777777665,Spa-Francorchamps,2023,SAR
204.90929203539824,53.0,16.371681415929203,47.78761061946903,16.371681415929203,11,-20.833333333333144,10.802469135802488,Spa-Francorchamps,2023,RIC
200.668903803132,52.46,18.568232662192393,48.769574944071586,18.344519015659955,14,-23.61111111111109,12.041170634920759,Spa-Francorchamps,2023,HUL
221.3,65.0,13.80952380952381,59.285714285714285,14.523809523809526,9,-24.749999999999922,12.499999999999822,Spa-Francorchamps,2024,VER
221.88995215311004,65.0,12.440191387559809,56.45933014354066,15.789473684210526,10,-27.777777777777754,11.574074074074064,Spa-Francorchamps,2024,LEC
216.55369928400955,67.0,13.126491646778044,56.324582338902154,15.513126491646778,8,-23.726851851851855,12.500000000000044,Spa-Francorchamps,2024,PER
217.93632075471697,64.23,13.915094339622641,55.42452830188679,15.566037735849056,11,-26.04166666666491,12.80952380952428,Spa-Francorchamps,2024,HAM
218.48491879350348,64.3,13.225058004640372,19.02552204176334,16.473317865429234,8,-27.74435223605321,11.904761904761857,Spa-Francorchamps,2024,NOR
219.36533957845432,66.26,13.114754098360656,53.86416861826698,14.754098360655737,8,-30.555555555555124,12.896825396825426,Spa-Francorchamps,2024,PIA
218.4120481927711,63.0,14.216867469879519,56.867469879518076,13.975903614457833,7,-29.488811728395046,12.152777777777768,Spa-Francorchamps,2024,RUS
215.544794188862,63.12,14.043583535108958,53.510895883777245,20.09685230024213,11,-30.868055555555486,12.125496031746014,Spa-Francorchamps,2024,SAI
226.43795620437956,66.1,11.435523114355231,60.09732360097324,16.05839416058394,9,-22.960004177109433,12.896825396825419,Spa-Francorchamps,2024,ALO
215.61800486618006,65.1,13.86861313868613,52.311435523114355,21.16788321167883,13,-26.785714285714857,12.328317901234579,Spa-Francorchamps,2024,OCO
216.35507246376812,66.0,12.560386473429952,53.14009661835749,17.391304347826086,9,-23.358585858585982,12.481481481481522,Spa-Francorchamps,2024,ALB
216.18509615384616,66.0,12.980769230769232,54.32692307692307,14.903846153846153,9,-24.305555555555582,12.45138888888874,Spa-Francorchamps,2024,GAS
218.06206896551726,66.0,12.643678160919542,55.86206896551724,17.47126436781609,8,-24.920634920634786,12.651289682539655,Spa-Francorchamps,2024,RIC
220.5083932853717,65.16,13.66906474820144,54.196642685851316,19.424460431654676,10,-29.878822327665528,11.749703440094995,Spa-Francorchamps,2024,BOT
216.47392290249434,63.0,13.378684807256235,54.421768707483,17.687074829931973,12,-29.725694444444823,11.904761904761932,Spa-Francorchamps,2024,STR
216.64955357142858,64.94,12.5,54.46428571428571,17.1875,10,-27.946428571428914,12.152777777778038,Spa-Francorchamps,2024,HUL
217.33333333333334,67.0,13.288288288288289,55.18018018018018,16.89189189189189,9,-24.63619402985042,12.264660493827279,Spa-Francorchamps,2024,MAG
216.20919540229886,65.0,12.643678160919542,52.18390804597701,18.39080459770115,9,-28.409090909091056,11.904761904761857,Spa-Francorchamps,2024,TSU
214.96990740740742,63.31,12.731481481481483,50.46296296296296,17.59259259259259,11,-26.515151515151654,11.574074074074064,Spa-Francorchamps,2024,SAR
214.23660714285714,63.47,13.392857142857142,52.45535714285714,17.857142857142858,10,-24.156565656565956,12.500000000000044,Spa-Francorchamps,2024,ZHO
247.98930481283423,80.46,7.4866310160427805,64.97326203208557,11.76470588235294,7,-36.61616161616162,15.722222222222033,Spa-Francorchamps,2025,NOR
248.36458333333334,81.83,8.59375,67.96875,11.458333333333332,7,-29.527777777777917,14.097222222222065,Spa-Francorchamps,2025,PIA
249.04054054054055,78.0,7.567567567567568,69.1891891891892,12.162162162162163,10,-29.77777777777822,13.33948907356097,Spa-Francorchamps,2025,LEC
247.69496021220158,82.0,7.427055702917771,71.61803713527851,12.20159151193634,8,-29.45601851851862,13.310185185185151,Spa-Francorchamps,2025,VER
247.2032967032967,80.0,7.142857142857142,67.3076923076923,13.461538461538462,10,-28.645833333333393,13.938271604938192,Spa-Francorchamps,2025,ALB
245.53684210526316,78.0,8.157894736842106,66.3157894736842,12.368421052631579,6,-28.032407407407337,12.904040404040382,Spa-Francorchamps,2025,RUS
247.92838196286473,81.52,7.6923076923076925,66.57824933687002,12.20159151193634,8,-37.69841269841255,13.020833333333394,Spa-Francorchamps,2025,TSU
247.52835051546393,81.0,7.474226804123711,69.3298969072165,11.855670103092782,8,-33.851851851851556,15.127314814815081,Spa-Francorchamps,2025,HAD
251.4255319148936,84.0,7.180851063829788,72.87234042553192,10.106382978723403,7,-25.569444444444457,13.888888888888955,Spa-Francorchamps,2025,LAW
247.7223650385604,79.64,8.740359897172237,68.89460154241645,12.339331619537274,7,-31.944444444444418,14.069444444444436,Spa-Francorchamps,2025,BOR
246.1576086956522,78.0,7.880434782608696,62.77173913043478,14.402173913043478,13,-30.092592592593235,13.88888888888891,Spa-Francorchamps,2025,OCO
243.80789473684212,79.58,8.157894736842106,68.15789473684211,15.789473684210526,13,-32.01388888888886,13.72557580359398,Spa-Francorchamps,2025,BEA
244.88051948051947,82.0,8.051948051948052,67.01298701298701,11.948051948051948,7,-34.91898148148136,15.046296296296283,Spa-Francorchamps,2025,GAS
245.5524296675192,80.0,8.695652173913043,69.82097186700767,12.787723785166241,10,-29.135251322751095,14.756944444444432,Spa-Francorchamps,2025,HUL
244.79790026246718,78.6,9.186351706036746,68.24146981627297,13.648293963254593,8,-29.847222222222214,14.061526479750999,Spa-Francorchamps,2025,SAI
245.41494845360825,78.87,8.762886597938143,33.76288659793815,15.463917525773196,11,-35.5871886120989,12.896825396825344,Spa-Francorchamps,2025,HAM
242.39402173913044,79.0,9.239130434782608,65.21739130434783,13.31521739130435,9,-23.611111111111615,13.888888888889033,Spa-Francorchamps,2025,COL
242.05670103092783,78.0,7.474226804123711,66.23711340206185,12.371134020618557,9,-32.73148148148147,14.131944444444247,Spa-Francorchamps,2025,ANT
241.9472295514512,79.78,8.179419525065963,70.18469656992085,12.401055408970976,8,-33.38541666666495,12.881216931216947,Spa-Francorchamps,2025,ALO
246.45,77.0,8.68421052631579,72.36842105263158,10.526315789473683,9,-33.73015873015859,14.194444444444645,Spa-Francorchamps,2025,STR
245.6654135338346,80.3,4.887218045112782,69.17293233082707,13.157894736842104,6,-40.29056252905642,13.909809390980982,Spielberg,2018,BOT
245.75563909774436,78.65,6.015037593984962,70.67669172932331,14.285714285714285,7,-40.66635673330227,13.888888888888834,Spielberg,2018,HAM
245.38059701492537,79.34,5.597014925373134,70.8955223880597,16.044776119402986,8,-37.037037037037,14.833333333333345,Spielberg,2018,VET
244.6171003717472,77.68,5.5762081784386615,70.63197026022306,16.356877323420075,8,-36.26157407407431,13.84259259259253,Spielberg,2018,RAI
243.52592592592592,86.07,5.185185185185185,70.37037037037037,13.333333333333334,6,-40.892857142857444,13.50844568417782,Spielberg,2018,VER
243.63837638376384,75.1,5.904059040590406,72.32472324723247,14.022140221402212,6,-37.03703703703673,15.04629629629624,Spielberg,2018,GRO
243.1985294117647,84.13,4.779411764705882,73.16176470588235,11.76470588235294,6,-34.867503486750756,13.888888888888774,Spielberg,2018,RIC
243.07407407407408,79.69,6.666666666666667,70.74074074074073,15.925925925925927,6,-44.22332780541725,13.88888888888898,Spielberg,2018,MAG
241.0751879699248,80.65,4.887218045112782,71.42857142857143,15.789473684210526,7,-34.72222222222219,14.940476190476351,Spielberg,2018,SAI
240.81784386617102,87.04,5.204460966542751,70.26022304832715,15.985130111524162,9,-37.03703703703728,13.88888888888898,Spielberg,2018,HUL
239.3582089552239,75.01,6.343283582089552,65.67164179104478,17.91044776119403,7,-35.8796296296296,13.888888888888774,Spielberg,2018,OCO
239.81412639405204,80.36,5.947955390334572,68.02973977695167,14.12639405204461,6,-34.71064814814837,13.888888888888774,Spielberg,2018,GAS
239.1895910780669,74.68,6.691449814126393,67.28624535315984,14.869888475836431,8,-38.1944444444447,12.896825396825344,Spielberg,2018,LEC
239.35925925925926,77.69,6.666666666666667,70.74074074074073,15.925925925925927,7,-32.77777777777799,14.259259259259274,Spielberg,2018,ALO
238.24907063197026,75.68,7.434944237918216,69.88847583643123,17.843866171003718,7,-37.03703703703673,12.731481481481376,Spielberg,2018,STR
238.15129151291512,72.8,6.642066420664207,70.84870848708486,14.760147601476014,8,-40.069444444444706,13.888888888888774,Spielberg,2018,VAN
237.6865671641791,70.67,7.08955223880597,69.77611940298507,16.044776119402986,7,-35.87962962962933,13.888888888888774,Spielberg,2018,PER
237.7992565055762,74.68,7.434944237918216,70.63197026022306,17.100371747211895,8,-35.081018518518555,14.983863531581395,Spielberg,2018,SIR
237.52044609665427,75.68,6.691449814126393,65.4275092936803,12.639405204460965,6,-35.879629629629505,12.731481481481376,Spielberg,2018,HAR
237.36162361623616,78.4,6.642066420664207,69.74169741697416,13.284132841328415,7,-35.08101851851849,13.888888888888774,Spielberg,2018,ERI
247.1406844106464,77.1,6.4638783269961975,71.48288973384031,15.96958174904943,7,-31.785516860143787,13.947001394700207,Spielberg,2019,LEC
245.9280303030303,79.26,5.303030303030303,70.07575757575758,12.121212121212121,6,-35.87962962962933,13.819789939192889,Spielberg,2019,HAM
245.34339622641508,78.64,6.415094339622642,70.94339622641509,15.09433962264151,6,-31.757488137603975,14.880952380952321,Spielberg,2019,VER
244.7056603773585,80.64,6.037735849056604,71.32075471698113,13.20754716981132,6,-36.23842592592572,12.4378109452736,Spielberg,2019,BOT
243.21641791044777,78.34,6.343283582089552,70.52238805970148,15.671641791044777,7,-37.03703703703728,14.22619047619046,Spielberg,2019,MAG
241.92164179104478,76.01,7.08955223880597,70.52238805970148,13.059701492537313,7,-40.50925925925953,13.888888888888774,Spielberg,2019,NOR
243.31734317343174,77.5,5.904059040590406,69.74169741697416,17.343173431734318,7,-38.6635092205178,14.24768518518507,Spielberg,2019,RAI
242.92936802973978,75.04,5.5762081784386615,70.63197026022306,13.011152416356877,6,-42.048611111111285,14.6527777777777,Spielberg,2019,GIO
243.08921933085503,75.4,5.204460966542751,72.11895910780669,13.011152416356877,6,-40.509259259258926,15.046296296296171,Spielberg,2019,GAS
245.5131086142322,73.96000000000001,6.367041198501873,72.28464419475655,13.857677902621724,7,-33.711650082918766,13.909228265922737,Spielberg,2019,VET
241.4760147601476,72.4,6.273062730627306,73.06273062730627,13.653136531365314,7,-37.03703703703682,13.819789939192889,Spielberg,2019,GRO
241.61254612546125,77.0,5.535055350553505,70.47970479704797,14.391143911439114,7,-44.22332780541725,13.4490740740741,Spielberg,2019,HUL
239.99632352941177,81.71,5.88235294117647,68.75,15.441176470588236,8,-37.73148148148117,14.534964068546193,Spielberg,2019,ALB
240.37867647058823,81.84,5.514705882352941,69.85294117647058,12.5,7,-37.72654584221749,13.194444444444446,Spielberg,2019,RIC
240.57933579335793,73.4,6.642066420664207,69.37269372693727,15.498154981549817,7,-37.7546296296295,15.109251510925104,Spielberg,2019,SAI
240.07380073800738,76.4,6.273062730627306,69.37269372693727,17.712177121771216,7,-33.56481481481503,13.888888888888774,Spielberg,2019,PER
239.6007326007326,75.72,6.95970695970696,69.96336996336996,15.75091575091575,8,-40.25178616448199,14.560185185185475,Spielberg,2019,STR
238.24817518248176,79.92,5.474452554744526,69.34306569343066,15.328467153284672,8,-37.03703703703673,13.88888888888898,Spielberg,2019,KVY
235.13768115942028,72.75,7.608695652173914,65.57971014492753,16.304347826086957,7,-34.72222222222245,12.731481481481376,Spielberg,2019,RUS
234.1546762589928,70.31,7.194244604316546,66.54676258992805,15.827338129496402,7,-38.194444444444414,13.819789939192889,Spielberg,2019,KUB
246.34230769230768,78.95,5.384615384615385,71.53846153846153,13.076923076923078,7,-37.63888888888888,15.046296296296171,Spielberg,2020,BOT
246.5076923076923,77.18,6.153846153846154,71.15384615384616,11.923076923076923,6,-35.87962962962966,12.731481481481376,Spielberg,2020,HAM
244.3448275862069,79.0,6.130268199233716,73.5632183908046,14.559386973180077,7,-31.72453703703718,13.88888888888898,Spielberg,2020,VER
243.31679389312978,78.0,6.106870229007633,69.08396946564885,12.977099236641221,7,-37.962962962962884,13.194444444444423,Spielberg,2020,NOR
243.62737642585552,77.1,5.7034220532319395,66.53992395437263,15.5893536121673,7,-35.3703703703706,11.574074074074149,Spielberg,2020,ALB
243.56273764258555,74.24,5.7034220532319395,71.48288973384031,15.209125475285171,6,-34.72222222222232,15.046296296296395,Spielberg,2020,PER
243.02661596958174,75.62,6.083650190114068,72.6235741444867,13.307984790874524,7,-37.233796296296376,13.888888888888774,Spielberg,2020,LEC
242.4848484848485,77.26,5.681818181818182,71.5909090909091,12.121212121212121,6,-33.726851851852,15.046296296296171,Spielberg,2020,SAI
242.61832061068702,75.61,5.7251908396946565,67.93893129770993,15.648854961832063,7,-36.11111111111135,13.888888888888774,Spielberg,2020,STR
243.08365019011407,79.62,6.844106463878327,71.10266159695817,13.307984790874524,7,-34.72222222222245,13.888888888888774,Spielberg,2020,RIC
242.48301886792453,75.92,6.7924528301886795,71.69811320754717,13.962264150943396,7,-38.62268518518509,12.731481481481566,Spielberg,2020,VET
241.3924528301887,75.56,6.415094339622642,71.69811320754717,10.943396226415095,6,-33.56481481481503,13.888888888888774,Spielberg,2020,GAS
241.74242424242425,75.0,6.4393939393939394,71.96969696969697,15.151515151515152,7,-37.03703703703728,16.203703703703663,Spielberg,2020,KVY
240.75,77.34,5.970149253731343,69.02985074626866,14.55223880597015,7,-33.95833333333305,14.282407407407439,Spielberg,2020,OCO
240.7865168539326,71.66,6.367041198501873,68.91385767790263,13.48314606741573,6,-37.03703703703673,13.888888888888774,Spielberg,2020,GRO
238.16044776119404,75.67,7.462686567164178,66.7910447761194,16.417910447761194,7,-36.27314814814821,15.439814814814888,Spielberg,2020,MAG
238.34831460674158,74.32,5.992509363295881,68.53932584269663,15.730337078651685,8,-30.416493919292293,15.046296296296395,Spielberg,2020,RUS
238.88475836431226,73.72,7.063197026022305,66.54275092936803,14.869888475836431,7,-36.69625561754218,12.731481481481566,Spielberg,2020,GIO
238.16417910447763,73.67,7.462686567164178,65.29850746268657,16.791044776119403,7,-34.72222222222245,16.20370370370357,Spielberg,2020,RAI
236.23616236162363,75.0,7.380073800738007,69.74169741697416,15.129151291512915,8,-31.967592592592723,15.87301587301581,Spielberg,2020,LAT
198.203125,58.57,16.25,46.875,20.625,8,-27.56944444444427,11.574074074073978,Spielberg,2020,HAM
199.11875,57.0,15.312500000000002,51.5625,20.625,8,-26.62037037037035,10.416666666666735,Spielberg,2020,VER
196.9506172839506,55.23,15.432098765432098,49.074074074074076,19.753086419753085,8,-21.99074074074072,11.055831951354312,Spielberg,2020,SAI
196.79320987654322,58.46,15.432098765432098,45.98765432098765,20.679012345679013,7,-24.050925925925803,11.574074074074112,Spielberg,2020,BOT
196.45846153846153,59.24,15.692307692307692,47.07692307692308,20.615384615384617,7,-26.62037037037015,10.416666666666657,Spielberg,2020,OCO
196.8167701863354,52.21,16.459627329192546,49.378881987577635,22.049689440993788,10,-26.62037037037045,11.57407407407432,Spielberg,2020,NOR
196.19384615384615,53.480000000000004,15.384615384615385,44.30769230769231,24.923076923076923,8,-25.462962962962752,13.660714285714246,Spielberg,2020,ALB
196.7914110429448,58.0,15.337423312883436,49.38650306748466,18.404907975460123,8,-26.342592592592524,11.296296296296525,Spielberg,2020,GAS
195.782874617737,61.26,15.29051987767584,45.87155963302752,21.100917431192663,7,-23.148148148147957,12.731481481481376,Spielberg,2020,RIC
194.8841463414634,56.81,16.158536585365855,48.170731707317074,21.951219512195124,7,-26.319444444444517,11.574074074074275,Spielberg,2020,VET
194.4434250764526,47.52,15.902140672782874,45.87155963302752,22.32415902140673,10,-23.148148148147957,11.574074074074149,Spielberg,2020,LEC
193.91158536585365,53.81,16.463414634146343,46.03658536585366,23.47560975609756,7,-27.374585406301804,12.770901131256794,Spielberg,2020,RUS
194.80851063829786,56.0,15.501519756838904,46.20060790273556,22.796352583586625,7,-28.530092592592684,11.574074074073978,Spielberg,2020,STR
194.8090909090909,56.29,15.454545454545453,49.3939393939394,20.909090909090907,7,-21.82539682539681,11.574074074073978,Spielberg,2020,KVY
193.6465256797583,54.6,15.407854984894259,45.31722054380665,20.241691842900302,7,-24.40725244072517,10.416666666666888,Spielberg,2020,MAG
191.39402985074628,55.34,16.119402985074625,46.26865671641791,25.671641791044774,7,-21.99074074074083,12.731481481481566,Spielberg,2020,RAI
191.05059523809524,55.7,17.261904761904763,44.047619047619044,21.726190476190478,8,-23.148148148148298,12.4378109452736,Spielberg,2020,PER
189.66765578635014,56.36,16.023738872403563,40.94955489614243,21.068249258160236,8,-21.99074074074072,12.32638888888864,Spielberg,2020,LAT
190.66172106824925,56.0,16.320474777448073,43.32344213649852,21.66172106824926,8,-21.18055555555569,13.888888888888774,Spielberg,2020,GIO
242.43233082706766,76.95,6.015037593984962,71.42857142857143,15.413533834586465,7,-32.407407407407625,15.046296296296251,Spielberg,2021,VER
241.87218045112783,75.65,5.263157894736842,71.80451127819549,14.285714285714285,7,-42.08333333333361,13.888888888888774,Spielberg,2021,BOT
241.56603773584905,76.56,6.037735849056604,70.18867924528301,12.075471698113208,6,-36.70634920634906,12.731481481481566,Spielberg,2021,HAM
240.9699248120301,76.95,6.7669172932330826,69.54887218045113,13.909774436090224,8,-36.19047619047618,13.88888888888898,Spielberg,2021,NOR
241.6954887218045,76.0,6.015037593984962,69.54887218045113,15.037593984962406,6,-33.56481481481453,12.731481481481376,Spielberg,2021,PER
241.30337078651687,75.32,6.741573033707865,71.16104868913857,13.108614232209737,6,-33.62268518518525,12.731481481481566,Spielberg,2021,GAS
240.2462686567164,76.67,6.7164179104477615,72.76119402985076,14.925373134328357,7,-36.55753968253962,13.947001394700095,Spielberg,2021,LEC
240.3582089552239,73.67,6.7164179104477615,70.52238805970148,13.059701492537313,6,-34.35185185185156,13.88888888888898,Spielberg,2021,TSU
240.6007462686567,78.67,5.970149253731343,72.01492537313433,11.940298507462686,6,-35.11574074074054,13.888888888888834,Spielberg,2021,ALO
239.38805970149255,73.67,7.08955223880597,69.77611940298507,16.044776119402986,7,-32.8009259259261,15.046296296296395,Spielberg,2021,STR
239.6096654275093,75.36,7.063197026022305,68.02973977695167,16.356877323420075,7,-37.80092592592573,12.731481481481376,Spielberg,2021,RUS
238.9182156133829,76.0,6.691449814126393,70.63197026022306,17.472118959107807,7,-35.104166666666636,13.113425925925961,Spielberg,2021,SAI
238.94814814814814,75.69,6.666666666666667,68.14814814814815,12.962962962962962,5,-35.83333333333322,15.046296296296395,Spielberg,2021,RIC
238.92592592592592,76.69,6.666666666666667,69.25925925925925,15.185185185185185,8,-33.56481481481503,15.046296296296395,Spielberg,2021,VET
239.6420664206642,73.4,6.642066420664207,68.63468634686348,14.760147601476014,7,-40.069444444444116,12.731481481481625,Spielberg,2021,GIO
237.76666666666668,75.76,7.037037037037037,65.92592592592592,17.77777777777778,8,-33.167495854062935,13.888888888888774,Spielberg,2021,LAT
237.85977859778598,77.5,5.904059040590406,16.605166051660518,14.022140221402212,8,-38.113425925926364,12.731481481481566,Spielberg,2021,OCO
237.05535055350555,76.5,7.011070110701106,67.15867158671587,15.129151291512915,7,-31.25000000000009,14.200006909895245,Spielberg,2021,RAI
235.492700729927,73.92,6.569343065693431,62.77372262773723,16.05839416058394,7,-37.037037037037,13.88888888888898,Spielberg,2021,MSC
235.02545454545455,77.22,6.545454545454546,66.18181818181819,17.09090909090909,7,-37.03703703703708,12.731481481481566,Spielberg,2021,MAZ
242.99622641509433,76.48,6.037735849056604,71.32075471698113,13.962264150943396,8,-37.89351851851838,12.731481481481755,Spielberg,2021,VER
242.56439393939394,76.15,6.4393939393939394,70.07575757575758,13.636363636363635,7,-33.564814814814845,13.88888888888898,Spielberg,2021,NOR
242.27169811320755,75.28,5.660377358490567,70.94339622641509,13.20754716981132,5,-37.0370370370371,12.731481481481376,Spielberg,2021,PER
242.42857142857142,78.65,5.639097744360902,71.05263157894737,12.406015037593985,6,-33.7301587301587,15.046296296296171,Spielberg,2021,HAM
241.86466165413535,80.6,6.015037593984962,71.80451127819549,12.781954887218044,7,-41.342592592592446,13.888888888888774,Spielberg,2021,BOT
241.35471698113207,76.84,6.7924528301886795,71.32075471698113,11.69811320754717,5,-39.516503951650854,14.317129629629646,Spielberg,2021,GAS
241.0639097744361,74.0,6.7669172932330826,69.92481203007519,12.781954887218044,6,-38.194444444444336,13.888888888888774,Spielberg,2021,TSU
240.2462686567164,73.67,6.343283582089552,70.52238805970148,13.432835820895523,7,-32.40740740740714,13.88888888888898,Spielberg,2021,VET
239.76951672862452,73.68,6.691449814126393,68.40148698884758,15.985130111524162,7,-38.576388888888665,12.731481481481566,Spielberg,2021,RUS
240.18215613382898,74.0,6.319702602230483,71.37546468401487,18.587360594795538,7,-33.247326824732696,13.88888888888891,Spielberg,2021,STR
240.1003717472119,75.72,7.063197026022305,71.37546468401487,17.472118959107807,7,-36.261574074073955,13.888888888888774,Spielberg,2021,SAI
239.62081784386618,77.36,7.063197026022305,70.63197026022306,16.356877323420075,11,-35.92079265457943,15.034722222222127,Spielberg,2021,LEC
239.3085501858736,76.08,7.434944237918216,70.63197026022306,12.267657992565056,6,-34.69907407407411,14.652777777777757,Spielberg,2021,RIC
240.5505617977528,72.66,6.741573033707865,72.65917602996255,14.981273408239701,7,-36.28472222222241,12.731481481481755,Spielberg,2021,ALO
239.55762081784385,77.04,6.691449814126393,67.65799256505576,14.869888475836431,7,-39.340277777777644,13.88888888888898,Spielberg,2021,GIO
239.0962962962963,71.38,6.666666666666667,68.14814814814815,16.666666666666664,8,-33.09286898839169,11.574074074074149,Spielberg,2021,RAI
238.53703703703704,78.07,6.296296296296296,67.4074074074074,12.962962962962962,7,-36.24999999999983,11.850469872857968,Spielberg,2021,OCO
237.47407407407408,69.69,6.666666666666667,67.4074074074074,18.51851851851852,8,-37.03703703703728,14.259259259259203,Spielberg,2021,LAT
237.5,71.42,6.985294117647059,65.80882352941177,18.014705882352942,7,-37.03703703703728,12.731481481481566,Spielberg,2021,MSC
235.71532846715328,73.19,6.934306569343065,65.69343065693431,16.78832116788321,8,-31.203703703703443,13.379629629629727,Spielberg,2021,MAZ
237.5737704918033,73.72,8.19672131147541,68.85245901639344,15.573770491803279,6,-36.9166666666667,14.392361111111141,Spielberg,2023,VER
243.60655737704917,78.29,6.557377049180328,68.44262295081968,13.524590163934427,8,-35.96230158730159,13.888888888888937,Spielberg,2023,LEC
243.28395061728395,69.84,6.995884773662551,68.3127572016461,18.930041152263374,7,-36.89109927596774,13.177083333333329,Spielberg,2023,SAI
244.78775510204082,84.88,4.8979591836734695,71.0204081632653,14.285714285714285,7,-36.76388888888876,13.888888888888937,Spielberg,2023,NOR
238.36947791164658,69.44,8.032128514056225,69.07630522088354,15.261044176706829,7,-33.54365079365073,13.344907407407371,Spielberg,2023,HAM
239.96311475409837,73.44,8.19672131147541,74.59016393442623,14.754098360655737,7,-31.25000000000006,14.464285714285683,Spielberg,2023,STR
238.87603305785123,71.41,8.677685950413224,71.48760330578511,16.115702479338843,7,-32.61408730158723,15.277777777777697,Spielberg,2023,ALO
235.99588477366254,73.26,7.818930041152264,66.2551440329218,19.34156378600823,7,-31.24999999999928,15.201768933112447,Spielberg,2023,HUL
236.32128514056225,75.44,6.425702811244979,67.8714859437751,16.06425702811245,6,-33.33333333333346,13.874086671705566,Spielberg,2023,GAS
236.58227848101265,72.08,6.751054852320674,61.18143459915611,18.565400843881857,7,-39.35185185185211,12.500000000000044,Spielberg,2023,ALB
235.49802371541503,72.0,7.905138339920949,66.40316205533597,16.205533596837945,8,-36.257936507936556,13.593749999999973,Spielberg,2023,RUS
238.3684210526316,71.84,7.6923076923076925,69.63562753036437,15.789473684210526,7,-31.94444444444456,15.277777777777834,Spielberg,2023,OCO
238.66122448979593,71.44,7.755102040816326,8.979591836734693,11.428571428571429,6,-35.25595238095222,12.731481481481566,Spielberg,2023,PIA
236.70081967213116,72.43,7.786885245901639,68.0327868852459,18.0327868852459,9,-36.48148148148124,13.888888888888722,Spielberg,2023,BOT
238.72509960159363,72.0,5.9760956175298805,68.52589641434263,15.53784860557769,6,-32.98611111111108,13.020833333333467,Spielberg,2023,PER
237.41632653061225,72.2,6.938775510204081,68.9795918367347,14.69387755102041,7,-36.70634920634953,12.731481481481566,Spielberg,2023,TSU
233.7479338842975,69.41,8.264462809917356,68.18181818181817,17.355371900826448,7,-32.98611111111108,13.888888888888877,Spielberg,2023,ZHO
234.599173553719,71.82,8.677685950413224,64.87603305785123,18.181818181818183,7,-34.72222222222235,13.88888888888881,Spielberg,2023,SAR
235.21457489878543,72.92,8.097165991902834,66.80161943319838,17.408906882591094,6,-41.66666666666682,13.92727526521506,Spielberg,2023,MAG
234.87603305785123,67.82,8.677685950413224,68.18181818181817,16.115702479338843,7,-41.597510373443846,13.854382332643183,Spielberg,2023,DEV
240.79916317991632,70.9,8.786610878661087,69.4560669456067,14.225941422594143,7,-33.47916666666679,15.624653739612205,Spielberg,2024,VER
236.452,70.0,7.6,68.4,12.4,7,-32.57142857142877,16.66666666666643,Spielberg,2024,NOR
239.7372549019608,74.54,7.450980392156863,68.62745098039215,14.901960784313726,7,-42.32936507936534,14.482323232323367,Spielberg,2024,RUS
240.48995983935743,70.44,7.630522088353414,68.27309236947792,18.87550200803213,7,-31.785516860143648,14.660493827160373,Spielberg,2024,SAI
240.64705882352942,78.08,7.450980392156863,69.41176470588235,16.470588235294116,7,-36.45833333333331,13.888888888888923,Spielberg,2024,HAM
236.36326530612246,71.32,8.16326530612245,65.71428571428571,16.3265306122449,7,-35.615079365079225,15.277777777777834,Spielberg,2024,LEC
237.21224489795918,70.44,7.346938775510205,64.89795918367346,13.877551020408163,6,-29.361111111111164,16.86507936507951,Spielberg,2024,PIA
237.308,70.96000000000001,8.0,69.19999999999999,18.4,6,-36.23188405797091,15.624999999999986,Spielberg,2024,PER
238.00819672131146,75.72,7.377049180327869,65.98360655737704,17.21311475409836,8,-33.26388888888896,14.322916666666655,Spielberg,2024,HUL
236.66935483870967,70.94,9.274193548387096,65.7258064516129,19.35483870967742,7,-33.44444444444435,13.88888888888901,Spielberg,2024,OCO
240.0281124497992,82.96,5.622489959839357,69.07630522088354,15.261044176706829,7,-35.13888888888908,12.962549603174573,Spielberg,2024,RIC
238.63052208835342,74.44,6.827309236947792,67.06827309236948,17.670682730923694,7,-33.33333333333331,13.888888888888834,Spielberg,2024,MAG
237.05439330543933,73.9,7.112970711297072,68.20083682008368,16.736401673640167,7,-39.87215909090914,13.46064814814825,Spielberg,2024,GAS
234.5344129554656,74.46,9.31174089068826,64.77732793522267,16.599190283400812,7,-40.00000000000011,12.89062499999995,Spielberg,2024,TSU
238.2890625,68.65,7.421875,69.140625,13.671875,6,-28.701856469936377,14.288194444444606,Spielberg,2024,ALO
235.47280334728035,70.38,8.368200836820083,63.17991631799163,17.154811715481173,7,-36.083333333333286,12.760416666666671,Spielberg,2024,ALB
236.76326530612246,71.52,7.346938775510205,71.83673469387755,16.73469387755102,8,-30.38194444444442,15.354550530429803,Spielberg,2024,STR
234.80672268907563,73.37,8.403361344537815,66.38655462184873,15.966386554621847,7,-34.72222222222219,14.880952380952321,Spielberg,2024,BOT
236.55102040816325,71.88,7.346938775510205,67.3469387755102,14.285714285714285,7,-35.87962962962986,13.429452348020867,Spielberg,2024,SAR
231.92887029288704,72.38,7.949790794979079,67.36401673640168,18.410041841004183,7,-36.11111111111124,13.88888888888891,Spielberg,2024,ZHO
242.55744680851063,76.34,6.808510638297872,66.80851063829788,13.617021276595745,6,-33.52044753086423,12.965277777777736,Spielberg,2025,NOR
241.13692946058092,77.0,7.053941908713693,67.21991701244814,15.767634854771783,7,-39.49999999999977,15.277777777777834,Spielberg,2025,LEC
241.1747967479675,75.9,6.910569105691057,57.3170731707317,15.447154471544716,7,-33.95061728395067,13.888888888888937,Spielberg,2025,PIA
240.29166666666666,73.39,7.5,19.583333333333332,18.333333333333332,8,-32.40740740740714,14.756944444444432,Spielberg,2025,HAM
238.23012552301256,76.28,7.112970711297072,67.78242677824268,17.154811715481173,7,-36.180555555555756,14.578722913785143,Spielberg,2025,RUS
237.46861924686192,78.9,7.531380753138076,69.8744769874477,15.062761506276152,7,-32.89434523809563,13.888888888888834,Spielberg,2025,LAW
238.20238095238096,72.02,7.5396825396825395,68.25396825396825,16.666666666666664,7,-43.40277777777774,13.88888888888869,Spielberg,2025,VER
241.84883720930233,72.85,6.5891472868217065,67.44186046511628,15.891472868217054,8,-35.714285714285566,12.731481481481566,Spielberg,2025,BOR
236.33609958506224,75.6,9.12863070539419,65.56016597510373,17.842323651452283,7,-39.35185185185153,12.499999999999822,Spielberg,2025,ANT
239.56666666666666,73.78,7.083333333333333,67.91666666666667,15.416666666666668,7,-37.62896825396829,13.888888888889184,Spielberg,2025,GAS
237.93032786885246,71.43,8.19672131147541,68.85245901639344,15.573770491803279,6,-37.70833333333319,12.731481481481472,Spielberg,2025,ALO
239.40329218106996,76.42,6.172839506172839,65.4320987654321,17.28395061728395,8,-36.93055555555569,13.923175267317454,Spielberg,2025,ALB
236.17355371900825,76.64,8.677685950413224,65.70247933884298,16.528925619834713,7,-42.65873015873012,13.888888888888912,Spielberg,2025,HAD
239.78423236514521,77.4,6.639004149377594,65.97510373443983,16.182572614107883,8,-39.29687499999963,14.880952380952321,Spielberg,2025,COL
237.13877551020408,76.44,7.755102040816326,61.63265306122449,18.775510204081634,7,-32.43750000000006,11.904761904761857,Spielberg,2025,BEA
238.19421487603304,75.82,7.024793388429752,70.66115702479338,16.94214876033058,9,-33.816274948209774,15.393518518518457,Spielberg,2025,STR
238.50413223140495,76.41,8.264462809917356,68.59504132231406,18.181818181818183,10,-33.56481481481453,13.35418239332821,Spielberg,2025,OCO
234.0125,70.78,9.166666666666666,66.25,15.0,7,-34.96843434343435,13.888888888888877,Spielberg,2025,TSU
234.87295081967213,75.29,8.19672131147541,66.80327868852459,17.21311475409836,7,-38.194444444444585,13.888888888888877,Spielberg,2025,SAI
235.68776371308016,78.36,8.438818565400844,68.35443037974683,14.767932489451477,8,-31.973379629629523,13.585069444444477,Spielberg,2025,HUL
238.24864864864864,80.69,7.837837837837839,60.27027027027027,14.324324324324325,10,-26.62037037037094,13.819789939192889,Suzuka,2018,HAM
237.41274238227146,81.8,7.756232686980609,62.32686980609419,12.742382271468145,10,-23.414351851852064,13.888888888888774,Suzuka,2018,BOT
235.62087912087912,82.89,7.142857142857142,65.93406593406593,12.362637362637363,10,-27.662517289073346,13.171296296296417,Suzuka,2018,VER
235.5686813186813,75.52,8.241758241758241,62.08791208791209,14.835164835164836,9,-30.092592592592343,12.731481481481755,Suzuka,2018,RAI
233.17438692098094,78.3,8.174386920980927,68.39237057220708,14.168937329700274,9,-27.777777777776727,12.731481481481755,Suzuka,2018,GRO
232.60433604336043,77.68,7.588075880758807,63.68563685636857,11.38211382113821,10,-25.462962962962752,13.88888888888891,Suzuka,2018,HAR
232.7750677506775,80.68,8.130081300813007,65.31165311653116,12.737127371273713,9,-33.17129629629569,12.91666666666629,Suzuka,2018,GAS
233.31420765027323,79.0,7.923497267759563,58.46994535519126,17.48633879781421,11,-26.62037037037094,12.79100529100545,Suzuka,2018,OCO
237.19337016574585,78.83,8.287292817679557,61.60220994475139,15.745856353591158,14,-29.398148148148774,12.731481481481755,Suzuka,2018,VET
233.0108695652174,77.67,8.152173913043478,61.95652173913043,15.217391304347828,10,-28.93518518518467,12.731481481481127,Suzuka,2018,PER
232.65853658536585,82.36,7.8590785907859075,59.62059620596206,14.092140921409213,12,-27.77777777777782,11.95601851851863,Suzuka,2018,LEC
231.9162162162162,76.69,8.108108108108109,64.5945945945946,17.2972972972973,10,-37.03703703703564,12.784751278475278,Suzuka,2018,MAG
231.56989247311827,79.84,8.064516129032258,64.51612903225806,14.24731182795699,9,-26.62037037037094,12.731481481481376,Suzuka,2018,SAI
231.13746630727763,73.7,8.62533692722372,63.07277628032345,17.78975741239892,14,-35.08101851851927,12.731481481481376,Suzuka,2018,STR
232.79132791327913,84.04,7.588075880758807,62.05962059620597,11.924119241192411,9,-25.462962962962752,12.43781094527404,Suzuka,2018,RIC
231.6048387096774,78.84,7.526881720430108,65.32258064516128,14.24731182795699,11,-28.9351851851858,12.818287037037228,Suzuka,2018,HUL
230.73994638069706,74.72,8.579088471849866,63.00268096514745,14.745308310991955,10,-29.606481481481506,13.888888888888774,Suzuka,2018,SIR
230.70509383378015,78.44,8.04289544235925,64.07506702412869,14.47721179624665,9,-25.798611111111434,11.57407407407432,Suzuka,2018,ALO
229.36266666666666,75.22,8.799999999999999,63.733333333333334,14.933333333333335,11,-27.366071428571285,12.73148148148148,Suzuka,2018,VAN
228.94148936170214,79.25,8.24468085106383,59.840425531914896,13.829787234042554,8,-24.90740740740794,11.57407407407432,Suzuka,2018,ERI
239.90684931506848,79.92,8.21917808219178,67.12328767123287,16.986301369863014,11,-32.4074074074081,13.819789939192889,Suzuka,2019,VET
238.85205479452054,81.28,8.767123287671232,64.65753424657534,11.506849315068493,10,-31.74603174603162,13.888888888888774,Suzuka,2019,LEC
239.17486338797815,81.3,8.19672131147541,66.93989071038251,12.295081967213115,9,-28.225538971807612,12.731481481481755,Suzuka,2019,BOT
239.25479452054793,80.92,8.21917808219178,63.013698630136986,11.506849315068493,9,-29.02155887230507,13.819789939192889,Suzuka,2019,HAM
238.289972899729,81.36,8.672086720867208,67.75067750677508,11.924119241192411,9,-29.687499999999428,15.046296296296617,Suzuka,2019,VER
237.71467391304347,80.34,8.423913043478262,66.57608695652173,12.771739130434783,11,-31.16441908713687,11.904761904761857,Suzuka,2019,ALB
236.14634146341464,80.0,8.401084010840108,69.91869918699187,11.653116531165312,8,-27.777777777778372,12.437810945273746,Suzuka,2019,SAI
235.45675675675676,80.69,8.64864864864865,65.67567567567568,10.27027027027027,8,-27.731481481481786,12.731481481481376,Suzuka,2019,NOR
235.52291105121293,79.4,7.816711590296496,66.30727762803235,11.05121293800539,8,-25.65972222222277,12.528848811498431,Suzuka,2019,GAS
234.98918918918918,78.07,8.64864864864865,68.37837837837839,13.513513513513514,9,-22.44333886124943,12.731481481481376,Suzuka,2019,GRO
234.5215053763441,76.0,8.870967741935484,65.86021505376344,12.096774193548388,11,-28.472222222222296,11.955195258019247,Suzuka,2019,GIO
233.54032258064515,81.13,8.870967741935484,61.02150537634409,18.548387096774192,12,-25.462962962962752,12.731481481481,Suzuka,2019,STR
233.99193548387098,77.71,8.870967741935484,63.70967741935484,15.86021505376344,10,-27.31287773128728,12.525912106135824,Suzuka,2019,RAI
233.91176470588235,78.19,8.55614973262032,64.43850267379679,12.834224598930483,8,-27.476851851851528,12.46031746031734,Suzuka,2019,KVY
233.313672922252,80.16,8.04289544235925,64.07506702412869,13.404825737265416,9,-31.898908525712308,13.164485114111951,Suzuka,2019,HUL
232.21983914209116,84.88,8.310991957104557,61.66219839142091,11.796246648793565,9,-30.038029100528895,12.731481481481376,Suzuka,2019,RIC
230.95502645502646,78.54,8.465608465608465,57.936507936507944,14.550264550264549,7,-27.77777777777767,12.731481481481376,Suzuka,2019,PER
231.71010638297872,79.5,9.042553191489363,62.76595744680851,12.76595744680851,8,-24.93636680613688,13.01444168048664,Suzuka,2019,RUS
234.44410876132932,84.2,9.06344410876133,65.86102719033232,14.501510574018129,9,-31.92791005291051,12.769097222222273,Suzuka,2023,VER
231.66265060240963,78.93,9.939759036144578,51.204819277108435,12.349397590361445,8,-27.77777777777782,12.731481481481755,Suzuka,2023,PIA
233.79393939393938,74.58,8.787878787878787,62.42424242424243,11.818181818181818,8,-23.03030303030243,12.345679012345698,Suzuka,2023,NOR
231.71987951807228,79.0,9.63855421686747,63.55421686746988,15.36144578313253,15,-27.77777777777738,12.836188992730847,Suzuka,2023,LEC
230.27134146341464,78.54,9.146341463414634,65.54878048780488,13.414634146341465,9,-24.305555555555358,12.945601851851919,Suzuka,2023,PER
230.5029761904762,78.7,9.523809523809524,63.095238095238095,17.559523809523807,11,-29.166666666667293,13.41666666666658,Suzuka,2023,SAI
231.03658536585365,80.54,10.060975609756099,60.670731707317074,12.195121951219512,10,-29.166666666666256,12.152777777777498,Suzuka,2023,HAM
232.8513931888545,87.22,7.120743034055728,63.77708978328174,13.622291021671826,9,-30.555555555555124,11.883928571428545,Suzuka,2023,RUS
230.1731343283582,81.34,9.253731343283581,64.77611940298507,11.940298507462686,9,-22.95717592592613,13.88888888888905,Suzuka,2023,TSU
229.0845921450151,76.0,9.06344410876133,64.6525679758308,11.48036253776435,6,-27.77777777777738,12.152777777777882,Suzuka,2023,ALO
231.87761194029852,83.02,7.462686567164178,60.59701492537314,11.641791044776118,7,-31.635802469135854,12.152777777777498,Suzuka,2023,LAW
231.460843373494,80.93,8.433734939759036,62.65060240963856,11.74698795180723,8,-28.402777777778148,13.657407407407325,Suzuka,2023,GAS
229.93235294117648,79.17,9.411764705882353,55.88235294117647,15.588235294117647,11,-30.555555555555124,12.272376543209782,Suzuka,2023,ALB
231.80298507462686,78.36,9.253731343283581,59.70149253731343,16.417910447761194,14,-29.14062499999991,12.303571428571601,Suzuka,2023,OCO
231.33432835820895,77.68,8.955223880597014,63.582089552238806,13.432835820895523,9,-23.342013888889216,13.88888888888857,Suzuka,2023,MAG
230.1051051051051,77.0,8.708708708708707,64.26426426426426,13.813813813813812,8,-27.06018518518556,12.731481481481376,Suzuka,2023,BOT
228.00882352941176,77.39,10.0,64.41176470588236,13.823529411764707,11,-22.024305555555355,11.363636363636239,Suzuka,2023,STR
227.55287009063443,74.3,9.365558912386707,60.42296072507553,16.314199395770395,10,-27.777777777777548,12.731481481481755,Suzuka,2023,HUL
228.14868804664724,77.84,8.16326530612245,59.475218658892125,13.702623906705538,10,-23.4375000000005,12.152777777777768,Suzuka,2023,ZHO
236.0782608695652,79.32,7.82608695652174,67.82608695652173,13.623188405797102,8,-25.129243827160824,12.848633525935002,Suzuka,2024,VER
233.46242774566474,80.9,8.959537572254336,69.07514450867052,12.427745664739884,8,-31.712962962961477,15.625000000000181,Suzuka,2024,PER
236.23598820058996,82.38,7.669616519174041,44.83775811209439,10.029498525073747,7,-35.3877314814815,13.831258644536673,Suzuka,2024,NOR
234.83139534883722,78.29,8.13953488372093,64.53488372093024,14.825581395348838,9,-27.129629629628344,13.623737373737566,Suzuka,2024,SAI
235.00887573964496,77.59,8.875739644970414,64.20118343195266,12.721893491124261,7,-24.691358024691397,12.614338404794783,Suzuka,2024,ALO
236.32463768115943,79.88,8.115942028985506,63.76811594202898,10.434782608695652,8,-30.218503021849756,12.499999999999822,Suzuka,2024,PIA
232.85043988269794,78.4,9.090909090909092,65.39589442815249,12.609970674486803,9,-31.24999999999974,12.500000000000266,Suzuka,2024,HAM
233.9546827794562,78.3,9.06344410876133,64.6525679758308,14.19939577039275,11,-27.318672839506355,13.888888888888774,Suzuka,2024,LEC
232.0204081632653,76.26,8.746355685131196,63.55685131195335,13.119533527696792,9,-27.08333333333343,13.88888888888857,Suzuka,2024,RUS
233.635838150289,80.9,8.38150289017341,63.29479768786127,10.404624277456648,8,-26.38888888888898,12.324908703040801,Suzuka,2024,TSU
232.03498542274053,81.0,9.037900874635568,64.43148688046647,10.204081632653061,7,-30.55555555555621,12.35763888888866,Suzuka,2024,RIC
231.64553314121036,77.92,8.357348703170029,61.38328530259366,16.714697406340058,10,-32.83564814814834,13.857394809775684,Suzuka,2024,HUL
232.79710144927537,79.2,8.695652173913043,64.6376811594203,13.043478260869565,9,-27.958333333334608,12.79687499999975,Suzuka,2024,BOT
231.81739130434784,83.2,8.115942028985506,57.68115942028985,15.072463768115943,11,-25.46296296296351,13.845621322256925,Suzuka,2024,ALB
231.17117117117118,78.64,8.108108108108109,59.75975975975976,17.417417417417415,12,-29.166666666667293,13.819789939193377,Suzuka,2024,OCO
230.819209039548,75.59,9.03954802259887,66.38418079096046,13.559322033898304,12,-26.333333333333368,12.077294685990237,Suzuka,2024,STR
232.60650887573965,81.11,7.6923076923076925,61.834319526627226,12.1301775147929,9,-30.18253968253983,13.88888888888869,Suzuka,2024,GAS
232.1891891891892,77.32,9.00900900900901,63.66366366366366,16.516516516516518,9,-33.33333333333286,13.020833333333323,Suzuka,2024,MAG
229.65329512893982,75.44,9.169054441260744,58.16618911174785,15.472779369627506,9,-30.48373139494627,11.28889386996103,Suzuka,2024,SAR
231.74397590361446,79.0,8.433734939759036,64.45783132530121,12.349397590361445,10,-27.006172839506217,12.731481481481376,Suzuka,2024,ZHO
240.02167182662538,81.66,7.430340557275541,68.73065015479877,11.145510835913312,6,-26.26388888888857,11.284722222221962,Suzuka,2025,VER
239.69040247678018,80.32000000000001,7.430340557275541,67.49226006191951,10.526315789473683,7,-28.54938271604943,12.731481481481755,Suzuka,2025,NOR
237.359756097561,81.27,7.926829268292683,67.98780487804879,12.195121951219512,7,-22.095959595959357,14.531250000000169,Suzuka,2025,PIA
239.24534161490683,79.21,8.385093167701864,66.14906832298136,16.149068322981368,10,-21.99074074074056,11.57407407407432,Suzuka,2025,LEC
236.9297124600639,79.48,8.626198083067091,65.49520766773162,13.099041533546327,11,-23.611111111110777,12.655024044545682,Suzuka,2025,RUS
237.04601226993864,80.0,8.895705521472392,64.7239263803681,10.122699386503067,8,-16.975308641975335,13.888888888888834,Suzuka,2025,ANT
236.7112462006079,79.68,8.51063829787234,65.34954407294833,12.158054711246201,8,-28.99884259259248,12.499999999999822,Suzuka,2025,HAD
237.7560975609756,83.08,7.926829268292683,62.5,14.329268292682926,11,-30.176415970287092,14.57175925925849,Suzuka,2025,HAM
239.19266055045873,79.52,7.339449541284404,66.05504587155964,15.29051987767584,11,-28.68923611111101,14.29191468253966,Suzuka,2025,ALB
236.4576802507837,79.54,7.836990595611286,65.51724137931035,18.181818181818183,13,-34.55357142857304,15.053531546621821,Suzuka,2025,BEA
235.46461538461537,80.0,8.307692307692308,67.38461538461539,10.461538461538462,6,-26.785714285714178,13.888888888888662,Suzuka,2025,GAS
234.47021943573668,76.0,9.404388714733543,67.0846394984326,16.927899686520377,9,-27.77777777777714,13.652777777777636,Suzuka,2025,SAI
234.484375,74.76,8.75,68.4375,14.374999999999998,9,-27.777777777775903,13.020833333333323,Suzuka,2025,ALO
235.555900621118,81.21,8.695652173913043,65.83850931677019,12.422360248447205,8,-24.206349206349028,12.731481481481376,Suzuka,2025,LAW
233.66666666666666,81.23,8.024691358024691,65.12345679012346,11.11111111111111,9,-26.23456790123461,13.88888888888869,Suzuka,2025,TSU
235.9359756097561,81.0,7.317073170731707,68.29268292682927,15.24390243902439,9,-34.11375661375663,13.587962962963264,Suzuka,2025,HUL
233.93093093093094,77.32,7.807807807807808,65.76576576576578,12.912912912912914,9,-27.47023809523915,13.619791666666867,Suzuka,2025,BOR
233.89221556886227,80.66,8.08383233532934,63.772455089820355,19.46107784431138,10,-25.85648148148125,12.627520759193397,Suzuka,2025,OCO
233.67559523809524,78.4,8.928571428571429,63.988095238095234,13.392857142857142,7,-25.462962962962003,13.593749999999888,Suzuka,2025,DOO
231.0589970501475,75.38,9.144542772861357,67.55162241887905,16.224188790560472,11,-29.105113636363747,13.88888888888857,Suzuka,2025,STR
227.8768115942029,92.5,9.057971014492754,61.23188405797102,16.666666666666664,10,-28.379629629629548,12.731481481481376,São Paulo,2018,HAM
227.5107913669065,94.0,9.352517985611511,59.352517985611506,17.26618705035971,7,-35.000000000000036,17.36111111111097,São Paulo,2018,VET
226.79856115107913,98.54,8.992805755395683,61.15107913669065,14.748201438848922,7,-35.23148148148152,12.731481481481376,São Paulo,2018,BOT
226.90322580645162,90.34,9.67741935483871,60.57347670250897,16.48745519713262,8,-27.326388888888776,13.888888888889186,São Paulo,2018,RAI
226.39642857142857,98.0,7.5,62.857142857142854,16.428571428571427,7,-30.092592592592442,12.731481481481376,São Paulo,2018,VER
226.06428571428572,97.58,7.142857142857142,64.64285714285715,16.071428571428573,7,-28.935185185185215,11.574074074074064,São Paulo,2018,RIC
225.38515901060072,95.82,9.187279151943462,60.7773851590106,15.901060070671377,7,-31.24999999999974,13.832918739635106,São Paulo,2018,ERI
224.1863799283154,89.78,9.31899641577061,61.648745519713266,17.562724014336915,10,-24.305555555555582,12.731481481481376,São Paulo,2018,LEC
225.09187279151942,93.82,8.12720848056537,62.89752650176679,17.314487632508836,8,-33.28703703703754,12.731481481481376,São Paulo,2018,GRO
223.01779359430606,92.8,9.9644128113879,60.4982206405694,14.590747330960854,6,-27.488425925926084,11.622501162250252,São Paulo,2018,GAS
224.20494699646642,89.0,9.187279151943462,61.83745583038869,20.141342756183743,8,-30.532407407407202,12.731481481481525,São Paulo,2018,MAG
223.46289752650176,91.0,8.480565371024735,60.7773851590106,16.607773851590103,6,-32.62731481481488,12.731481481481755,São Paulo,2018,PER
222.66903914590748,93.0,9.252669039145907,59.7864768683274,18.505338078291814,7,-28.935185185185375,12.731481481481755,São Paulo,2018,OCO
222.41992882562278,98.4,9.608540925266903,60.854092526690394,17.437722419928825,7,-31.24999999999997,13.888888888888774,São Paulo,2018,HUL
221.06643356643357,90.7,9.44055944055944,60.13986013986013,19.230769230769234,10,-28.935185185185162,13.888888888888774,São Paulo,2018,SIR
221.58947368421053,94.0,8.771929824561402,60.35087719298245,15.43859649122807,7,-29.328703703703685,13.888888888889186,São Paulo,2018,SAI
221.46853146853147,90.0,9.79020979020979,60.13986013986013,15.034965034965033,9,-26.620370370370214,12.731481481481376,São Paulo,2018,HAR
220.5438596491228,88.36,10.87719298245614,30.526315789473685,20.0,7,-31.250000000000057,12.784751278474962,São Paulo,2018,ALO
220.99298245614034,91.36,9.824561403508772,58.59649122807018,18.947368421052634,7,-31.250000000000014,11.770833333333254,São Paulo,2018,STR
220.32167832167832,91.55,10.48951048951049,56.64335664335665,16.783216783216783,9,-24.305555555555536,14.756944444444432,São Paulo,2018,VAN
227.13669064748203,95.0,8.992805755395683,61.87050359712231,16.906474820143885,7,-31.250000000000203,12.166434216643555,São Paulo,2019,VER
227.19064748201438,92.77,8.992805755395683,64.02877697841727,17.62589928057554,8,-27.777777777777843,13.888888888888928,São Paulo,2019,VET
226.74100719424462,96.77,7.553956834532374,61.15107913669065,16.18705035971223,7,-30.32407407407415,15.046296296296171,São Paulo,2019,HAM
226.6115107913669,93.85,8.992805755395683,60.431654676258994,16.546762589928058,10,-27.777777777777807,13.888888888889186,São Paulo,2019,LEC
225.29749103942652,97.78,8.60215053763441,60.57347670250897,15.770609318996415,7,-30.092592592592343,12.731481481481376,São Paulo,2019,BOT
225.28776978417267,95.31,7.913669064748201,59.352517985611506,16.906474820143885,7,-32.40740740740738,13.020833333333323,São Paulo,2019,ALB
222.86971830985917,90.83,10.56338028169014,59.859154929577464,13.732394366197184,7,-31.25000000000003,12.731481481481376,São Paulo,2019,GAS
223.4876325088339,88.82,10.247349823321555,62.544169611307424,19.081272084805654,8,-29.469246031746163,16.20370370370357,São Paulo,2019,GRO
222.8404255319149,90.81,10.99290780141844,60.28368794326241,19.50354609929078,8,-33.79629629629606,15.277777777777638,São Paulo,2019,RAI
223.18794326241135,87.81,9.219858156028367,59.9290780141844,19.50354609929078,8,-29.166666666666526,12.731481481481376,São Paulo,2019,MAG
222.1660777385159,88.46,11.307420494699647,59.36395759717315,15.19434628975265,8,-31.13425925925922,12.784751278475278,São Paulo,2019,NOR
222.4049295774648,95.66,9.507042253521126,59.154929577464785,14.43661971830986,6,-29.143518518518498,13.888888888888774,São Paulo,2019,RIC
223.24381625441697,90.82,9.89399293286219,60.42402826855123,16.25441696113074,7,-34.72222222222219,13.888888888888774,São Paulo,2019,GIO
222.73758865248226,95.0,9.219858156028367,62.056737588652474,15.24822695035461,8,-32.40740740740714,11.805555555555513,São Paulo,2019,HUL
222.68661971830986,92.83,10.211267605633804,59.859154929577464,16.549295774647888,7,-28.21710832171087,12.731481481481376,São Paulo,2019,PER
220.62544169611309,89.82,10.60070671378092,59.01060070671378,15.19434628975265,6,-34.22453703703766,12.731481481481376,São Paulo,2019,KVY
221.205574912892,89.0,10.801393728222997,58.88501742160279,16.376306620209057,8,-31.828703703704242,12.268518518518603,São Paulo,2019,STR
218.61111111111111,90.48,10.76388888888889,59.72222222222222,16.319444444444446,9,-25.462962962962944,12.893518518518722,São Paulo,2019,RUS
217.21993127147766,89.0,10.996563573883162,58.76288659793815,18.556701030927837,10,-31.631944444445008,11.701388888888808,São Paulo,2019,KUB
224.69858156028369,94.81,8.51063829787234,61.347517730496456,16.666666666666664,7,-35.41666666666669,12.731481481481472,São Paulo,2021,HAM
223.38947368421051,94.52,8.771929824561402,62.4561403508772,17.192982456140353,7,-32.03703703703701,14.085648148148392,São Paulo,2021,VER
223.2711267605634,97.66,8.450704225352112,60.91549295774647,15.140845070422534,7,-30.029761904761838,12.731481481481376,São Paulo,2021,BOT
223.22535211267606,92.83,9.15492957746479,63.732394366197184,17.253521126760564,7,-26.567460317460295,13.888888888888848,São Paulo,2021,PER
221.7122807017544,92.68,8.771929824561402,60.70175438596491,12.982456140350877,6,-29.13194444444456,11.770833333333538,São Paulo,2021,GAS
221.72027972027973,89.85,9.79020979020979,60.48951048951049,17.482517482517483,8,-33.93518518518494,12.537037037036876,São Paulo,2021,SAI
221.3041958041958,91.85,9.79020979020979,59.44055944055944,16.433566433566433,11,-28.801332713466834,10.594167819271512,São Paulo,2021,LEC
221.1083916083916,89.7,10.48951048951049,59.79020979020979,14.335664335664337,8,-31.24999999999974,12.67865375749195,São Paulo,2021,NOR
221.40766550522648,89.86,10.452961672473867,61.32404181184668,16.376306620209057,7,-28.935185185184945,13.888888888888774,São Paulo,2021,RIC
220.97222222222223,90.61,9.375,61.80555555555556,15.972222222222221,10,-29.421296296296457,11.57407407407432,São Paulo,2021,ALO
220.98263888888889,92.48,9.722222222222223,50.34722222222222,15.625,8,-29.421296296296088,12.731481481481376,São Paulo,2021,OCO
220.76124567474048,91.0,8.996539792387544,60.89965397923876,15.570934256055363,8,-29.694113756613696,11.904761904761857,São Paulo,2021,VET
220.28125,89.87,10.069444444444445,60.763888888888886,15.625,8,-27.777777777777548,11.736111111111011,São Paulo,2021,TSU
219.75432525951558,92.64,11.76470588235294,59.515570934256054,19.377162629757784,10,-29.537037037037045,12.731481481481376,São Paulo,2021,RAI
220.29513888888889,90.74,10.069444444444445,57.986111111111114,18.40277777777778,7,-31.250000000000203,12.731481481481376,São Paulo,2021,GIO
220.1103448275862,92.78,9.655172413793103,60.0,18.620689655172416,8,-29.907407407407415,13.888888888888713,São Paulo,2021,STR
218.95189003436425,90.0,9.965635738831615,60.48109965635739,18.900343642611684,7,-27.99603174603157,15.046296296296171,São Paulo,2021,LAT
218.57731958762886,90.9,9.278350515463918,59.450171821305844,18.900343642611684,7,-28.9351851851858,13.839462238038811,São Paulo,2021,RUS
217.15068493150685,90.91,11.986301369863012,55.821917808219176,17.80821917808219,8,-37.037037037037,11.689814814814744,São Paulo,2021,MSC
216.82935153583617,91.76,10.238907849829351,56.31399317406144,19.795221843003414,9,-28.93518518518527,11.574074074073978,São Paulo,2021,MAZ
219.42264150943396,92.28,10.943396226415095,58.11320754716981,18.11320754716981,7,-25.74845679012334,12.345679012345698,São Paulo,2023,VER
217.36363636363637,91.0,14.015151515151514,59.84848484848485,18.181818181818183,7,-31.90717736369924,13.687500000000004,São Paulo,2023,LEC
217.76603773584907,89.28,12.452830188679245,60.75471698113207,18.49056603773585,8,-32.24999999999976,12.942708333333297,São Paulo,2023,STR
216.69811320754718,88.64,12.075471698113208,60.37735849056604,16.22641509433962,7,-26.25578703703667,11.916666666666709,São Paulo,2023,ALO
217.364,91.49,12.0,57.599999999999994,18.8,8,-31.6906801661475,10.802469135802488,São Paulo,2023,HAM
217.22962962962964,92.0,11.481481481481481,60.74074074074074,17.77777777777778,8,-27.777777777777754,10.912698412698646,São Paulo,2023,RUS
218.68029739776952,94.04,13.011152416356877,46.09665427509294,15.985130111524162,6,-35.180555555555564,11.574074074073978,São Paulo,2023,NOR
218.08856088560884,91.4,11.808118081180812,57.93357933579336,19.18819188191882,8,-29.274305555555575,13.888888888888877,São Paulo,2023,SAI
218.28853754940712,89.04,12.25296442687747,62.845849802371546,19.76284584980237,9,-29.797453703703706,14.215277777777981,São Paulo,2023,PER
218.33085501858736,90.68,12.639405204460965,56.877323420074354,14.12639405204461,7,-26.6203703703704,12.731481481481376,São Paulo,2023,PIA
218.53932584269663,89.66,11.985018726591761,61.79775280898876,18.726591760299627,7,-28.47673160173175,12.731481481481376,São Paulo,2023,HUL
214.3321033210332,89.7,14.022140221402212,56.08856088560885,21.033210332103323,9,-30.93434343434344,13.268509881149791,São Paulo,2023,OCO
218.2906976744186,93.14,13.565891472868216,58.139534883720934,15.11627906976744,6,-27.000000000000043,11.314814814814683,São Paulo,2023,GAS
213.4907063197026,86.0,12.639405204460965,56.877323420074354,21.561338289962826,7,-27.777777777777754,10.416666666666888,São Paulo,2023,MAG
217.3566176470588,89.42,13.23529411764706,57.35294117647059,17.27941176470588,7,-29.513888888888797,13.88888888888869,São Paulo,2023,ALB
215.23465703971118,94.52,15.162454873646208,57.761732851985556,14.440433212996389,7,-28.88257575757574,12.03440656565661,São Paulo,2023,TSU
214.3932584269663,88.66,13.48314606741573,55.430711610486895,17.97752808988764,7,-30.79861111111115,12.194113756613806,São Paulo,2023,RIC
215.6962962962963,92.69,12.592592592592592,58.51851851851851,17.77777777777778,7,-28.36419753086442,13.29861111111108,São Paulo,2023,BOT
213.00757575757575,89.63,15.909090909090908,54.92424242424242,18.560606060606062,7,-26.388888888888864,11.904761904761857,São Paulo,2023,SAR
216.41328413284134,90.7,12.546125461254611,60.51660516605166,16.605166051660518,7,-30.322989307298933,13.19444444444449,São Paulo,2023,ZHO
184.5,75.23,26.543209876543212,34.25925925925926,19.444444444444446,10,-24.592592592592695,11.611847202851814,São Paulo,2024,NOR
181.78220858895705,68.0,27.914110429447852,34.04907975460122,22.392638036809817,9,-21.825396825396737,11.111111111111349,São Paulo,2024,RUS
180.77018633540374,70.0,27.95031055900621,32.91925465838509,22.67080745341615,8,-21.527777777777754,10.844782954998063,São Paulo,2024,TSU
178.99384615384616,70.0,29.846153846153843,32.61538461538461,23.076923076923077,10,-20.885547201336628,10.416666666666837,São Paulo,2024,OCO
180.41379310344828,72.0,25.07836990595611,32.288401253918494,21.003134796238246,7,-24.80158730158732,9.20304232804233,São Paulo,2024,LAW
182.1757575757576,75.0,23.939393939393938,26.969696969696972,23.333333333333332,10,-19.097222222222207,10.165282104534562,São Paulo,2024,LEC
179.22977346278316,69.08,27.184466019417474,27.831715210355988,24.59546925566343,8,-25.219907407407376,11.06250000000004,São Paulo,2024,ALB
178.41666666666666,70.22,29.48717948717949,29.48717948717949,21.153846153846153,9,-19.166666666666668,10.416666666666657,São Paulo,2024,PIA
181.7049689440994,67.21,28.57142857142857,32.298136645962735,21.428571428571427,8,-23.364197530864267,10.912698412698369,São Paulo,2024,ALO
177.88519637462235,71.3,30.211480362537763,30.815709969788518,20.54380664652568,7,-22.569444444444926,10.272817460317432,São Paulo,2024,STR
178.1030303030303,74.0,28.18181818181818,29.393939393939394,23.636363636363637,7,-19.675925925925945,10.416666666666657,São Paulo,2024,BOT
174.20420420420422,66.0,33.633633633633636,31.53153153153153,23.123123123123122,8,-18.849206349206334,10.912698412698507,São Paulo,2024,VER
171.24773413897282,66.3,33.53474320241692,29.305135951661633,22.054380664652566,8,-19.564043209876637,9.92063492063488,São Paulo,2024,PER
170.16158536585365,63.27,31.097560975609756,24.085365853658537,24.695121951219512,8,-17.361111111111143,9.722222222222085,São Paulo,2024,SAI
171.14369501466277,65.8,32.84457478005865,26.68621700879765,21.114369501466275,6,-18.420138888888566,10.416666666666426,São Paulo,2024,GAS
166.79310344827587,67.0,35.05747126436782,25.287356321839084,23.275862068965516,8,-19.84126984126976,8.562706080821993,São Paulo,2024,HAM
165.82336182336184,63.0,35.04273504273504,24.501424501424502,21.65242165242165,7,-18.291666666666877,8.928571428571392,São Paulo,2024,BEA
166.3510324483776,64.38,33.6283185840708,21.828908554572273,25.073746312684364,9,-18.750000000000068,9.722222222222085,São Paulo,2024,COL
168.0581395348837,66.0,32.26744186046512,23.837209302325583,20.930232558139537,7,-20.347222222222445,8.333333333333215,São Paulo,2024,HUL
166.23631123919307,66.46,34.00576368876081,24.78386167146974,26.512968299711815,8,-15.046296296296171,9.25925925925891,São Paulo,2024,ZHO
220.5183823529412,89.71,12.867647058823529,58.82352941176471,17.647058823529413,7,-35.069444444444414,13.446969696969736,São Paulo,2025,NOR
218.52529182879377,88.56,12.840466926070038,58.754863813229576,17.509727626459142,7,-27.77777777777738,13.2523148148149,São Paulo,2025,ANT
219.13962264150945,88.0,12.830188679245284,58.867924528301884,17.735849056603772,10,-26.16126543209876,14.53125000000006,São Paulo,2025,LEC
218.3939393939394,92.0,14.772727272727273,54.166666666666664,17.424242424242426,7,-23.25810185185183,13.888888888888834,São Paulo,2025,PIA
218.3219696969697,86.63,14.015151515151514,59.09090909090909,18.181818181818183,8,-30.555555555555667,11.603835978835903,São Paulo,2025,HAD
218.00383141762453,87.6,13.793103448275861,56.70498084291188,18.007662835249043,6,-29.513888888888946,13.425347222222431,São Paulo,2025,RUS
215.75925925925927,90.38,14.074074074074074,50.74074074074074,16.666666666666664,7,-26.785714285714178,11.574074074073978,São Paulo,2025,LAW
219.63601532567048,88.6,12.643678160919542,57.47126436781609,19.54022988505747,8,-34.49652777777775,12.500000000000044,São Paulo,2025,BEA
217.4828897338403,90.62,13.307984790874524,57.79467680608364,17.870722433460077,7,-29.131944444444418,13.041666666666494,São Paulo,2025,GAS
218.92193308550185,90.0,14.12639405204461,58.36431226765799,15.985130111524162,7,-35.46875000000013,10.416666666666705,São Paulo,2025,HUL
218.97794117647058,84.71,13.970588235294118,60.66176470588235,16.176470588235293,9,-23.49537037037023,12.673611111110876,São Paulo,2025,ALO
217.67169811320755,84.64,16.60377358490566,55.094339622641506,19.622641509433965,7,-26.232638888888868,10.912698412698369,São Paulo,2025,ALB
215.9699248120301,92.0,15.037593984962406,51.50375939849624,19.924812030075188,8,-29.513888888888864,11.17361111111101,São Paulo,2025,HAM
216.31985294117646,87.42,12.867647058823529,59.19117647058824,15.808823529411764,6,-27.083333333333307,13.888888888888662,São Paulo,2025,STR
216.1439393939394,87.63,14.393939393939394,57.57575757575758,20.075757575757574,9,-30.362103174603288,12.43551587301601,São Paulo,2025,SAI
220.18450184501845,90.2,13.284132841328415,57.93357933579336,19.557195571955717,7,-31.061507936507912,11.703125000000165,São Paulo,2025,VER
216.15413533834587,90.3,15.037593984962406,53.75939849624061,20.676691729323306,10,-32.98611111111113,13.88888888888869,São Paulo,2025,OCO
215.50746268656715,86.34,14.55223880597015,54.850746268656714,17.91044776119403,7,-23.541666666666806,12.513888888888966,São Paulo,2025,COL
219.67790262172284,86.0,14.606741573033707,57.67790262172284,16.853932584269664,8,-32.82828282828273,12.295386904761896,São Paulo,2025,TSU
209.44730077120823,76.0,14.395886889460154,58.09768637532133,17.994858611825194,12,-37.03703703703673,12.881944444444608,Yas Island,2018,HAM
209.37532133676092,78.76,14.652956298200515,58.354755784061695,17.480719794344473,12,-34.59865559509703,12.791666666666877,Yas Island,2018,BOT
208.866323907455,70.0,15.424164524421593,54.498714652956295,17.480719794344473,13,-37.03703703703673,13.888888888888781,Yas Island,2018,VET
208.5681233933162,72.88,15.938303341902312,58.354755784061695,17.994858611825194,13,-37.03703703703673,13.88888888888898,Yas Island,2018,RAI
208.26153846153846,75.0,14.102564102564102,59.23076923076923,16.153846153846153,12,-33.08228730822903,14.046434494195834,Yas Island,2018,RIC
207.97953964194375,76.0,14.578005115089516,59.07928388746802,18.414322250639387,11,-31.250000000000668,13.888888888889186,Yas Island,2018,VER
206.89367088607594,72.94,16.455696202531644,58.48101265822785,18.227848101265824,12,-37.03703703703673,12.731481481481376,Yas Island,2018,GRO
205.8510101010101,73.0,17.424242424242426,55.3030303030303,20.707070707070706,12,-34.867503486750756,13.888888888888992,Yas Island,2018,LEC
205.38287153652394,74.0,16.3727959697733,52.64483627204031,21.662468513853906,16,-33.6226851851849,12.731481481481566,Yas Island,2018,OCO
205.67254408060452,74.92,15.869017632241814,56.92695214105793,17.632241813602015,13,-31.101190476190347,13.819789939193132,Yas Island,2018,HUL
205.05778894472363,73.97,16.582914572864322,56.28140703517588,18.592964824120603,12,-38.19444444444413,13.88888888888898,Yas Island,2018,SAI
204.13032581453635,70.98,18.045112781954884,55.639097744360896,17.293233082706767,12,-39.35185185185153,12.76620370370392,Yas Island,2018,ERI
204.0952380952381,74.98,17.543859649122805,55.388471177944865,20.30075187969925,14,-37.03703703703673,12.766203703703757,Yas Island,2018,MAG
203.8045112781955,70.0,17.794486215538846,55.88972431077694,18.546365914786968,12,-33.634259259258975,13.88888888888878,Yas Island,2018,PER
202.97512437810946,68.01,16.666666666666664,56.71641791044776,20.398009950248756,13,-42.82407407407372,12.731481481481376,Yas Island,2018,ALO
202.8004987531172,73.0,18.703241895261847,54.11471321695761,14.962593516209477,13,-35.493827160493886,12.731481481481755,Yas Island,2018,HAR
202.33827160493829,72.0,17.037037037037038,55.55555555555556,17.28395061728395,11,-34.652777777777494,13.888888888888834,Yas Island,2018,GAS
201.12655086848636,68.04,18.36228287841191,43.17617866004963,19.602977667493796,15,-42.7893518518515,13.88888888888898,Yas Island,2018,VAN
200.91379310344828,67.15,19.21182266009852,53.69458128078818,20.935960591133004,12,-31.24999999999974,12.731481481481566,Yas Island,2018,SIR
201.6716049382716,72.08,18.765432098765434,56.2962962962963,19.50617283950617,14,-35.879629629630394,13.888888888888962,Yas Island,2018,STR
209.00514138817482,75.88,14.395886889460154,58.61182519280206,17.480719794344473,12,-35.879629629630394,13.888888888889186,Yas Island,2019,HAM
209.24358974358975,80.0,15.128205128205128,57.948717948717956,17.17948717948718,11,-35.8333333333341,11.666666666666888,Yas Island,2019,BOT
208.25897435897437,74.78,14.358974358974358,58.71794871794872,17.94871794871795,11,-33.56481481481553,12.731481481481376,Yas Island,2019,VER
208.25192802056554,74.88,15.938303341902312,54.75578406169666,18.50899742930591,12,-33.425541724296956,13.88888888888898,Yas Island,2019,LEC
208.51928020565552,72.88,17.223650385604113,57.326478149100254,17.223650385604113,12,-35.87962962962933,13.947001394700095,Yas Island,2019,VET
207.230179028133,75.8,14.83375959079284,56.01023017902813,17.391304347826086,11,-40.76388888888855,14.009336099584978,Yas Island,2019,ALB
205.90151515151516,73.85,15.909090909090908,56.060606060606055,16.666666666666664,12,-28.02591817759211,12.896825396825344,Yas Island,2019,NOR
205.24747474747474,75.85,15.909090909090908,56.313131313131315,16.666666666666664,11,-34.791666666667346,15.115740740740632,Yas Island,2019,RIC
205.35858585858585,70.95,16.414141414141415,57.32323232323232,17.17171717171717,13,-32.4074074074081,13.888888888888774,Yas Island,2019,SAI
205.1919191919192,73.95,15.656565656565657,58.333333333333336,17.17171717171717,14,-37.03703703703673,14.96031746031755,Yas Island,2019,HUL
204.54135338345864,71.98,17.794486215538846,56.89223057644111,18.796992481203006,12,-30.20171957671933,13.92361111111097,Yas Island,2019,PER
204.535,71.98,17.0,56.99999999999999,16.25,12,-33.60780423280397,12.734788359788624,Yas Island,2019,GAS
204.4575,74.99,16.75,57.25,20.0,16,-33.56481481481453,12.731481481481755,Yas Island,2019,STR
204.71859296482413,71.97,17.587939698492463,57.78894472361809,18.090452261306535,11,-38.69047619047603,13.888888888888877,Yas Island,2019,KVY
204.9351620947631,72.0,17.70573566084788,57.107231920199496,18.204488778054863,11,-37.03703703703673,13.888888888888363,Yas Island,2019,MAG
202.66915422885572,70.01,17.412935323383085,57.46268656716418,18.1592039800995,13,-37.03703703703673,14.880952380952321,Yas Island,2019,GRO
202.35162094763092,73.0,17.955112219451372,55.11221945137157,19.201995012468828,13,-32.40740740740714,14.880952380952321,Yas Island,2019,GIO
201.59203980099502,71.01,18.407960199004975,54.72636815920397,19.402985074626866,11,-28.935185185184945,13.88888888888898,Yas Island,2019,RAI
200.71007371007371,73.0,18.42751842751843,53.31695331695332,19.656019656019655,12,-34.72222222222194,12.731481481481566,Yas Island,2019,RUS
199.46437346437347,70.06,19.656019656019655,53.8083538083538,18.42751842751843,12,-34.54861111111083,12.731481481481472,Yas Island,2019,KUB
207.95663265306123,72.91,14.540816326530612,59.94897959183674,17.857142857142858,12,-32.40740740740724,13.888888888888774,Yas Island,2020,VER
207.47179487179488,78.0,15.384615384615385,58.97435897435898,17.435897435897434,11,-33.84259259259331,13.828081813156825,Yas Island,2020,BOT
207.94871794871796,76.78,14.871794871794872,57.43589743589743,18.71794871794872,12,-23.14814814814864,13.888888888888774,Yas Island,2020,HAM
207.7627551020408,71.91,14.795918367346939,58.673469387755105,18.112244897959183,12,-35.87962962962933,12.731481481481566,Yas Island,2020,NOR
207.64213197969542,75.93,14.467005076142131,56.34517766497462,18.781725888324875,12,-32.500000000000696,12.731481481481376,Yas Island,2020,ALB
206.74111675126903,71.93,15.48223350253807,57.868020304568525,18.274111675126903,12,-33.65740740740804,13.88888888888898,Yas Island,2020,SAI
206.93654822335026,71.86,14.720812182741117,59.89847715736041,16.751269035532996,11,-33.167495854062935,12.824074074074314,Yas Island,2020,KVY
206.4506329113924,75.94,15.18987341772152,58.48101265822785,18.9873417721519,13,-28.935185185185006,15.046296296296171,Yas Island,2020,STR
206.89620253164557,73.0,14.936708860759493,60.25316455696203,18.227848101265824,13,-35.87962962962933,12.893518518518748,Yas Island,2020,LEC
205.51269035532994,71.93,14.974619289340103,57.61421319796954,15.736040609137056,12,-31.342592592593185,13.981481481481383,Yas Island,2020,GAS
205.9090909090909,75.95,15.909090909090908,53.03030303030303,19.94949494949495,15,-31.736111111110848,12.956349206349156,Yas Island,2020,OCO
206.17929292929293,76.9,15.909090909090908,57.07070707070707,15.656565656565657,12,-30.092592592593235,13.88888888888898,Yas Island,2020,RIC
205.80856423173805,72.96,16.3727959697733,60.20151133501259,19.143576826196472,12,-33.85416666666738,13.88888888888898,Yas Island,2020,VET
204.37593984962405,74.0,16.541353383458645,57.89473684210527,18.045112781954884,13,-33.59953703703772,13.88888888888898,Yas Island,2020,GIO
206.35279187817258,73.79,15.989847715736042,57.10659898477157,17.766497461928935,11,-33.84259259259231,13.88888888888898,Yas Island,2020,PER
202.97,72.98,17.5,54.75,19.0,13,-34.79166666666653,12.731481481481376,Yas Island,2020,RAI
202.7089552238806,74.02,17.412935323383085,56.96517412935324,18.65671641791045,12,-37.03703703703673,13.888888888888834,Yas Island,2020,MAG
202.6359102244389,75.0,17.70573566084788,53.36658354114713,20.947630922693268,11,-39.35185185185153,13.898809523809808,Yas Island,2020,RUS
202.54,73.97,17.0,56.99999999999999,19.0,11,-37.03703703703673,13.888888888888372,Yas Island,2020,FIT
201.19354838709677,71.02,19.602977667493796,53.59801488833747,20.843672456575682,12,-27.77777777777767,12.731481481481755,Yas Island,2020,LAT
228.53508771929825,76.82,8.47953216374269,65.78947368421053,15.497076023391813,7,-32.638888888888616,14.555693753454886,Yas Island,2021,VER
228.19590643274853,80.0,8.771929824561402,64.03508771929825,14.619883040935672,7,-33.56481481481503,13.425925925925917,Yas Island,2021,HAM
226.66086956521738,72.2,9.27536231884058,64.34782608695652,15.36231884057971,8,-36.70138888888881,13.391203703703585,Yas Island,2021,NOR
226.8463768115942,81.32,10.144927536231885,66.66666666666666,14.782608695652174,6,-34.22453703703756,13.888888888888891,Yas Island,2021,PER
226.83236994219652,76.45,8.670520231213873,65.60693641618496,14.16184971098266,6,-33.981481481482206,11.526048870447227,Yas Island,2021,SAI
226.61159420289854,79.44,8.985507246376812,66.66666666666666,13.91304347826087,6,-32.89351851851861,13.888888888888774,Yas Island,2021,BOT
226.82080924855492,78.35,8.092485549132949,67.05202312138728,14.16184971098266,8,-23.796296296296504,12.222222222222275,Yas Island,2021,LEC
226.27745664739885,78.35,8.959537572254336,66.47398843930635,12.427745664739884,7,-32.40740740740714,12.222222222222275,Yas Island,2021,TSU
225.83045977011494,80.94,9.195402298850574,64.08045977011494,12.931034482758621,11,-37.03703703703673,12.731481481481376,Yas Island,2021,OCO
225.65706051873198,72.38,9.510086455331413,65.4178674351585,12.968299711815561,7,-30.092592592593235,12.21064814814806,Yas Island,2021,RIC
225.51008645533142,75.84,9.798270893371757,64.84149855907782,14.697406340057636,9,-32.523148148148294,12.731481481481376,Yas Island,2021,ALO
225.79885057471265,77.88,8.908045977011495,65.80459770114942,12.643678160919542,6,-34.72222222222249,12.73148148148148,Yas Island,2021,GAS
223.99714285714285,76.0,9.142857142857142,65.14285714285715,16.0,8,-32.407407407407625,15.046296296296404,Yas Island,2021,STR
224.4785100286533,76.92,9.742120343839542,65.90257879656161,14.899713467048711,8,-31.319444444444606,12.731481481481566,Yas Island,2021,GIO
224.22222222222223,73.5,8.831908831908832,64.1025641025641,14.814814814814813,7,-31.24999999999974,13.888888888888774,Yas Island,2021,VET
223.2962962962963,77.0,9.971509971509972,64.95726495726495,14.245014245014245,6,-29.567786069651532,12.731481481481662,Yas Island,2021,LAT
222.28774928774928,75.0,9.971509971509972,63.817663817663814,15.954415954415953,7,-34.48003040353813,12.731481481481376,Yas Island,2021,RUS
221.75354107648724,79.0,10.198300283286118,63.45609065155807,14.730878186968837,6,-31.22685185185229,13.888888888889186,Yas Island,2021,RAI
222.20679886685554,71.56,9.34844192634561,63.172804532577906,16.997167138810198,9,-31.72453703703751,11.574074074074149,Yas Island,2021,MSC
220.20448179271708,80.12,10.084033613445378,60.50420168067227,16.5266106442577,8,-31.018518518518494,12.731481481481376,Yas Island,2021,MAZ
226.9009584664537,76.12,9.26517571884984,66.45367412140575,14.696485623003195,7,-35.48090277777732,12.731481481481755,Yas Island,2023,VER
225.36513157894737,81.06,7.236842105263158,64.80263157894737,14.144736842105262,8,-31.74603174603202,11.111111111111152,Yas Island,2023,LEC
227.38834951456312,74.08,8.737864077669903,63.75404530744336,15.857605177993527,6,-31.74603174603202,12.731481481481376,Yas Island,2023,PIA
225.4723926380368,75.0,10.122699386503067,64.7239263803681,14.417177914110429,8,-33.4259259259257,12.675925925925945,Yas Island,2023,RUS
222.75079872204472,75.36,10.223642172523961,62.30031948881789,13.738019169329075,6,-35.370370370370175,13.020833333333323,Yas Island,2023,NOR
224.01315789473685,73.06,9.539473684210527,66.11842105263158,13.486842105263158,7,-34.65277777777731,12.152777777778033,Yas Island,2023,TSU
221.93770491803278,73.16,10.819672131147541,64.91803278688525,14.754098360655737,8,-31.90277777777734,12.50000000000026,Yas Island,2023,ALO
224.88673139158576,76.24,9.70873786407767,65.37216828478964,14.886731391585762,7,-30.75396825396813,11.904761904762008,Yas Island,2023,HUL
218.61111111111111,73.92,11.11111111111111,63.27160493827161,13.580246913580247,6,-29.493661301488938,13.63425925925905,Yas Island,2023,PER
224.44099378881987,73.63,9.627329192546584,66.14906832298136,12.732919254658384,6,-27.777777777777548,12.499999999999822,Yas Island,2023,GAS
225.4104938271605,74.69,9.5679012345679,65.4320987654321,13.580246913580247,7,-32.4074074074081,12.15277777777798,Yas Island,2023,HAM
223.9751552795031,76.21,10.248447204968944,65.21739130434783,16.459627329192546,9,-32.98611111111181,12.62626262626269,Yas Island,2023,OCO
223.95886075949366,72.45,11.075949367088606,66.13924050632912,15.50632911392405,8,-29.513888888889085,13.694444444444391,Yas Island,2023,STR
223.21779141104295,74.75,9.202453987730062,62.57668711656442,15.644171779141105,7,-35.87962962962933,12.500000000000044,Yas Island,2023,ALB
223.40243902439025,76.27,8.536585365853659,64.32926829268293,14.02439024390244,6,-28.76984126984115,12.50000000000021,Yas Island,2023,RIC
223.33544303797467,69.3,10.126582278481013,62.9746835443038,16.77215189873418,8,-30.75396825396813,12.478395061728246,Yas Island,2023,SAI
223.25714285714287,77.28,10.476190476190476,63.17460317460317,16.19047619047619,7,-37.01705855232832,12.731481481481376,Yas Island,2023,MAG
223.09615384615384,77.0,9.615384615384617,64.74358974358975,16.025641025641026,7,-29.513888888889518,11.904761904761857,Yas Island,2023,BOT
221.05345911949686,68.68,11.0062893081761,63.52201257861635,15.40880503144654,7,-34.72222222222228,13.730158730158687,Yas Island,2023,ZHO
221.89506172839506,74.23,10.802469135802468,63.580246913580254,16.666666666666664,8,-30.092592592592343,11.574074074074149,Yas Island,2023,SAR
228.103125,76.76,8.75,66.25,12.5,6,-33.02314814814794,12.968749999999972,Yas Island,2024,NOR
225.08832807570977,78.48,8.201892744479496,62.77602523659306,12.618296529968454,6,-37.52106929632527,12.152777777778038,Yas Island,2024,PIA
228.1086956521739,71.42,8.695652173913043,64.90683229813664,15.838509316770185,6,-41.66666666666694,12.500000000000044,Yas Island,2024,SAI
228.31746031746033,84.42,8.571428571428571,68.25396825396825,14.603174603174605,7,-36.45833333333331,13.004712301587286,Yas Island,2024,HUL
226.29595015576325,77.4,9.968847352024921,65.42056074766354,13.395638629283487,6,-36.65509259259275,13.559027777777619,Yas Island,2024,VER
228.43260188087774,77.0,8.150470219435736,66.77115987460816,13.479623824451412,7,-38.031705948372604,11.848544973544932,Yas Island,2024,GAS
227.5375,75.38,9.0625,67.1875,13.125,6,-31.250000000000668,13.227513227513315,Yas Island,2024,RUS
224.9353846153846,68.24,9.538461538461538,65.23076923076923,14.153846153846153,8,-32.118055555555884,13.531385923289921,Yas Island,2024,ALO
227.4984126984127,81.28,10.158730158730158,68.57142857142857,13.333333333333334,7,-33.56481481481503,15.625000000000334,Yas Island,2024,BOT
226.29663608562691,72.78,10.397553516819572,67.2782874617737,14.984709480122325,6,-39.93055555555463,12.896825396825344,Yas Island,2024,PER
224.05161290322582,73.27,9.67741935483871,65.16129032258064,14.838709677419354,7,-29.96772706316279,12.731481481481566,Yas Island,2024,TSU
223.46794871794873,75.22,8.974358974358974,66.34615384615384,13.782051282051283,6,-32.380952380952266,13.628472222221983,Yas Island,2024,LAW
223.23566878980893,72.13,9.872611464968154,64.01273885350318,16.24203821656051,8,-34.72222222222235,12.152777777777768,Yas Island,2024,STR
226.1614906832298,72.47,9.937888198757763,65.21739130434783,13.043478260869565,7,-35.41666666666654,12.345679012345698,Yas Island,2024,LEC
226.68729641693812,81.06,8.794788273615636,66.77524429967427,13.355048859934854,6,-26.858428030302438,12.731481481481557,Yas Island,2024,MAG
222.88364779874215,72.17,10.377358490566039,61.63522012578616,16.9811320754717,7,-29.671717171716846,12.731481481481566,Yas Island,2024,ALB
224.5485893416928,75.0,10.031347962382444,64.57680250783699,15.987460815047022,7,-30.381944444445097,12.500000000000266,Yas Island,2024,ZHO
225.02875399361022,71.6,10.543130990415335,64.21725239616613,16.293929712460063,7,-29.513888888889447,13.19444444444449,Yas Island,2024,HAM
225.71518987341773,75.15,9.49367088607595,60.75949367088608,14.556962025316455,6,-36.886047979798235,11.574074074074094,Yas Island,2024,COL
224.190625,75.95,9.6875,63.4375,16.25,8,-33.59722222222153,12.499999999999822,Yas Island,2024,DOO
230.79099678456592,75.1,9.003215434083602,67.20257234726688,13.504823151125404,7,-38.19444444444527,12.499999999999822,Yas Island,2025,VER
227.37620578778134,73.3,9.003215434083602,65.91639871382637,13.183279742765272,6,-38.888888888889724,12.500000000000266,Yas Island,2025,NOR
229.8846153846154,78.44,8.012820512820513,64.42307692307693,13.141025641025642,6,-30.555555555555667,12.62626262626269,Yas Island,2025,PIA
226.79677419354837,74.53999999999999,8.38709677419355,65.16129032258064,15.161290322580644,6,-34.72222222222296,12.500000000000231,Yas Island,2025,RUS
225.20700636942675,73.0,8.9171974522293,64.01273885350318,14.64968152866242,6,-34.72222222222194,12.731481481481755,Yas Island,2025,LEC
229.2530864197531,72.0,8.950617283950617,66.66666666666666,14.19753086419753,8,-38.76984126984129,12.731481481481,Yas Island,2025,ALO
228.47452229299364,73.65,8.9171974522293,67.51592356687898,14.012738853503185,7,-35.74074074074056,13.722222222222147,Yas Island,2025,BOR
226.34591194968553,72.51,8.80503144654088,64.46540880503144,16.352201257861633,7,-37.5000000000008,13.666666666666407,Yas Island,2025,OCO
228.68454258675078,70.16,9.46372239747634,67.50788643533123,13.880126182965299,6,-30.092592592593235,12.152777777777903,Yas Island,2025,HAD
227.07119741100323,73.24,10.032362459546926,66.01941747572816,13.268608414239482,7,-30.19965277777776,12.499999999999822,Yas Island,2025,TSU
227.03154574132492,74.16,10.410094637223976,66.5615141955836,14.826498422712934,8,-26.041666666667222,12.696759259258862,Yas Island,2025,BEA
225.47936507936507,71.56,9.206349206349207,62.53968253968254,14.603174603174605,6,-32.40740740740714,12.152777777778038,Yas Island,2025,SAI
225.70700636942675,73.26,9.235668789808917,66.56050955414013,11.464968152866243,6,-29.166666666667293,12.56281407035188,Yas Island,2025,LAW
230.55921052631578,79.06,8.223684210526317,65.78947368421053,14.144736842105262,8,-29.07045929018749,12.499999999999822,Yas Island,2025,ANT
227.99690402476782,68.66,10.21671826625387,65.94427244582043,13.622291021671826,7,-36.58134920634912,12.499999999999822,Yas Island,2025,STR
226.69230769230768,75.55,8.974358974358974,64.74358974358975,14.423076923076922,7,-28.33333333333343,12.449494949494785,Yas Island,2025,HAM
224.859477124183,69.05,9.477124183006536,64.70588235294117,14.052287581699346,7,-28.935185185184945,13.88888888888869,Yas Island,2025,ALB
224.8709677419355,78.27,9.35483870967742,65.16129032258064,16.7741935483871,8,-34.72222222222228,13.796296296296296,Yas Island,2025,HUL
227.1875,72.57,9.0625,65.0,15.312500000000002,6,-30.374999999999805,12.152777777777768,Yas Island,2025,GAS
225.030959752322,76.44,9.907120743034056,61.91950464396285,15.789473684210526,7,-35.59027777777775,12.100694444444432,Yas Island,2025,COL
221.55944055944056,111.85,2.097902097902098,62.93706293706294,14.685314685314685,9,-28.14814814814795,10.416666666666657,Zandvoort,2021,VER
221.1567944250871,108.86,2.4390243902439024,61.32404181184668,14.634146341463413,9,-27.777777777777807,12.731481481481376,Zandvoort,2021,HAM
220.10416666666666,109.48,2.7777777777777777,62.84722222222222,17.708333333333336,14,-33.888888888888815,11.574074074074064,Zandvoort,2021,BOT
219.46020761245674,111.28,3.1141868512110724,63.32179930795848,12.802768166089965,8,-24.305555555556076,12.731481481481376,Zandvoort,2021,GAS
219.52595155709344,106.88,2.768166089965398,61.93771626297578,16.608996539792386,11,-25.462962962962777,9.259259259259457,Zandvoort,2021,LEC
219.2941176470588,107.64,2.768166089965398,62.629757785467135,16.26297577854671,9,-27.118055555555376,11.622501162250078,Zandvoort,2021,SAI
219.3598615916955,105.88,4.498269896193772,59.515570934256054,18.685121107266436,10,-27.97453703703684,12.731481481481376,Zandvoort,2021,GIO
218.15172413793104,107.78,3.793103448275862,59.310344827586206,17.24137931034483,14,-30.092592592592343,12.731481481481755,Zandvoort,2021,OCO
218.36426116838487,107.6,2.7491408934707904,61.855670103092784,15.463917525773196,9,-26.747685185184963,12.731481481481376,Zandvoort,2021,ALO
218.2896551724138,108.89,3.793103448275862,58.620689655172406,13.448275862068964,10,-36.5672942817294,12.731481481481376,Zandvoort,2021,RIC
216.8566552901024,103.84,3.0716723549488054,60.40955631399317,17.747440273037544,9,-33.66898148148213,12.731481481481376,Zandvoort,2021,RUS
217.23549488054607,107.68,4.09556313993174,60.068259385665534,20.819112627986346,12,-34.93055555555556,10.97222222222219,Zandvoort,2021,STR
217.1326530612245,103.79,4.081632653061225,60.8843537414966,13.945578231292515,9,-29.398148148148152,11.574074074074005,Zandvoort,2021,NOR
217.74657534246575,104.82,4.10958904109589,57.1917808219178,18.15068493150685,9,-28.935185185184945,11.849139934914046,Zandvoort,2021,LAT
216.6075085324232,104.68,3.754266211604096,59.38566552901023,15.017064846416384,10,-24.618055555555372,11.574074074073978,Zandvoort,2021,TSU
216.17747440273038,105.84,5.1194539249146755,58.703071672354945,15.358361774744028,9,-29.03935185185181,10.520833333333497,Zandvoort,2021,PER
216.04421768707482,104.79,3.061224489795918,58.16326530612245,16.666666666666664,9,-31.25000000000003,11.57407407407432,Zandvoort,2021,VET
213.9158249158249,106.8,6.0606060606060606,56.22895622895623,16.4983164983165,13,-32.40740740740714,12.731481481481376,Zandvoort,2021,KUB
213.78040540540542,104.9,4.391891891891892,46.62162162162162,17.905405405405407,10,-25.46296296296299,11.57407407407416,Zandvoort,2021,MSC
212.27333333333334,101.99,6.0,56.99999999999999,18.0,12,-31.273148148148135,11.574074074073978,Zandvoort,2021,MAZ
216.3088803088803,101.74,6.94980694980695,59.07335907335908,17.374517374517374,9,-31.765046296296273,10.732323232323289,Zandvoort,2023,VER
216.57358490566037,99.0,6.037735849056604,57.35849056603774,15.849056603773585,10,-30.29899691358025,11.284722222222213,Zandvoort,2023,NOR
216.98863636363637,104.41,5.681818181818182,60.984848484848484,18.181818181818183,10,-18.51851851851843,12.500000000000266,Zandvoort,2023,RUS
212.4176245210728,100.4,7.2796934865900385,51.724137931034484,20.689655172413794,10,-33.33333333333338,13.020833333333323,Zandvoort,2023,ALB
211.82771535580525,102.66,8.239700374531834,58.052434456928836,18.726591760299627,10,-26.128472222221852,12.499999999999822,Zandvoort,2023,ALO
214.41666666666666,100.26,10.606060606060606,56.439393939393945,22.727272727272727,10,-31.94444444444399,12.226080246913748,Zandvoort,2023,SAI
212.00749063670412,101.32,7.490636704119851,56.55430711610487,18.352059925093634,9,-30.55555555555621,13.88888888888857,Zandvoort,2023,PER
213.69811320754718,101.64,6.415094339622642,53.20754716981132,16.60377358490566,8,-30.092592592593235,12.152777777777498,Zandvoort,2023,PIA
211.48014440433212,92.52,7.581227436823104,53.068592057761734,21.299638989169676,11,-30.303030303030116,12.428977272727485,Zandvoort,2023,LEC
200.2334494773519,94.86,13.588850174216027,46.34146341463415,24.738675958188153,10,-25.034722222222143,11.805555555555598,Zandvoort,2023,SAR
190.60689655172413,89.89,19.310344827586206,45.17241379310345,20.344827586206897,9,-27.098765432098784,12.152777777777768,Zandvoort,2023,STR
190.4983388704319,80.0,19.269102990033225,45.84717607973422,18.272425249169437,12,-23.814484126984144,12.499999999999822,Zandvoort,2023,GAS
190.5445205479452,79.91,18.835616438356166,46.57534246575342,16.43835616438356,9,-23.912037037036733,12.152777777777768,Zandvoort,2023,HAM
189.6086956521739,81.94,21.73913043478261,46.48829431438127,18.729096989966553,11,-22.202230639730463,11.57407407407432,Zandvoort,2023,TSU
191.45454545454547,84.92,19.865319865319865,49.494949494949495,19.865319865319865,12,-27.91666666666629,11.574074074074064,Zandvoort,2023,HUL
186.83223684210526,78.06,20.723684210526315,44.73684210526316,22.697368421052634,10,-20.819444444444155,11.904761904761857,Zandvoort,2023,ZHO
180.71844660194174,77.08,23.300970873786408,38.18770226537217,25.5663430420712,14,-23.43750000000001,12.458333333333174,Zandvoort,2023,OCO
186.57928802588998,83.0,20.711974110032365,44.983818770226534,23.300970873786408,11,-21.99074074074121,12.152777777778038,Zandvoort,2023,MAG
186.34967320261438,81.15,19.607843137254903,43.790849673202615,26.797385620915033,11,-18.752905108045226,11.574074074074149,Zandvoort,2023,BOT
183.51898734177215,76.45,23.417721518987342,43.67088607594937,18.9873417721519,10,-28.201388888888946,11.111111111111349,Zandvoort,2023,LAW
220.45525291828793,100.68,5.447470817120623,57.97665369649806,16.342412451361866,9,-30.55555555555621,11.862396204033265,Zandvoort,2024,NOR
219.00757575757575,97.89,6.8181818181818175,59.09090909090909,17.045454545454543,9,-29.513888888888946,11.904761904761857,Zandvoort,2024,VER
216.87739463601534,104.8,6.513409961685824,54.406130268199234,16.47509578544061,9,-28.76984126984115,11.111111111110954,Zandvoort,2024,PIA
217.33207547169812,100.64,7.9245283018867925,55.471698113207545,19.245283018867926,9,-31.78819444444442,13.263888888889063,Zandvoort,2024,RUS
214.29961089494162,99.0,11.284046692607005,59.53307392996109,17.509727626459142,10,-32.584730957372784,11.574074074073973,Zandvoort,2024,PER
218.51908396946564,98.22,8.015267175572518,54.961832061068705,17.557251908396946,13,-26.574074074074087,12.29166666666676,Zandvoort,2024,LEC
216.47955390334573,98.04,8.550185873605948,58.36431226765799,17.472118959107807,11,-30.45882936507934,12.499999999999822,Zandvoort,2024,ALO
215.69285714285715,95.79,8.214285714285714,59.285714285714285,16.785714285714285,10,-24.305555555555536,15.624999999999986,Zandvoort,2024,STR
213.0912408759124,101.73,8.394160583941606,55.1094890510949,16.05839416058394,9,-33.991708126037125,11.736111111111086,Zandvoort,2024,GAS
215.09893992932862,102.1,8.12720848056537,56.53710247349824,21.554770318021202,14,-27.317708333333364,13.888888888888834,Zandvoort,2024,SAI
217.36964980544747,100.24,6.614785992217899,56.03112840466926,20.233463035019454,10,-26.09626135569519,11.574074074074094,Zandvoort,2024,ALB
213.42348754448398,98.2,9.608540925266903,56.58362989323843,15.658362989323843,9,-36.23611111111108,11.90476190476216,Zandvoort,2024,HAM
214.5108695652174,99.0,7.246376811594203,57.608695652173914,17.753623188405797,9,-29.761904761904642,10.260141093474273,Zandvoort,2024,TSU
212.63703703703703,103.45,10.74074074074074,55.925925925925924,18.51851851851852,12,-34.2592592592591,12.152777777777768,Zandvoort,2024,HUL
213.54779411764707,101.42,9.558823529411764,53.67647058823529,18.38235294117647,9,-23.61111111111109,11.5740740740742,Zandvoort,2024,MAG
212.760147601476,99.4,9.96309963099631,55.71955719557196,18.081180811808117,9,-27.777777777777754,11.2546296296298,Zandvoort,2024,RIC
213.43065693430657,102.92,8.394160583941606,56.20437956204379,20.437956204379564,15,-26.218253968253943,12.731481481481376,Zandvoort,2024,OCO
213.15441176470588,101.13,8.088235294117647,57.720588235294116,21.323529411764707,12,-23.17720440105399,11.904761904761857,Zandvoort,2024,BOT
209.5523465703971,96.52,10.108303249097473,53.42960288808665,18.772563176895307,9,-29.25347222222222,11.111111111111152,Zandvoort,2024,ZHO
223.6743295019157,108.0,3.8314176245210727,58.620689655172406,14.559386973180077,9,-31.24999999999997,13.020833333333323,Zandvoort,2025,PIA
224.19540229885058,105.2,3.065134099616858,59.00383141762452,13.409961685823754,8,-31.635802469135815,13.88888888888869,Zandvoort,2025,NOR
220.69411764705882,100.08,5.490196078431373,61.568627450980394,16.862745098039216,8,-27.77777777777738,11.846064814814813,Zandvoort,2025,VER
220.26070038910507,107.56,7.003891050583658,58.36575875486382,16.342412451361866,9,-28.862847222222214,13.252314814814719,Zandvoort,2025,HAD
221.0867924528302,101.28,4.528301886792453,60.37735849056604,18.49056603773585,9,-38.11342592592578,12.152777777777768,Zandvoort,2025,RUS
222.19521912350598,104.0,2.788844621513944,60.95617529880478,18.326693227091635,10,-34.47751322751323,11.904761904761857,Zandvoort,2025,LEC
220.890625,106.2,2.734375,36.328125,20.3125,10,-29.236111111110816,11.111111111111152,Zandvoort,2025,HAM
222.5019305019305,104.16,3.861003861003861,60.231660231660236,18.91891891891892,10,-28.77314814814816,12.52604166666694,Zandvoort,2025,LAW
220.8984962406015,102.25,4.887218045112782,58.64661654135338,21.804511278195488,11,-33.611111111111384,12.56431535269699,Zandvoort,2025,SAI
219.80769230769232,105.18,5.769230769230769,61.53846153846154,15.769230769230768,9,-33.41269841269835,12.29861111111137,Zandvoort,2025,ALO
220.23684210526315,100.95,4.887218045112782,59.02255639097744,15.413533834586465,9,-37.833333333333336,12.152777777777498,Zandvoort,2025,ANT
221.16538461538462,108.67,3.4615384615384617,61.15384615384616,18.461538461538463,9,-27.74082809224321,12.500000000000266,Zandvoort,2025,TSU
219.35249042145594,101.6,8.045977011494253,60.53639846743295,19.54022988505747,9,-27.36111111111115,12.731481481481755,Zandvoort,2025,BOR
220.38257575757575,107.89,4.166666666666666,58.333333333333336,17.803030303030305,10,-25.932539682539918,11.111111111110954,Zandvoort,2025,GAS
218.14448669201522,101.86,6.844106463878327,54.752851711026615,20.912547528517113,11,-27.993551587301514,11.517361111110997,Zandvoort,2025,ALB
215.17424242424244,98.89,6.8181818181818175,53.03030303030303,16.28787878787879,8,-26.994598765432134,11.937499999999885,Zandvoort,2025,COL
218.0,102.75,5.434782608695652,57.971014492753625,19.92753623188406,10,-31.25000000000003,12.152777777777498,Zandvoort,2025,HUL
219.29323308270676,94.55,6.390977443609022,59.02255639097744,21.052631578947366,11,-27.037037037037393,12.896825396825344,Zandvoort,2025,OCO
216.8230769230769,106.59,3.8461538461538463,56.92307692307692,21.153846153846153,12,-28.935185185184945,11.904761904761857,Zandvoort,2025,BEA
